instruction,extension,isa_bases,evidence_kind,asm_occurrences,hdl_occurrences,core_hits,tests_hits,vendor_hits,sample_files
or,I,RV32;RV64,hdl,0,8723,6802,1584,337,utility/src/main/scala/utility/ClockGate.scala;utility/src/main/scala/utility/DataModuleTemplate.scala;utility/src/main/scala/utility/LFSR64.scala;utility/src/main/scala/utility/LogUtils.scala;utility/src/main/scala/utility/PipelineConnect.scala
and,I,RV32;RV64,hdl,0,3489,2517,792,179,utility/rocket-chip/hardfloat/hardfloat/src/main/scala/AddRecFN.scala;utility/rocket-chip/hardfloat/hardfloat/src/main/scala/primitives.scala;utility/rocket-chip/hardfloat/hardfloat/src/main/scala/rawFloatFromIN.scala;utility/src/main/scala/utility/ParallelMux.scala;utility/src/main/scala/utility/PriorityMuxGen.scala
add,I,RV32;RV64,asm;hdl,38,2812,2580,90,144,utility/rocket-chip/hardfloat/hardfloat/tests/src/FMATester.scala;utility/rocket-chip/scripts/debug_rom/debug_rom_nonzero.S;utility/rocket-chip/src/main/scala/tilelink/Bundles.scala;utility/rocket-chip/src/main/scala/tilelink/Monitor.scala;utility/src/main/scala/utility/HardwarePerfMonitor.scala
xor,I,RV32;RV64,hdl,0,826,785,0,41,utility/rocket-chip/src/main/scala/tilelink/AtomicAutomata.scala;utility/rocket-chip/src/main/scala/tilelink/Atomics.scala;utility/rocket-chip/src/main/scala/tilelink/Bundles.scala;utility/src/main/scala/utility/BitUtils.scala;utility/src/main/scala/utility/ParallelMux.scala
div,M,RV32;RV64,hdl,0,597,458,108,31,utility/rocket-chip/hardfloat/hardfloat/tests/src/FMATester.scala;utility/rocket-chip/src/main/scala/rocket/ALU.scala;utility/rocket-chip/src/main/scala/rocket/IDecode.scala;utility/rocket-chip/src/main/scala/rocket/RocketCore.scala;utility/rocket-chip/src/main/scala/system/RocketTestSuite.scala
max,Zbb,RV32;RV64,hdl,0,566,538,0,28,utility/rocket-chip/src/main/scala/diplomacy/AddressRange.scala;utility/rocket-chip/src/main/scala/rocket/IDecode.scala;utility/rocket-chip/src/main/scala/tilelink/Broadcast.scala;utility/rocket-chip/src/main/scala/tilelink/Bundles.scala;utility/rocket-chip/src/main/scala/tilelink/Fragmenter.scala
min,Zbb,RV32;RV64,hdl,0,548,520,0,28,utility/rocket-chip/src/main/scala/rocket/ALU.scala;utility/rocket-chip/src/main/scala/rocket/DCache.scala;utility/rocket-chip/src/main/scala/rocket/IDecode.scala;utility/rocket-chip/src/main/scala/tilelink/Bundles.scala;utility/rocket-chip/src/main/scala/tilelink/Fragmenter.scala
sra,I,RV32;RV64,hdl,0,535,507,0,28,utility/rocket-chip/src/main/scala/rocket/ABLU.scala;utility/rocket-chip/src/main/scala/rocket/ALU.scala;utility/rocket-chip/src/main/scala/rocket/IDecode.scala;utility/rocket-chip/src/main/scala/rocket/Instructions.scala;utility/rocket-chip/src/main/scala/system/RocketTestSuite.scala
mul,M,RV32;RV64,hdl,0,530,413,90,27,utility/rocket-chip/hardfloat/hardfloat/tests/src/FMATester.scala;utility/rocket-chip/src/main/scala/rocket/ALU.scala;utility/rocket-chip/src/main/scala/rocket/IDecode.scala;utility/rocket-chip/src/main/scala/rocket/RocketCore.scala;utility/rocket-chip/src/main/scala/system/RocketTestSuite.scala
sb,I,RV32;RV64,hdl,0,508,483,0,25,utility/rocket-chip/src/main/scala/devices/debug/SBA.scala;utility/rocket-chip/src/main/scala/rocket/Consts.scala;utility/rocket-chip/src/main/scala/rocket/IDecode.scala;utility/rocket-chip/src/main/scala/rocket/RocketCore.scala;utility/rocket-chip/src/main/scala/system/RocketTestSuite.scala
addi,I,RV32;RV64,hdl,0,497,471,0,26,utility/rocket-chip/src/main/scala/devices/debug/Debug.scala;utility/rocket-chip/src/main/scala/rocket/IDecode.scala;utility/rocket-chip/src/main/scala/rocket/Instructions.scala;utility/rocket-chip/src/main/scala/system/RocketTestSuite.scala;utility/rocket-chip/torture/generator/src/main/scala/SeqBranch.scala
jalr,I,RV32;RV64,asm;hdl,38,459,436,0,25,utility/rocket-chip/scripts/debug_rom/debug_rom.S;utility/rocket-chip/scripts/debug_rom/debug_rom_nonzero.S;utility/rocket-chip/src/main/scala/rocket/IDecode.scala;utility/rocket-chip/src/main/scala/rocket/RocketCore.scala;utility/rocket-chip/src/main/scala/system/RocketTestSuite.scala
minu,Zbb,RV32;RV64,hdl,0,483,458,0,25,utility/rocket-chip/src/main/scala/rocket/ALU.scala;utility/rocket-chip/src/main/scala/rocket/Consts.scala;utility/rocket-chip/src/main/scala/rocket/DCache.scala;utility/rocket-chip/src/main/scala/rocket/IDecode.scala;utility/rocket-chip/src/main/scala/tilelink/Bundles.scala
sd,I,RV32;RV64,hdl,0,480,467,0,13,utility/rocket-chip/src/main/scala/devices/debug/Debug.scala;utility/rocket-chip/src/main/scala/rocket/IDecode.scala;utility/rocket-chip/src/main/scala/rocket/Instructions.scala;utility/rocket-chip/src/main/scala/system/RocketTestSuite.scala;utility/rocket-chip/torture/generator/src/main/scala/SeqMem.scala
sw,I,RV32;RV64,asm;hdl,152,319,303,0,24,utility/rocket-chip/scripts/debug_rom/debug_rom.S;utility/rocket-chip/scripts/debug_rom/debug_rom_nonzero.S;utility/rocket-chip/src/main/scala/devices/debug/Debug.scala;utility/rocket-chip/src/main/scala/regmapper/RegFieldDesc.scala;utility/rocket-chip/src/main/scala/tilelink/RegisterRouter.scala
maxu,Zbb,RV32;RV64,hdl,0,463,439,0,24,utility/rocket-chip/src/main/scala/rocket/ALU.scala;utility/rocket-chip/src/main/scala/rocket/Consts.scala;utility/rocket-chip/src/main/scala/rocket/DCache.scala;utility/rocket-chip/src/main/scala/rocket/IDecode.scala;utility/rocket-chip/src/main/scala/tilelink/Bundles.scala
jal,I,RV32;RV64,asm;hdl,57,351,333,0,21,utility/rocket-chip/scripts/debug_rom/debug_rom.S;utility/rocket-chip/src/main/scala/devices/debug/Debug.scala;utility/rocket-chip/src/main/scala/rocket/IDecode.scala;utility/rocket-chip/src/main/scala/rocket/Instructions32.scala;utility/rocket-chip/src/main/scala/system/RocketTestSuite.scala
sub,I,RV32;RV64,hdl,0,408,387,0,21,utility/rocket-chip/src/main/scala/rocket/ALU.scala;utility/rocket-chip/src/main/scala/rocket/IDecode.scala;utility/rocket-chip/src/main/scala/rocket/Instructions.scala;utility/rocket-chip/src/main/scala/system/RocketTestSuite.scala;utility/rocket-chip/src/main/scala/tilelink/SRAM.scala
wfi,Sm,RV32;RV64,asm;hdl,19,382,372,0,11,utility/rocket-chip/src/main/scala/groundtest/TraceGen.scala;utility/rocket-chip/src/main/scala/rocket/IDecode.scala;utility/rocket-chip/src/main/scala/system/RocketTestSuite.scala;utility/rocket-chip/src/main/scala/tile/Interrupts.scala;utility/rocket-chip/src/main/scala/tile/RocketTile.scala
slt,I,RV32;RV64,hdl,0,363,344,0,19,utility/rocket-chip/src/main/scala/rocket/ABLU.scala;utility/rocket-chip/src/main/scala/rocket/ALU.scala;utility/rocket-chip/src/main/scala/rocket/IDecode.scala;utility/rocket-chip/src/main/scala/rocket/Instructions.scala;utility/rocket-chip/src/main/scala/system/RocketTestSuite.scala
beq,I,RV32;RV64,hdl,0,344,326,0,18,utility/rocket-chip/src/main/scala/rocket/ABLU.scala;utility/rocket-chip/src/main/scala/rocket/Frontend.scala;utility/rocket-chip/src/main/scala/rocket/IDecode.scala;utility/rocket-chip/src/main/scala/rocket/Instructions.scala;utility/rocket-chip/src/main/scala/system/RocketTestSuite.scala
mulh,M,RV32;RV64,hdl,0,344,326,0,18,utility/rocket-chip/src/main/scala/rocket/ALU.scala;utility/rocket-chip/src/main/scala/rocket/IDecode.scala;utility/rocket-chip/src/main/scala/rocket/Instructions.scala;utility/rocket-chip/src/main/scala/rocket/Multiplier.scala;utility/rocket-chip/src/main/scala/system/RocketTestSuite.scala
mulhsu,M,RV32;RV64,hdl,0,344,326,0,18,utility/rocket-chip/src/main/scala/rocket/ALU.scala;utility/rocket-chip/src/main/scala/rocket/IDecode.scala;utility/rocket-chip/src/main/scala/rocket/Instructions.scala;utility/rocket-chip/src/main/scala/rocket/Multiplier.scala;utility/rocket-chip/src/main/scala/system/RocketTestSuite.scala
mulhu,M,RV32;RV64,hdl,0,344,326,0,18,utility/rocket-chip/src/main/scala/rocket/ALU.scala;utility/rocket-chip/src/main/scala/rocket/IDecode.scala;utility/rocket-chip/src/main/scala/rocket/Instructions.scala;utility/rocket-chip/src/main/scala/rocket/Multiplier.scala;utility/rocket-chip/src/main/scala/system/RocketTestSuite.scala
sltu,I,RV32;RV64,hdl,0,344,326,0,18,utility/rocket-chip/src/main/scala/rocket/ABLU.scala;utility/rocket-chip/src/main/scala/rocket/ALU.scala;utility/rocket-chip/src/main/scala/rocket/IDecode.scala;utility/rocket-chip/src/main/scala/rocket/Instructions.scala;utility/rocket-chip/src/main/scala/system/RocketTestSuite.scala
rem,M,RV32;RV64,hdl,0,330,313,0,17,utility/rocket-chip/src/main/scala/rocket/ALU.scala;utility/rocket-chip/src/main/scala/rocket/IDecode.scala;utility/rocket-chip/src/main/scala/rocket/Instructions.scala;utility/rocket-chip/src/main/scala/rocket/Multiplier.scala;utility/rocket-chip/src/main/scala/system/RocketTestSuite.scala
slli,I,RV32;RV64,asm;hdl,19,308,293,0,16,utility/rocket-chip/src/main/scala/rocket/IDecode.scala;utility/rocket-chip/src/main/scala/rocket/Instructions.scala;utility/rocket-chip/src/main/scala/rocket/Instructions32.scala;utility/rocket-chip/src/main/scala/system/RocketTestSuite.scala;utility/rocket-chip/torture/generator/src/main/scala/Inst.scala
bge,I,RV32;RV64,hdl,0,325,308,0,17,utility/rocket-chip/src/main/scala/rocket/ABLU.scala;utility/rocket-chip/src/main/scala/rocket/IDecode.scala;utility/rocket-chip/src/main/scala/rocket/Instructions.scala;utility/rocket-chip/src/main/scala/system/RocketTestSuite.scala;utility/rocket-chip/torture/generator/src/main/scala/SeqBranch.scala
blt,I,RV32;RV64,hdl,0,325,308,0,17,utility/rocket-chip/src/main/scala/rocket/ABLU.scala;utility/rocket-chip/src/main/scala/rocket/IDecode.scala;utility/rocket-chip/src/main/scala/rocket/Instructions.scala;utility/rocket-chip/src/main/scala/system/RocketTestSuite.scala;utility/rocket-chip/torture/generator/src/main/scala/SeqBranch.scala
bne,I,RV32;RV64,hdl,0,325,308,0,17,utility/rocket-chip/src/main/scala/rocket/ABLU.scala;utility/rocket-chip/src/main/scala/rocket/IDecode.scala;utility/rocket-chip/src/main/scala/rocket/Instructions.scala;utility/rocket-chip/src/main/scala/system/RocketTestSuite.scala;utility/rocket-chip/torture/generator/src/main/scala/SeqBranch.scala
divu,M,RV32;RV64,hdl,0,325,308,0,17,utility/rocket-chip/src/main/scala/rocket/ALU.scala;utility/rocket-chip/src/main/scala/rocket/IDecode.scala;utility/rocket-chip/src/main/scala/rocket/Instructions.scala;utility/rocket-chip/src/main/scala/rocket/Multiplier.scala;utility/rocket-chip/src/main/scala/system/RocketTestSuite.scala
remu,M,RV32;RV64,hdl,0,325,308,0,17,utility/rocket-chip/src/main/scala/rocket/ALU.scala;utility/rocket-chip/src/main/scala/rocket/IDecode.scala;utility/rocket-chip/src/main/scala/rocket/Instructions.scala;utility/rocket-chip/src/main/scala/rocket/Multiplier.scala;utility/rocket-chip/src/main/scala/system/RocketTestSuite.scala
bclr,Zbs,RV32;RV64,hdl,0,308,292,0,16,huancun/Utility/rocket-chip/src/main/scala/rocket/IDecode.scala;utility/rocket-chip/src/main/scala/rocket/ABLU.scala;utility/rocket-chip/src/main/scala/rocket/ALU.scala;utility/rocket-chip/src/main/scala/rocket/IDecode.scala;utility/rocket-chip/src/main/scala/rocket/Instructions.scala
bgeu,I,RV32;RV64,hdl,0,306,290,0,16,utility/rocket-chip/src/main/scala/rocket/IDecode.scala;utility/rocket-chip/src/main/scala/rocket/Instructions.scala;utility/rocket-chip/src/main/scala/system/RocketTestSuite.scala;utility/rocket-chip/torture/generator/src/main/scala/Inst.scala;utility/rocket-chip/torture/generator/src/main/scala/SeqBranch.scala
bltu,I,RV32;RV64,hdl,0,306,290,0,16,utility/rocket-chip/src/main/scala/rocket/IDecode.scala;utility/rocket-chip/src/main/scala/rocket/Instructions.scala;utility/rocket-chip/src/main/scala/system/RocketTestSuite.scala;utility/rocket-chip/torture/generator/src/main/scala/Inst.scala;utility/rocket-chip/torture/generator/src/main/scala/SeqBranch.scala
srli,I,RV32;RV64,hdl,0,301,286,0,15,utility/rocket-chip/src/main/scala/rocket/IDecode.scala;utility/rocket-chip/src/main/scala/rocket/Instructions.scala;utility/rocket-chip/src/main/scala/rocket/Instructions32.scala;utility/rocket-chip/src/main/scala/system/RocketTestSuite.scala;utility/rocket-chip/torture/generator/src/main/scala/Inst.scala
ebreak,I,RV32;RV64,asm;hdl,19,274,260,0,15,utility/rocket-chip/scripts/debug_rom/debug_rom.S;utility/rocket-chip/src/main/scala/devices/debug/Debug.scala;utility/rocket-chip/src/main/scala/rocket/CSR.scala;utility/rocket-chip/src/main/scala/rocket/IDecode.scala;utility/rocket-chip/src/main/scala/rocket/Instructions.scala
srai,I,RV32;RV64,hdl,0,287,272,0,15,utility/rocket-chip/src/main/scala/rocket/IDecode.scala;utility/rocket-chip/src/main/scala/rocket/Instructions.scala;utility/rocket-chip/src/main/scala/rocket/Instructions32.scala;utility/rocket-chip/src/main/scala/system/RocketTestSuite.scala;utility/rocket-chip/torture/generator/src/main/scala/Inst.scala
andi,I,RV32;RV64,asm;hdl,76,207,197,0,14,utility/rocket-chip/scripts/debug_rom/debug_rom.S;utility/rocket-chip/scripts/debug_rom/debug_rom_nonzero.S;utility/rocket-chip/src/main/scala/rocket/IDecode.scala;utility/rocket-chip/src/main/scala/rocket/Instructions.scala;utility/rocket-chip/src/main/scala/system/RocketTestSuite.scala
lui,I,RV32;RV64,hdl,0,283,269,0,14,utility/rocket-chip/src/main/scala/rocket/IDecode.scala;utility/rocket-chip/src/main/scala/rocket/Instructions.scala;utility/rocket-chip/src/main/scala/system/RocketTestSuite.scala;utility/rocket-chip/torture/generator/src/main/scala/Inst.scala;utility/rocket-chip/torture/generator/src/main/scala/SeqVec.scala
lw,I,RV32;RV64,hdl,0,281,267,0,14,utility/rocket-chip/src/main/scala/devices/debug/Debug.scala;utility/rocket-chip/src/main/scala/rocket/IDecode.scala;utility/rocket-chip/src/main/scala/rocket/Instructions.scala;utility/rocket-chip/src/main/scala/system/RocketTestSuite.scala;utility/rocket-chip/torture/generator/src/main/scala/SeqMem.scala
ld,I,RV32;RV64,hdl,0,279,266,0,13,utility/rocket-chip/src/main/scala/devices/debug/Debug.scala;utility/rocket-chip/src/main/scala/rocket/IDecode.scala;utility/rocket-chip/src/main/scala/rocket/Instructions.scala;utility/rocket-chip/src/main/scala/system/RocketTestSuite.scala;utility/rocket-chip/torture/generator/src/main/scala/SeqMem.scala
fence,I,RV32;RV64,asm;hdl,38,235,223,0,14,utility/rocket-chip/scripts/debug_rom/debug_rom.S;utility/rocket-chip/scripts/debug_rom/debug_rom_nonzero.S;utility/rocket-chip/src/main/scala/rocket/DCache.scala;utility/rocket-chip/src/main/scala/rocket/IDecode.scala;utility/rocket-chip/src/main/scala/rocket/RocketCore.scala
ror,B,RV32;RV64,hdl,0,270,256,0,14,huancun/Utility/rocket-chip/src/main/scala/rocket/IDecode.scala;utility/rocket-chip/src/main/scala/rocket/ABLU.scala;utility/rocket-chip/src/main/scala/rocket/ALU.scala;utility/rocket-chip/src/main/scala/rocket/IDecode.scala;utility/rocket-chip/src/main/scala/rocket/Instructions.scala
rev8,B,RV32;RV64,hdl,0,268,254,0,14,utility/rocket-chip/src/main/scala/rocket/ABLU.scala;utility/rocket-chip/src/main/scala/rocket/ALU.scala;utility/rocket-chip/src/main/scala/rocket/IDecode.scala;utility/rocket-chip/src/main/scala/rocket/Instructions.scala;utility/rocket-chip/src/main/scala/rocket/Instructions32.scala
clz,Zbb,RV32;RV64,hdl,0,258,246,0,12,huancun/Utility/rocket-chip/src/main/scala/rocket/IDecode.scala;utility/rocket-chip/src/main/scala/rocket/ABLU.scala;utility/rocket-chip/src/main/scala/rocket/ALU.scala;utility/rocket-chip/src/main/scala/rocket/IDecode.scala;utility/rocket-chip/src/main/scala/rocket/Instructions.scala
csrrw,Zicsr,RV32;RV64,asm;hdl,76,178,169,0,13,utility/rocket-chip/scripts/debug_rom/debug_rom_nonzero.S;utility/rocket-chip/src/main/scala/devices/debug/Debug.scala;utility/rocket-chip/src/main/scala/rocket/IDecode.scala;utility/rocket-chip/src/main/scala/rocket/Instructions.scala;utility/rocket-chip/torture/env/v/entry.S
zext.h,Zbb,RV32;RV64,hdl,0,250,237,0,13,utility/rocket-chip/src/main/scala/rocket/ABLU.scala;utility/rocket-chip/src/main/scala/rocket/ALU.scala;utility/rocket-chip/src/main/scala/rocket/IDecode.scala;utility/rocket-chip/src/main/scala/rocket/Instructions.scala;utility/rocket-chip/src/main/scala/rocket/Instructions32.scala
ctz,Zbb,RV32;RV64,hdl,0,249,236,0,13,huancun/Utility/rocket-chip/src/main/scala/rocket/IDecode.scala;utility/rocket-chip/src/main/scala/rocket/ABLU.scala;utility/rocket-chip/src/main/scala/rocket/ALU.scala;utility/rocket-chip/src/main/scala/rocket/IDecode.scala;utility/rocket-chip/src/main/scala/rocket/Instructions.scala
lb,I,RV32;RV64,hdl,0,243,231,0,12,utility/rocket-chip/src/main/scala/rocket/IDecode.scala;utility/rocket-chip/src/main/scala/rocket/Instructions.scala;utility/rocket-chip/src/main/scala/rocket/RocketCore.scala;utility/rocket-chip/src/main/scala/system/RocketTestSuite.scala;utility/rocket-chip/torture/generator/src/main/scala/SeqMem.scala
lh,I,RV32;RV64,hdl,0,241,229,0,12,utility/rocket-chip/src/main/scala/rocket/IDecode.scala;utility/rocket-chip/src/main/scala/rocket/Instructions.scala;utility/rocket-chip/src/main/scala/rocket/RocketCore.scala;utility/rocket-chip/src/main/scala/system/RocketTestSuite.scala;utility/rocket-chip/torture/generator/src/main/scala/SeqMem.scala
addw,I,RV64,hdl,0,235,223,0,12,utility/rocket-chip/src/main/scala/devices/debug/Debug.scala;utility/rocket-chip/src/main/scala/rocket/ABLU.scala;utility/rocket-chip/src/main/scala/rocket/IDecode.scala;utility/rocket-chip/src/main/scala/rocket/Instructions.scala;utility/rocket-chip/src/main/scala/system/RocketTestSuite.scala
sll,I,RV32;RV64,hdl,0,233,221,0,12,utility/rocket-chip/src/main/scala/rocket/ALU.scala;utility/rocket-chip/src/main/scala/rocket/IDecode.scala;utility/rocket-chip/src/main/scala/rocket/Instructions.scala;utility/rocket-chip/src/main/scala/system/RocketTestSuite.scala;utility/rocket-chip/torture/generator/src/main/scala/SeqBranch.scala
binv,Zbs,RV32;RV64,hdl,0,231,219,0,12,huancun/Utility/rocket-chip/src/main/scala/rocket/IDecode.scala;utility/rocket-chip/src/main/scala/rocket/ABLU.scala;utility/rocket-chip/src/main/scala/rocket/ALU.scala;utility/rocket-chip/src/main/scala/rocket/IDecode.scala;utility/rocket-chip/src/main/scala/rocket/Instructions.scala
bset,Zbs,RV32;RV64,hdl,0,231,219,0,12,huancun/Utility/rocket-chip/src/main/scala/rocket/IDecode.scala;utility/rocket-chip/src/main/scala/rocket/ABLU.scala;utility/rocket-chip/src/main/scala/rocket/ALU.scala;utility/rocket-chip/src/main/scala/rocket/IDecode.scala;utility/rocket-chip/src/main/scala/rocket/Instructions.scala
fld,D,RV32;RV64,hdl,0,230,218,0,12,utility/rocket-chip/src/main/scala/rocket/IDecode.scala;utility/rocket-chip/src/main/scala/rocket/Instructions.scala;utility/rocket-chip/src/main/scala/tile/FPU.scala;utility/rocket-chip/torture/generator/src/main/scala/Inst.scala;utility/rocket-chip/torture/generator/src/main/scala/SeqFPMem.scala
fsd,D,RV32;RV64,hdl,0,230,218,0,12,utility/rocket-chip/src/main/scala/rocket/IDecode.scala;utility/rocket-chip/src/main/scala/rocket/Instructions.scala;utility/rocket-chip/src/main/scala/tile/FPU.scala;utility/rocket-chip/torture/generator/src/main/scala/Inst.scala;utility/rocket-chip/torture/generator/src/main/scala/SeqFPMem.scala
lbu,I,RV32;RV64,asm;hdl,38,192,182,0,12,utility/rocket-chip/scripts/debug_rom/debug_rom.S;utility/rocket-chip/scripts/debug_rom/debug_rom_nonzero.S;utility/rocket-chip/src/main/scala/rocket/IDecode.scala;utility/rocket-chip/src/main/scala/rocket/Instructions.scala;utility/rocket-chip/src/main/scala/system/RocketTestSuite.scala
addiw,I,RV64,hdl,0,220,209,0,11,utility/rocket-chip/src/main/scala/devices/debug/Debug.scala;utility/rocket-chip/src/main/scala/rocket/IDecode.scala;utility/rocket-chip/src/main/scala/rocket/Instructions.scala;utility/rocket-chip/src/main/scala/system/RocketTestSuite.scala;utility/rocket-chip/torture/generator/src/main/scala/Inst.scala
rol,B,RV32;RV64,hdl,0,214,203,0,11,huancun/Utility/rocket-chip/src/main/scala/rocket/IDecode.scala;utility/rocket-chip/src/main/scala/rocket/ABLU.scala;utility/rocket-chip/src/main/scala/rocket/ALU.scala;utility/rocket-chip/src/main/scala/rocket/IDecode.scala;utility/rocket-chip/src/main/scala/rocket/Instructions.scala
subw,I,RV64,hdl,0,213,202,0,11,utility/rocket-chip/src/main/scala/rocket/ABLU.scala;utility/rocket-chip/src/main/scala/rocket/IDecode.scala;utility/rocket-chip/src/main/scala/rocket/Instructions.scala;utility/rocket-chip/src/main/scala/system/RocketTestSuite.scala;utility/rocket-chip/torture/generator/src/main/scala/Inst.scala
bext,Zbs,RV32;RV64,hdl,0,212,201,0,11,huancun/Utility/rocket-chip/src/main/scala/rocket/IDecode.scala;utility/rocket-chip/src/main/scala/rocket/ABLU.scala;utility/rocket-chip/src/main/scala/rocket/ALU.scala;utility/rocket-chip/src/main/scala/rocket/IDecode.scala;utility/rocket-chip/src/main/scala/rocket/Instructions.scala
cpop,Zbb,RV32;RV64,hdl,0,211,200,0,11,huancun/Utility/rocket-chip/src/main/scala/rocket/IDecode.scala;utility/rocket-chip/src/main/scala/rocket/ABLU.scala;utility/rocket-chip/src/main/scala/rocket/ALU.scala;utility/rocket-chip/src/main/scala/rocket/IDecode.scala;utility/rocket-chip/src/main/scala/rocket/Instructions.scala
flw,F,RV32;RV64,hdl,0,211,200,0,11,utility/rocket-chip/src/main/scala/rocket/IDecode.scala;utility/rocket-chip/src/main/scala/rocket/Instructions.scala;utility/rocket-chip/src/main/scala/rocket/Instructions32.scala;utility/rocket-chip/src/main/scala/tile/FPU.scala;utility/rocket-chip/torture/generator/src/main/scala/SeqFPMem.scala
fsw,F,RV32;RV64,hdl,0,211,200,0,11,utility/rocket-chip/src/main/scala/rocket/IDecode.scala;utility/rocket-chip/src/main/scala/rocket/Instructions.scala;utility/rocket-chip/src/main/scala/rocket/Instructions32.scala;utility/rocket-chip/src/main/scala/tile/FPU.scala;utility/rocket-chip/torture/generator/src/main/scala/SeqFPMem.scala
sh,I,RV32;RV64,hdl,0,203,193,0,10,utility/rocket-chip/src/main/scala/rocket/IDecode.scala;utility/rocket-chip/src/main/scala/rocket/Instructions.scala;utility/rocket-chip/src/main/scala/system/RocketTestSuite.scala;utility/rocket-chip/torture/generator/src/main/scala/Inst.scala;utility/rocket-chip/torture/generator/src/main/scala/SeqMem.scala
fdiv.s,F,RV32;RV64,hdl,0,196,186,0,10,utility/rocket-chip/src/main/scala/rocket/IDecode.scala;utility/rocket-chip/src/main/scala/rocket/Instructions.scala;utility/rocket-chip/src/main/scala/tile/FPU.scala;utility/rocket-chip/torture/generator/src/main/scala/Inst.scala;utility/rocket-chip/torture/generator/src/main/scala/SeqFDiv.scala
fsqrt.s,F,RV32;RV64,hdl,0,196,186,0,10,utility/rocket-chip/src/main/scala/rocket/IDecode.scala;utility/rocket-chip/src/main/scala/rocket/Instructions.scala;utility/rocket-chip/src/main/scala/tile/FPU.scala;utility/rocket-chip/torture/generator/src/main/scala/Inst.scala;utility/rocket-chip/torture/generator/src/main/scala/SeqFDiv.scala
fadd.s,F,RV32;RV64,hdl,0,195,185,0,10,utility/rocket-chip/src/main/scala/rocket/IDecode.scala;utility/rocket-chip/src/main/scala/rocket/Instructions.scala;utility/rocket-chip/src/main/scala/tile/FPU.scala;utility/rocket-chip/torture/generator/src/main/scala/Inst.scala;utility/rocket-chip/torture/generator/src/main/scala/SeqFPU.scala
fcvt.d.s,D,RV32;RV64,hdl,0,195,185,0,10,utility/rocket-chip/src/main/scala/rocket/IDecode.scala;utility/rocket-chip/src/main/scala/rocket/Instructions.scala;utility/rocket-chip/src/main/scala/tile/FPU.scala;utility/rocket-chip/torture/generator/src/main/scala/Inst.scala;utility/rocket-chip/torture/generator/src/main/scala/SeqFaX.scala
fcvt.l.s,F,RV64,hdl,0,195,185,0,10,utility/rocket-chip/src/main/scala/rocket/IDecode.scala;utility/rocket-chip/src/main/scala/rocket/Instructions.scala;utility/rocket-chip/src/main/scala/tile/FPU.scala;utility/rocket-chip/torture/generator/src/main/scala/Inst.scala;utility/rocket-chip/torture/generator/src/main/scala/SeqFaX.scala
fcvt.lu.s,F,RV64,hdl,0,195,185,0,10,utility/rocket-chip/src/main/scala/rocket/IDecode.scala;utility/rocket-chip/src/main/scala/rocket/Instructions.scala;utility/rocket-chip/src/main/scala/tile/FPU.scala;utility/rocket-chip/torture/generator/src/main/scala/Inst.scala;utility/rocket-chip/torture/generator/src/main/scala/SeqFaX.scala
fcvt.s.d,D,RV32;RV64,hdl,0,195,185,0,10,utility/rocket-chip/src/main/scala/rocket/IDecode.scala;utility/rocket-chip/src/main/scala/rocket/Instructions.scala;utility/rocket-chip/src/main/scala/tile/FPU.scala;utility/rocket-chip/torture/generator/src/main/scala/Inst.scala;utility/rocket-chip/torture/generator/src/main/scala/SeqFaX.scala
fcvt.w.d,D,RV32;RV64,hdl,0,195,185,0,10,utility/rocket-chip/src/main/scala/rocket/IDecode.scala;utility/rocket-chip/src/main/scala/rocket/Instructions.scala;utility/rocket-chip/src/main/scala/tile/FPU.scala;utility/rocket-chip/torture/generator/src/main/scala/Inst.scala;utility/rocket-chip/torture/generator/src/main/scala/SeqFaX.scala
fcvt.w.s,F,RV32;RV64,hdl,0,195,185,0,10,utility/rocket-chip/src/main/scala/rocket/IDecode.scala;utility/rocket-chip/src/main/scala/rocket/Instructions.scala;utility/rocket-chip/src/main/scala/tile/FPU.scala;utility/rocket-chip/torture/generator/src/main/scala/Inst.scala;utility/rocket-chip/torture/generator/src/main/scala/SeqFaX.scala
fcvt.wu.d,D,RV32;RV64,hdl,0,195,185,0,10,utility/rocket-chip/src/main/scala/rocket/IDecode.scala;utility/rocket-chip/src/main/scala/rocket/Instructions.scala;utility/rocket-chip/src/main/scala/tile/FPU.scala;utility/rocket-chip/torture/generator/src/main/scala/Inst.scala;utility/rocket-chip/torture/generator/src/main/scala/SeqFaX.scala
fcvt.wu.s,F,RV32;RV64,hdl,0,195,185,0,10,utility/rocket-chip/src/main/scala/rocket/IDecode.scala;utility/rocket-chip/src/main/scala/rocket/Instructions.scala;utility/rocket-chip/src/main/scala/tile/FPU.scala;utility/rocket-chip/torture/generator/src/main/scala/Inst.scala;utility/rocket-chip/torture/generator/src/main/scala/SeqFaX.scala
fdiv.d,D,RV32;RV64,hdl,0,195,185,0,10,utility/rocket-chip/src/main/scala/rocket/IDecode.scala;utility/rocket-chip/src/main/scala/rocket/Instructions.scala;utility/rocket-chip/src/main/scala/tile/FPU.scala;utility/rocket-chip/torture/generator/src/main/scala/Inst.scala;utility/rocket-chip/torture/generator/src/main/scala/SeqFDiv.scala
fsqrt.d,D,RV32;RV64,hdl,0,195,185,0,10,utility/rocket-chip/src/main/scala/rocket/IDecode.scala;utility/rocket-chip/src/main/scala/rocket/Instructions.scala;utility/rocket-chip/src/main/scala/tile/FPU.scala;utility/rocket-chip/torture/generator/src/main/scala/Inst.scala;utility/rocket-chip/torture/generator/src/main/scala/SeqFDiv.scala
fsub.s,F,RV32;RV64,hdl,0,195,185,0,10,utility/rocket-chip/src/main/scala/rocket/IDecode.scala;utility/rocket-chip/src/main/scala/rocket/Instructions.scala;utility/rocket-chip/src/main/scala/tile/FPU.scala;utility/rocket-chip/torture/generator/src/main/scala/Inst.scala;utility/rocket-chip/torture/generator/src/main/scala/SeqFPU.scala
fadd.d,D,RV32;RV64,hdl,0,194,184,0,10,utility/rocket-chip/src/main/scala/rocket/IDecode.scala;utility/rocket-chip/src/main/scala/rocket/Instructions.scala;utility/rocket-chip/src/main/scala/tile/FPU.scala;utility/rocket-chip/torture/generator/src/main/scala/Inst.scala;utility/rocket-chip/torture/generator/src/main/scala/SeqFPU.scala
fcvt.d.w,D,RV32;RV64,hdl,0,194,184,0,10,utility/rocket-chip/src/main/scala/rocket/IDecode.scala;utility/rocket-chip/src/main/scala/rocket/Instructions.scala;utility/rocket-chip/src/main/scala/tile/FPU.scala;utility/rocket-chip/torture/generator/src/main/scala/Inst.scala;utility/rocket-chip/torture/generator/src/main/scala/SeqFaX.scala
fcvt.d.wu,D,RV32;RV64,hdl,0,194,184,0,10,utility/rocket-chip/src/main/scala/rocket/IDecode.scala;utility/rocket-chip/src/main/scala/rocket/Instructions.scala;utility/rocket-chip/src/main/scala/tile/FPU.scala;utility/rocket-chip/torture/generator/src/main/scala/Inst.scala;utility/rocket-chip/torture/generator/src/main/scala/SeqFaX.scala
fcvt.l.d,D,RV64,hdl,0,194,184,0,10,utility/rocket-chip/src/main/scala/rocket/IDecode.scala;utility/rocket-chip/src/main/scala/rocket/Instructions.scala;utility/rocket-chip/src/main/scala/tile/FPU.scala;utility/rocket-chip/torture/generator/src/main/scala/Inst.scala;utility/rocket-chip/torture/generator/src/main/scala/SeqFaX.scala
fcvt.lu.d,D,RV64,hdl,0,194,184,0,10,utility/rocket-chip/src/main/scala/rocket/IDecode.scala;utility/rocket-chip/src/main/scala/rocket/Instructions.scala;utility/rocket-chip/src/main/scala/tile/FPU.scala;utility/rocket-chip/torture/generator/src/main/scala/Inst.scala;utility/rocket-chip/torture/generator/src/main/scala/SeqFaX.scala
fcvt.s.l,F,RV64,hdl,0,194,184,0,10,utility/rocket-chip/src/main/scala/rocket/IDecode.scala;utility/rocket-chip/src/main/scala/rocket/Instructions.scala;utility/rocket-chip/src/main/scala/tile/FPU.scala;utility/rocket-chip/torture/generator/src/main/scala/Inst.scala;utility/rocket-chip/torture/generator/src/main/scala/SeqFaX.scala
fcvt.s.lu,F,RV64,hdl,0,194,184,0,10,utility/rocket-chip/src/main/scala/rocket/IDecode.scala;utility/rocket-chip/src/main/scala/rocket/Instructions.scala;utility/rocket-chip/src/main/scala/tile/FPU.scala;utility/rocket-chip/torture/generator/src/main/scala/Inst.scala;utility/rocket-chip/torture/generator/src/main/scala/SeqFaX.scala
fcvt.s.w,F,RV32;RV64,hdl,0,194,184,0,10,utility/rocket-chip/src/main/scala/rocket/IDecode.scala;utility/rocket-chip/src/main/scala/rocket/Instructions.scala;utility/rocket-chip/src/main/scala/tile/FPU.scala;utility/rocket-chip/torture/generator/src/main/scala/Inst.scala;utility/rocket-chip/torture/generator/src/main/scala/SeqFaX.scala
fcvt.s.wu,F,RV32;RV64,hdl,0,194,184,0,10,utility/rocket-chip/src/main/scala/rocket/IDecode.scala;utility/rocket-chip/src/main/scala/rocket/Instructions.scala;utility/rocket-chip/src/main/scala/tile/FPU.scala;utility/rocket-chip/torture/generator/src/main/scala/Inst.scala;utility/rocket-chip/torture/generator/src/main/scala/SeqFaX.scala
feq.s,F,RV32;RV64,hdl,0,194,184,0,10,utility/rocket-chip/src/main/scala/rocket/IDecode.scala;utility/rocket-chip/src/main/scala/rocket/Instructions.scala;utility/rocket-chip/src/main/scala/tile/FPU.scala;utility/rocket-chip/torture/generator/src/main/scala/Inst.scala;utility/rocket-chip/torture/generator/src/main/scala/SeqFaX.scala
fle.s,F,RV32;RV64,hdl,0,194,184,0,10,utility/rocket-chip/src/main/scala/rocket/IDecode.scala;utility/rocket-chip/src/main/scala/rocket/Instructions.scala;utility/rocket-chip/src/main/scala/tile/FPU.scala;utility/rocket-chip/torture/generator/src/main/scala/Inst.scala;utility/rocket-chip/torture/generator/src/main/scala/SeqFaX.scala
flt.s,F,RV32;RV64,hdl,0,194,184,0,10,utility/rocket-chip/src/main/scala/rocket/IDecode.scala;utility/rocket-chip/src/main/scala/rocket/Instructions.scala;utility/rocket-chip/src/main/scala/tile/FPU.scala;utility/rocket-chip/torture/generator/src/main/scala/Inst.scala;utility/rocket-chip/torture/generator/src/main/scala/SeqFaX.scala
fmadd.s,F,RV32;RV64,hdl,0,194,184,0,10,utility/rocket-chip/src/main/scala/rocket/IDecode.scala;utility/rocket-chip/src/main/scala/rocket/Instructions.scala;utility/rocket-chip/src/main/scala/tile/FPU.scala;utility/rocket-chip/torture/generator/src/main/scala/Inst.scala;utility/rocket-chip/torture/generator/src/main/scala/SeqFPU.scala
fmax.s,F,RV32;RV64,hdl,0,194,184,0,10,utility/rocket-chip/src/main/scala/rocket/IDecode.scala;utility/rocket-chip/src/main/scala/rocket/Instructions.scala;utility/rocket-chip/src/main/scala/tile/FPU.scala;utility/rocket-chip/torture/generator/src/main/scala/Inst.scala;utility/rocket-chip/torture/generator/src/main/scala/SeqFPU.scala
fmin.s,F,RV32;RV64,hdl,0,194,184,0,10,utility/rocket-chip/src/main/scala/rocket/IDecode.scala;utility/rocket-chip/src/main/scala/rocket/Instructions.scala;utility/rocket-chip/src/main/scala/tile/FPU.scala;utility/rocket-chip/torture/generator/src/main/scala/Inst.scala;utility/rocket-chip/torture/generator/src/main/scala/SeqFPU.scala
fmsub.s,F,RV32;RV64,hdl,0,194,184,0,10,utility/rocket-chip/src/main/scala/rocket/IDecode.scala;utility/rocket-chip/src/main/scala/rocket/Instructions.scala;utility/rocket-chip/src/main/scala/tile/FPU.scala;utility/rocket-chip/torture/generator/src/main/scala/Inst.scala;utility/rocket-chip/torture/generator/src/main/scala/SeqFPU.scala
fmul.s,F,RV32;RV64,hdl,0,194,184,0,10,utility/rocket-chip/src/main/scala/rocket/IDecode.scala;utility/rocket-chip/src/main/scala/rocket/Instructions.scala;utility/rocket-chip/src/main/scala/tile/FPU.scala;utility/rocket-chip/torture/generator/src/main/scala/Inst.scala;utility/rocket-chip/torture/generator/src/main/scala/SeqFPU.scala
fnmadd.s,F,RV32;RV64,hdl,0,194,184,0,10,utility/rocket-chip/src/main/scala/rocket/IDecode.scala;utility/rocket-chip/src/main/scala/rocket/Instructions.scala;utility/rocket-chip/src/main/scala/tile/FPU.scala;utility/rocket-chip/torture/generator/src/main/scala/Inst.scala;utility/rocket-chip/torture/generator/src/main/scala/SeqFPU.scala
fnmsub.s,F,RV32;RV64,hdl,0,194,184,0,10,utility/rocket-chip/src/main/scala/rocket/IDecode.scala;utility/rocket-chip/src/main/scala/rocket/Instructions.scala;utility/rocket-chip/src/main/scala/tile/FPU.scala;utility/rocket-chip/torture/generator/src/main/scala/Inst.scala;utility/rocket-chip/torture/generator/src/main/scala/SeqFPU.scala
fsgnj.s,F,RV32;RV64,hdl,0,194,184,0,10,utility/rocket-chip/src/main/scala/rocket/IDecode.scala;utility/rocket-chip/src/main/scala/rocket/Instructions.scala;utility/rocket-chip/src/main/scala/tile/FPU.scala;utility/rocket-chip/torture/generator/src/main/scala/Inst.scala;utility/rocket-chip/torture/generator/src/main/scala/SeqFaX.scala
fsgnjn.s,F,RV32;RV64,hdl,0,194,184,0,10,utility/rocket-chip/src/main/scala/rocket/IDecode.scala;utility/rocket-chip/src/main/scala/rocket/Instructions.scala;utility/rocket-chip/src/main/scala/tile/FPU.scala;utility/rocket-chip/torture/generator/src/main/scala/Inst.scala;utility/rocket-chip/torture/generator/src/main/scala/SeqFaX.scala
fsgnjx.s,F,RV32;RV64,hdl,0,194,184,0,10,utility/rocket-chip/src/main/scala/rocket/IDecode.scala;utility/rocket-chip/src/main/scala/rocket/Instructions.scala;utility/rocket-chip/src/main/scala/tile/FPU.scala;utility/rocket-chip/torture/generator/src/main/scala/Inst.scala;utility/rocket-chip/torture/generator/src/main/scala/SeqFaX.scala
fsub.d,D,RV32;RV64,hdl,0,194,184,0,10,utility/rocket-chip/src/main/scala/rocket/IDecode.scala;utility/rocket-chip/src/main/scala/rocket/Instructions.scala;utility/rocket-chip/src/main/scala/tile/FPU.scala;utility/rocket-chip/torture/generator/src/main/scala/Inst.scala;utility/rocket-chip/torture/generator/src/main/scala/SeqFPU.scala
slli.uw,Zba,RV64,hdl,0,194,184,0,10,huancun/Utility/rocket-chip/src/main/scala/rocket/IDecode.scala;utility/rocket-chip/src/main/scala/rocket/ABLU.scala;utility/rocket-chip/src/main/scala/rocket/ALU.scala;utility/rocket-chip/src/main/scala/rocket/IDecode.scala;utility/rocket-chip/src/main/scala/rocket/Instructions.scala
srl,I,RV32;RV64,hdl,0,194,184,0,10,utility/rocket-chip/src/main/scala/rocket/ALU.scala;utility/rocket-chip/src/main/scala/rocket/IDecode.scala;utility/rocket-chip/src/main/scala/rocket/Instructions.scala;utility/rocket-chip/src/main/scala/system/RocketTestSuite.scala;utility/rocket-chip/torture/generator/src/main/scala/Inst.scala
fcvt.d.l,D,RV64,hdl,0,193,183,0,10,utility/rocket-chip/src/main/scala/rocket/IDecode.scala;utility/rocket-chip/src/main/scala/rocket/Instructions.scala;utility/rocket-chip/src/main/scala/tile/FPU.scala;utility/rocket-chip/torture/generator/src/main/scala/Inst.scala;utility/rocket-chip/torture/generator/src/main/scala/SeqFaX.scala
fcvt.d.lu,D,RV64,hdl,0,193,183,0,10,utility/rocket-chip/src/main/scala/rocket/IDecode.scala;utility/rocket-chip/src/main/scala/rocket/Instructions.scala;utility/rocket-chip/src/main/scala/tile/FPU.scala;utility/rocket-chip/torture/generator/src/main/scala/Inst.scala;utility/rocket-chip/torture/generator/src/main/scala/SeqFaX.scala
feq.d,D,RV32;RV64,hdl,0,193,183,0,10,utility/rocket-chip/src/main/scala/rocket/IDecode.scala;utility/rocket-chip/src/main/scala/rocket/Instructions.scala;utility/rocket-chip/src/main/scala/tile/FPU.scala;utility/rocket-chip/torture/generator/src/main/scala/Inst.scala;utility/rocket-chip/torture/generator/src/main/scala/SeqFaX.scala
fle.d,D,RV32;RV64,hdl,0,193,183,0,10,utility/rocket-chip/src/main/scala/rocket/IDecode.scala;utility/rocket-chip/src/main/scala/rocket/Instructions.scala;utility/rocket-chip/src/main/scala/tile/FPU.scala;utility/rocket-chip/torture/generator/src/main/scala/Inst.scala;utility/rocket-chip/torture/generator/src/main/scala/SeqFaX.scala
flt.d,D,RV32;RV64,hdl,0,193,183,0,10,utility/rocket-chip/src/main/scala/rocket/IDecode.scala;utility/rocket-chip/src/main/scala/rocket/Instructions.scala;utility/rocket-chip/src/main/scala/tile/FPU.scala;utility/rocket-chip/torture/generator/src/main/scala/Inst.scala;utility/rocket-chip/torture/generator/src/main/scala/SeqFaX.scala
fmadd.d,D,RV32;RV64,hdl,0,193,183,0,10,utility/rocket-chip/src/main/scala/rocket/IDecode.scala;utility/rocket-chip/src/main/scala/rocket/Instructions.scala;utility/rocket-chip/src/main/scala/tile/FPU.scala;utility/rocket-chip/torture/generator/src/main/scala/Inst.scala;utility/rocket-chip/torture/generator/src/main/scala/SeqFPU.scala
fmax.d,D,RV32;RV64,hdl,0,193,183,0,10,utility/rocket-chip/src/main/scala/rocket/IDecode.scala;utility/rocket-chip/src/main/scala/rocket/Instructions.scala;utility/rocket-chip/src/main/scala/tile/FPU.scala;utility/rocket-chip/torture/generator/src/main/scala/Inst.scala;utility/rocket-chip/torture/generator/src/main/scala/SeqFPU.scala
fmin.d,D,RV32;RV64,hdl,0,193,183,0,10,utility/rocket-chip/src/main/scala/rocket/IDecode.scala;utility/rocket-chip/src/main/scala/rocket/Instructions.scala;utility/rocket-chip/src/main/scala/tile/FPU.scala;utility/rocket-chip/torture/generator/src/main/scala/Inst.scala;utility/rocket-chip/torture/generator/src/main/scala/SeqFPU.scala
fmsub.d,D,RV32;RV64,hdl,0,193,183,0,10,utility/rocket-chip/src/main/scala/rocket/IDecode.scala;utility/rocket-chip/src/main/scala/rocket/Instructions.scala;utility/rocket-chip/src/main/scala/tile/FPU.scala;utility/rocket-chip/torture/generator/src/main/scala/Inst.scala;utility/rocket-chip/torture/generator/src/main/scala/SeqFPU.scala
fmul.d,D,RV32;RV64,hdl,0,193,183,0,10,utility/rocket-chip/src/main/scala/rocket/IDecode.scala;utility/rocket-chip/src/main/scala/rocket/Instructions.scala;utility/rocket-chip/src/main/scala/tile/FPU.scala;utility/rocket-chip/torture/generator/src/main/scala/Inst.scala;utility/rocket-chip/torture/generator/src/main/scala/SeqFPU.scala
fnmadd.d,D,RV32;RV64,hdl,0,193,183,0,10,utility/rocket-chip/src/main/scala/rocket/IDecode.scala;utility/rocket-chip/src/main/scala/rocket/Instructions.scala;utility/rocket-chip/src/main/scala/tile/FPU.scala;utility/rocket-chip/torture/generator/src/main/scala/Inst.scala;utility/rocket-chip/torture/generator/src/main/scala/SeqFPU.scala
fnmsub.d,D,RV32;RV64,hdl,0,193,183,0,10,utility/rocket-chip/src/main/scala/rocket/IDecode.scala;utility/rocket-chip/src/main/scala/rocket/Instructions.scala;utility/rocket-chip/src/main/scala/tile/FPU.scala;utility/rocket-chip/torture/generator/src/main/scala/Inst.scala;utility/rocket-chip/torture/generator/src/main/scala/SeqFPU.scala
pack,Zbkb,RV32;RV64,hdl,0,193,183,0,10,huancun/Utility/rocket-chip/src/main/scala/rocket/IDecode.scala;utility/rocket-chip/src/main/scala/rocket/ABLU.scala;utility/rocket-chip/src/main/scala/rocket/ALU.scala;utility/rocket-chip/src/main/scala/rocket/IDecode.scala;utility/rocket-chip/src/main/scala/rocket/Instructions.scala
andn,B,RV32;RV64,hdl,0,192,182,0,10,huancun/Utility/rocket-chip/src/main/scala/rocket/IDecode.scala;utility/rocket-chip/src/main/scala/rocket/ABLU.scala;utility/rocket-chip/src/main/scala/rocket/ALU.scala;utility/rocket-chip/src/main/scala/rocket/IDecode.scala;utility/rocket-chip/src/main/scala/rocket/Instructions.scala
fmv.d.x,D,RV64,hdl,0,192,182,0,10,utility/rocket-chip/src/main/scala/rocket/IDecode.scala;utility/rocket-chip/src/main/scala/rocket/Instructions.scala;utility/rocket-chip/src/main/scala/tile/FPU.scala;utility/rocket-chip/torture/generator/src/main/scala/Inst.scala;utility/rocket-chip/torture/generator/src/main/scala/SeqFaX.scala
fmv.x.d,D,RV64,hdl,0,192,182,0,10,utility/rocket-chip/src/main/scala/rocket/IDecode.scala;utility/rocket-chip/src/main/scala/rocket/Instructions.scala;utility/rocket-chip/src/main/scala/tile/FPU.scala;utility/rocket-chip/torture/generator/src/main/scala/Inst.scala;utility/rocket-chip/torture/generator/src/main/scala/SeqFaX.scala
fsgnj.d,D,RV32;RV64,hdl,0,192,182,0,10,utility/rocket-chip/src/main/scala/rocket/IDecode.scala;utility/rocket-chip/src/main/scala/rocket/Instructions.scala;utility/rocket-chip/src/main/scala/tile/FPU.scala;utility/rocket-chip/torture/generator/src/main/scala/Inst.scala;utility/rocket-chip/torture/generator/src/main/scala/SeqFaX.scala
fsgnjn.d,D,RV32;RV64,hdl,0,192,182,0,10,utility/rocket-chip/src/main/scala/rocket/IDecode.scala;utility/rocket-chip/src/main/scala/rocket/Instructions.scala;utility/rocket-chip/src/main/scala/tile/FPU.scala;utility/rocket-chip/torture/generator/src/main/scala/Inst.scala;utility/rocket-chip/torture/generator/src/main/scala/SeqFaX.scala
fsgnjx.d,D,RV32;RV64,hdl,0,192,182,0,10,utility/rocket-chip/src/main/scala/rocket/IDecode.scala;utility/rocket-chip/src/main/scala/rocket/Instructions.scala;utility/rocket-chip/src/main/scala/tile/FPU.scala;utility/rocket-chip/torture/generator/src/main/scala/Inst.scala;utility/rocket-chip/torture/generator/src/main/scala/SeqFaX.scala
lhu,I,RV32;RV64,hdl,0,192,182,0,10,utility/rocket-chip/src/main/scala/rocket/IDecode.scala;utility/rocket-chip/src/main/scala/rocket/Instructions.scala;utility/rocket-chip/src/main/scala/system/RocketTestSuite.scala;utility/rocket-chip/torture/generator/src/main/scala/Inst.scala;utility/rocket-chip/torture/generator/src/main/scala/SeqMem.scala
lwu,I,RV64,hdl,0,192,182,0,10,utility/rocket-chip/src/main/scala/rocket/IDecode.scala;utility/rocket-chip/src/main/scala/rocket/Instructions.scala;utility/rocket-chip/src/main/scala/system/RocketTestSuite.scala;utility/rocket-chip/torture/generator/src/main/scala/Inst.scala;utility/rocket-chip/torture/generator/src/main/scala/SeqMem.scala
orn,B,RV32;RV64,hdl,0,192,182,0,10,huancun/Utility/rocket-chip/src/main/scala/rocket/IDecode.scala;utility/rocket-chip/src/main/scala/rocket/ABLU.scala;utility/rocket-chip/src/main/scala/rocket/ALU.scala;utility/rocket-chip/src/main/scala/rocket/IDecode.scala;utility/rocket-chip/src/main/scala/rocket/Instructions.scala
xnor,B,RV32;RV64,hdl,0,192,182,0,10,huancun/Utility/rocket-chip/src/main/scala/rocket/IDecode.scala;utility/rocket-chip/src/main/scala/rocket/ABLU.scala;utility/rocket-chip/src/main/scala/rocket/ALU.scala;utility/rocket-chip/src/main/scala/rocket/IDecode.scala;utility/rocket-chip/src/main/scala/rocket/Instructions.scala
zip,Zbkb,RV32,hdl,0,190,180,0,10,huancun/Utility/rocket-chip/src/main/scala/rocket/IDecode.scala;utility/rocket-chip/src/main/scala/rocket/ABLU.scala;utility/rocket-chip/src/main/scala/rocket/ALU.scala;utility/rocket-chip/src/main/scala/rocket/IDecode.scala;utility/rocket-chip/src/main/scala/rocket/Instructions32.scala
slliw,I,RV64,hdl,0,177,168,0,9,utility/rocket-chip/src/main/scala/rocket/IDecode.scala;utility/rocket-chip/src/main/scala/rocket/Instructions.scala;utility/rocket-chip/src/main/scala/system/RocketTestSuite.scala;utility/rocket-chip/torture/generator/src/main/scala/Inst.scala;utility/rocket-chip/torture/generator/src/main/scala/SeqALU.scala
ori,I,RV32;RV64,hdl,0,176,167,0,9,utility/rocket-chip/src/main/scala/rocket/IDecode.scala;utility/rocket-chip/src/main/scala/rocket/Instructions.scala;utility/rocket-chip/src/main/scala/system/RocketTestSuite.scala;utility/rocket-chip/torture/generator/src/main/scala/Inst.scala;utility/rocket-chip/torture/generator/src/main/scala/SeqALU.scala
xori,I,RV32;RV64,hdl,0,176,167,0,9,utility/rocket-chip/src/main/scala/rocket/IDecode.scala;utility/rocket-chip/src/main/scala/rocket/Instructions.scala;utility/rocket-chip/src/main/scala/system/RocketTestSuite.scala;utility/rocket-chip/torture/generator/src/main/scala/Inst.scala;utility/rocket-chip/torture/generator/src/main/scala/SeqALU.scala
mulw,M,RV64,hdl,0,175,166,0,9,utility/rocket-chip/src/main/scala/rocket/IDecode.scala;utility/rocket-chip/src/main/scala/rocket/Instructions.scala;utility/rocket-chip/src/main/scala/system/RocketTestSuite.scala;utility/rocket-chip/torture/generator/src/main/scala/Inst.scala;utility/rocket-chip/torture/generator/src/main/scala/SeqALU.scala
sllw,I,RV64,hdl,0,175,166,0,9,utility/rocket-chip/src/main/scala/rocket/IDecode.scala;utility/rocket-chip/src/main/scala/rocket/Instructions.scala;utility/rocket-chip/src/main/scala/system/RocketTestSuite.scala;utility/rocket-chip/torture/generator/src/main/scala/Inst.scala;utility/rocket-chip/torture/generator/src/main/scala/SeqALU.scala
clmul,B,RV32;RV64,hdl,0,174,165,0,9,utility/rocket-chip/src/main/scala/rocket/ABLU.scala;utility/rocket-chip/src/main/scala/rocket/ALU.scala;utility/rocket-chip/src/main/scala/rocket/BitManipCrypto.scala;utility/rocket-chip/src/main/scala/rocket/IDecode.scala;utility/rocket-chip/src/main/scala/rocket/Instructions.scala
sraiw,I,RV64,hdl,0,174,165,0,9,utility/rocket-chip/src/main/scala/rocket/IDecode.scala;utility/rocket-chip/src/main/scala/rocket/Instructions.scala;utility/rocket-chip/src/main/scala/system/RocketTestSuite.scala;utility/rocket-chip/torture/generator/src/main/scala/Inst.scala;utility/rocket-chip/torture/generator/src/main/scala/SeqALU.scala
sraw,I,RV64,hdl,0,174,165,0,9,utility/rocket-chip/src/main/scala/rocket/IDecode.scala;utility/rocket-chip/src/main/scala/rocket/Instructions.scala;utility/rocket-chip/src/main/scala/system/RocketTestSuite.scala;utility/rocket-chip/torture/generator/src/main/scala/Inst.scala;utility/rocket-chip/torture/generator/src/main/scala/SeqALU.scala
srliw,I,RV64,hdl,0,174,165,0,9,utility/rocket-chip/src/main/scala/rocket/IDecode.scala;utility/rocket-chip/src/main/scala/rocket/Instructions.scala;utility/rocket-chip/src/main/scala/system/RocketTestSuite.scala;utility/rocket-chip/torture/generator/src/main/scala/Inst.scala;utility/rocket-chip/torture/generator/src/main/scala/SeqALU.scala
srlw,I,RV64,hdl,0,174,165,0,9,utility/rocket-chip/src/main/scala/rocket/IDecode.scala;utility/rocket-chip/src/main/scala/rocket/Instructions.scala;utility/rocket-chip/src/main/scala/system/RocketTestSuite.scala;utility/rocket-chip/torture/generator/src/main/scala/Inst.scala;utility/rocket-chip/torture/generator/src/main/scala/SeqALU.scala
brev8,Zbkb,RV32;RV64,hdl,0,173,164,0,9,huancun/Utility/rocket-chip/src/main/scala/rocket/IDecode.scala;utility/rocket-chip/src/main/scala/rocket/ABLU.scala;utility/rocket-chip/src/main/scala/rocket/ALU.scala;utility/rocket-chip/src/main/scala/rocket/IDecode.scala;utility/rocket-chip/src/main/scala/rocket/Instructions.scala
clmulr,Zbc,RV32;RV64,hdl,0,173,164,0,9,huancun/Utility/rocket-chip/src/main/scala/rocket/IDecode.scala;utility/rocket-chip/src/main/scala/rocket/ABLU.scala;utility/rocket-chip/src/main/scala/rocket/ALU.scala;utility/rocket-chip/src/main/scala/rocket/IDecode.scala;utility/rocket-chip/src/main/scala/rocket/Instructions.scala
divuw,M,RV64,hdl,0,173,164,0,9,utility/rocket-chip/src/main/scala/rocket/IDecode.scala;utility/rocket-chip/src/main/scala/rocket/Instructions.scala;utility/rocket-chip/src/main/scala/system/RocketTestSuite.scala;utility/rocket-chip/torture/generator/src/main/scala/Inst.scala;utility/rocket-chip/torture/generator/src/main/scala/SeqALU.scala
divw,M,RV64,hdl,0,173,164,0,9,utility/rocket-chip/src/main/scala/rocket/IDecode.scala;utility/rocket-chip/src/main/scala/rocket/Instructions.scala;utility/rocket-chip/src/main/scala/system/RocketTestSuite.scala;utility/rocket-chip/torture/generator/src/main/scala/Inst.scala;utility/rocket-chip/torture/generator/src/main/scala/SeqALU.scala
remuw,M,RV64,hdl,0,173,164,0,9,utility/rocket-chip/src/main/scala/rocket/IDecode.scala;utility/rocket-chip/src/main/scala/rocket/Instructions.scala;utility/rocket-chip/src/main/scala/system/RocketTestSuite.scala;utility/rocket-chip/torture/generator/src/main/scala/Inst.scala;utility/rocket-chip/torture/generator/src/main/scala/SeqALU.scala
remw,M,RV64,hdl,0,173,164,0,9,utility/rocket-chip/src/main/scala/rocket/IDecode.scala;utility/rocket-chip/src/main/scala/rocket/Instructions.scala;utility/rocket-chip/src/main/scala/system/RocketTestSuite.scala;utility/rocket-chip/torture/generator/src/main/scala/Inst.scala;utility/rocket-chip/torture/generator/src/main/scala/SeqALU.scala
slti,I,RV32;RV64,hdl,0,173,164,0,9,utility/rocket-chip/src/main/scala/rocket/IDecode.scala;utility/rocket-chip/src/main/scala/rocket/Instructions.scala;utility/rocket-chip/src/main/scala/system/RocketTestSuite.scala;utility/rocket-chip/torture/generator/src/main/scala/Inst.scala;utility/rocket-chip/torture/generator/src/main/scala/SeqALU.scala
sltiu,I,RV32;RV64,hdl,0,173,164,0,9,utility/rocket-chip/src/main/scala/rocket/IDecode.scala;utility/rocket-chip/src/main/scala/rocket/Instructions.scala;utility/rocket-chip/src/main/scala/system/RocketTestSuite.scala;utility/rocket-chip/torture/generator/src/main/scala/Inst.scala;utility/rocket-chip/torture/generator/src/main/scala/SeqALU.scala
orc.b,Zbb,RV32;RV64,hdl,0,157,149,0,8,huancun/Utility/rocket-chip/src/main/scala/rocket/IDecode.scala;utility/rocket-chip/src/main/scala/rocket/ABLU.scala;utility/rocket-chip/src/main/scala/rocket/ALU.scala;utility/rocket-chip/src/main/scala/rocket/IDecode.scala;utility/rocket-chip/src/main/scala/rocket/Instructions.scala
sh2add,Zba,RV32;RV64,hdl,0,157,149,0,8,huancun/Utility/rocket-chip/src/main/scala/rocket/IDecode.scala;utility/rocket-chip/src/main/scala/rocket/ABLU.scala;utility/rocket-chip/src/main/scala/rocket/ALU.scala;utility/rocket-chip/src/main/scala/rocket/IDecode.scala;utility/rocket-chip/src/main/scala/rocket/Instructions.scala
sh3add,Zba,RV32;RV64,hdl,0,157,149,0,8,huancun/Utility/rocket-chip/src/main/scala/rocket/IDecode.scala;utility/rocket-chip/src/main/scala/rocket/ABLU.scala;utility/rocket-chip/src/main/scala/rocket/ALU.scala;utility/rocket-chip/src/main/scala/rocket/IDecode.scala;utility/rocket-chip/src/main/scala/rocket/Instructions.scala
add.uw,Zba,RV64,hdl,0,156,148,0,8,huancun/Utility/rocket-chip/src/main/scala/rocket/IDecode.scala;utility/rocket-chip/src/main/scala/rocket/ABLU.scala;utility/rocket-chip/src/main/scala/rocket/ALU.scala;utility/rocket-chip/src/main/scala/rocket/IDecode.scala;utility/rocket-chip/src/main/scala/rocket/Instructions.scala
auipc,I,RV32;RV64,hdl,0,156,148,0,8,huancun/Utility/rocket-chip/src/main/scala/system/RocketTestSuite.scala;utility/rocket-chip/src/main/scala/rocket/IDecode.scala;utility/rocket-chip/src/main/scala/rocket/Instructions.scala;utility/rocket-chip/src/main/scala/system/RocketTestSuite.scala;utility/rocket-chip/torture/generator/src/main/scala/Inst.scala
sext.h,Zbb,RV32;RV64,hdl,0,156,148,0,8,huancun/Utility/rocket-chip/src/main/scala/rocket/IDecode.scala;utility/rocket-chip/src/main/scala/rocket/ABLU.scala;utility/rocket-chip/src/main/scala/rocket/ALU.scala;utility/rocket-chip/src/main/scala/rocket/IDecode.scala;utility/rocket-chip/src/main/scala/rocket/Instructions.scala
sh1add,Zba,RV32;RV64,hdl,0,156,148,0,8,huancun/Utility/rocket-chip/src/main/scala/rocket/IDecode.scala;utility/rocket-chip/src/main/scala/rocket/ABLU.scala;utility/rocket-chip/src/main/scala/rocket/ALU.scala;utility/rocket-chip/src/main/scala/rocket/IDecode.scala;utility/rocket-chip/src/main/scala/rocket/Instructions.scala
sh1add.uw,Zba,RV64,hdl,0,155,147,0,8,huancun/Utility/rocket-chip/src/main/scala/rocket/IDecode.scala;utility/rocket-chip/src/main/scala/rocket/ABLU.scala;utility/rocket-chip/src/main/scala/rocket/ALU.scala;utility/rocket-chip/src/main/scala/rocket/IDecode.scala;utility/rocket-chip/src/main/scala/rocket/Instructions.scala
amoadd.d,Zaamo,RV64,hdl,0,154,146,0,8,huancun/Utility/rocket-chip/src/main/scala/rocket/IDecode.scala;utility/rocket-chip/src/main/scala/rocket/IDecode.scala;utility/rocket-chip/src/main/scala/rocket/Instructions.scala;utility/rocket-chip/torture/generator/src/main/scala/Inst.scala;utility/rocket-chip/torture/generator/src/main/scala/SeqMem.scala
amoadd.w,Zaamo,RV32;RV64,hdl,0,154,146,0,8,huancun/Utility/rocket-chip/src/main/scala/rocket/IDecode.scala;utility/rocket-chip/src/main/scala/rocket/IDecode.scala;utility/rocket-chip/src/main/scala/rocket/Instructions.scala;utility/rocket-chip/torture/generator/src/main/scala/Inst.scala;utility/rocket-chip/torture/generator/src/main/scala/SeqMem.scala
amoand.d,Zaamo,RV64,hdl,0,154,146,0,8,huancun/Utility/rocket-chip/src/main/scala/rocket/IDecode.scala;utility/rocket-chip/src/main/scala/rocket/IDecode.scala;utility/rocket-chip/src/main/scala/rocket/Instructions.scala;utility/rocket-chip/torture/generator/src/main/scala/Inst.scala;utility/rocket-chip/torture/generator/src/main/scala/SeqMem.scala
amoand.w,Zaamo,RV32;RV64,hdl,0,154,146,0,8,huancun/Utility/rocket-chip/src/main/scala/rocket/IDecode.scala;utility/rocket-chip/src/main/scala/rocket/IDecode.scala;utility/rocket-chip/src/main/scala/rocket/Instructions.scala;utility/rocket-chip/torture/generator/src/main/scala/Inst.scala;utility/rocket-chip/torture/generator/src/main/scala/SeqMem.scala
amomax.d,Zaamo,RV64,hdl,0,154,146,0,8,huancun/Utility/rocket-chip/src/main/scala/rocket/IDecode.scala;utility/rocket-chip/src/main/scala/rocket/IDecode.scala;utility/rocket-chip/src/main/scala/rocket/Instructions.scala;utility/rocket-chip/torture/generator/src/main/scala/Inst.scala;utility/rocket-chip/torture/generator/src/main/scala/SeqMem.scala
amomax.w,Zaamo,RV32;RV64,hdl,0,154,146,0,8,huancun/Utility/rocket-chip/src/main/scala/rocket/IDecode.scala;utility/rocket-chip/src/main/scala/rocket/IDecode.scala;utility/rocket-chip/src/main/scala/rocket/Instructions.scala;utility/rocket-chip/torture/generator/src/main/scala/Inst.scala;utility/rocket-chip/torture/generator/src/main/scala/SeqMem.scala
amomaxu.d,Zaamo,RV64,hdl,0,154,146,0,8,huancun/Utility/rocket-chip/src/main/scala/rocket/IDecode.scala;utility/rocket-chip/src/main/scala/rocket/IDecode.scala;utility/rocket-chip/src/main/scala/rocket/Instructions.scala;utility/rocket-chip/torture/generator/src/main/scala/Inst.scala;utility/rocket-chip/torture/generator/src/main/scala/SeqMem.scala
amomaxu.w,Zaamo,RV32;RV64,hdl,0,154,146,0,8,huancun/Utility/rocket-chip/src/main/scala/rocket/IDecode.scala;utility/rocket-chip/src/main/scala/rocket/IDecode.scala;utility/rocket-chip/src/main/scala/rocket/Instructions.scala;utility/rocket-chip/torture/generator/src/main/scala/Inst.scala;utility/rocket-chip/torture/generator/src/main/scala/SeqMem.scala
amomin.d,Zaamo,RV64,hdl,0,154,146,0,8,huancun/Utility/rocket-chip/src/main/scala/rocket/IDecode.scala;utility/rocket-chip/src/main/scala/rocket/IDecode.scala;utility/rocket-chip/src/main/scala/rocket/Instructions.scala;utility/rocket-chip/torture/generator/src/main/scala/Inst.scala;utility/rocket-chip/torture/generator/src/main/scala/SeqMem.scala
amomin.w,Zaamo,RV32;RV64,hdl,0,154,146,0,8,huancun/Utility/rocket-chip/src/main/scala/rocket/IDecode.scala;utility/rocket-chip/src/main/scala/rocket/IDecode.scala;utility/rocket-chip/src/main/scala/rocket/Instructions.scala;utility/rocket-chip/torture/generator/src/main/scala/Inst.scala;utility/rocket-chip/torture/generator/src/main/scala/SeqMem.scala
amominu.d,Zaamo,RV64,hdl,0,154,146,0,8,huancun/Utility/rocket-chip/src/main/scala/rocket/IDecode.scala;utility/rocket-chip/src/main/scala/rocket/IDecode.scala;utility/rocket-chip/src/main/scala/rocket/Instructions.scala;utility/rocket-chip/torture/generator/src/main/scala/Inst.scala;utility/rocket-chip/torture/generator/src/main/scala/SeqMem.scala
amominu.w,Zaamo,RV32;RV64,hdl,0,154,146,0,8,huancun/Utility/rocket-chip/src/main/scala/rocket/IDecode.scala;utility/rocket-chip/src/main/scala/rocket/IDecode.scala;utility/rocket-chip/src/main/scala/rocket/Instructions.scala;utility/rocket-chip/torture/generator/src/main/scala/Inst.scala;utility/rocket-chip/torture/generator/src/main/scala/SeqMem.scala
amoor.d,Zaamo,RV64,hdl,0,154,146,0,8,huancun/Utility/rocket-chip/src/main/scala/rocket/IDecode.scala;utility/rocket-chip/src/main/scala/rocket/IDecode.scala;utility/rocket-chip/src/main/scala/rocket/Instructions.scala;utility/rocket-chip/torture/generator/src/main/scala/Inst.scala;utility/rocket-chip/torture/generator/src/main/scala/SeqMem.scala
amoor.w,Zaamo,RV32;RV64,hdl,0,154,146,0,8,huancun/Utility/rocket-chip/src/main/scala/rocket/IDecode.scala;utility/rocket-chip/src/main/scala/rocket/IDecode.scala;utility/rocket-chip/src/main/scala/rocket/Instructions.scala;utility/rocket-chip/torture/generator/src/main/scala/Inst.scala;utility/rocket-chip/torture/generator/src/main/scala/SeqMem.scala
amoswap.d,Zaamo,RV64,hdl,0,154,146,0,8,huancun/Utility/rocket-chip/src/main/scala/rocket/IDecode.scala;utility/rocket-chip/src/main/scala/rocket/IDecode.scala;utility/rocket-chip/src/main/scala/rocket/Instructions.scala;utility/rocket-chip/torture/generator/src/main/scala/Inst.scala;utility/rocket-chip/torture/generator/src/main/scala/SeqMem.scala
amoswap.w,Zaamo,RV32;RV64,hdl,0,154,146,0,8,huancun/Utility/rocket-chip/src/main/scala/rocket/IDecode.scala;utility/rocket-chip/src/main/scala/rocket/IDecode.scala;utility/rocket-chip/src/main/scala/rocket/Instructions.scala;utility/rocket-chip/torture/generator/src/main/scala/Inst.scala;utility/rocket-chip/torture/generator/src/main/scala/SeqMem.scala
bclri,Zbs,RV32;RV64,hdl,0,154,146,0,8,huancun/Utility/rocket-chip/src/main/scala/rocket/IDecode.scala;huancun/Utility/rocket-chip/src/main/scala/rocket/Instructions32.scala;utility/rocket-chip/src/main/scala/rocket/IDecode.scala;utility/rocket-chip/src/main/scala/rocket/Instructions.scala;utility/rocket-chip/src/main/scala/rocket/Instructions32.scala
bexti,Zbs,RV32;RV64,hdl,0,154,146,0,8,huancun/Utility/rocket-chip/src/main/scala/rocket/IDecode.scala;huancun/Utility/rocket-chip/src/main/scala/rocket/Instructions32.scala;utility/rocket-chip/src/main/scala/rocket/IDecode.scala;utility/rocket-chip/src/main/scala/rocket/Instructions.scala;utility/rocket-chip/src/main/scala/rocket/Instructions32.scala
binvi,Zbs,RV32;RV64,hdl,0,154,146,0,8,huancun/Utility/rocket-chip/src/main/scala/rocket/IDecode.scala;huancun/Utility/rocket-chip/src/main/scala/rocket/Instructions32.scala;utility/rocket-chip/src/main/scala/rocket/IDecode.scala;utility/rocket-chip/src/main/scala/rocket/Instructions.scala;utility/rocket-chip/src/main/scala/rocket/Instructions32.scala
bseti,Zbs,RV32;RV64,hdl,0,154,146,0,8,huancun/Utility/rocket-chip/src/main/scala/rocket/IDecode.scala;huancun/Utility/rocket-chip/src/main/scala/rocket/Instructions32.scala;utility/rocket-chip/src/main/scala/rocket/IDecode.scala;utility/rocket-chip/src/main/scala/rocket/Instructions.scala;utility/rocket-chip/src/main/scala/rocket/Instructions32.scala
clmulh,B,RV32;RV64,hdl,0,154,146,0,8,huancun/Utility/rocket-chip/src/main/scala/rocket/IDecode.scala;utility/rocket-chip/src/main/scala/rocket/ABLU.scala;utility/rocket-chip/src/main/scala/rocket/ALU.scala;utility/rocket-chip/src/main/scala/rocket/IDecode.scala;utility/rocket-chip/src/main/scala/rocket/Instructions.scala
dret,Sdext,RV32;RV64,asm;hdl,38,116,110,0,8,utility/rocket-chip/scripts/debug_rom/debug_rom.S;utility/rocket-chip/scripts/debug_rom/debug_rom_nonzero.S;utility/rocket-chip/src/main/scala/rocket/CSR.scala;utility/rocket-chip/src/main/scala/rocket/IDecode.scala;utility/rocket-chip/src/main/scala/rocket/Instructions.scala
packh,Zbkb,RV32;RV64,hdl,0,154,146,0,8,huancun/Utility/rocket-chip/src/main/scala/rocket/IDecode.scala;utility/rocket-chip/src/main/scala/rocket/ABLU.scala;utility/rocket-chip/src/main/scala/rocket/ALU.scala;utility/rocket-chip/src/main/scala/rocket/IDecode.scala;utility/rocket-chip/src/main/scala/rocket/Instructions.scala
rori,B,RV32;RV64,hdl,0,154,146,0,8,huancun/Utility/rocket-chip/src/main/scala/rocket/IDecode.scala;huancun/Utility/rocket-chip/src/main/scala/rocket/Instructions32.scala;utility/rocket-chip/src/main/scala/rocket/IDecode.scala;utility/rocket-chip/src/main/scala/rocket/Instructions.scala;utility/rocket-chip/src/main/scala/rocket/Instructions32.scala
sext.b,Zbb,RV32;RV64,hdl,0,154,146,0,8,huancun/Utility/rocket-chip/src/main/scala/rocket/IDecode.scala;utility/rocket-chip/src/main/scala/rocket/ABLU.scala;utility/rocket-chip/src/main/scala/rocket/ALU.scala;utility/rocket-chip/src/main/scala/rocket/IDecode.scala;utility/rocket-chip/src/main/scala/rocket/Instructions.scala
sh2add.uw,Zba,RV64,hdl,0,154,146,0,8,huancun/Utility/rocket-chip/src/main/scala/rocket/IDecode.scala;utility/rocket-chip/src/main/scala/rocket/ABLU.scala;utility/rocket-chip/src/main/scala/rocket/ALU.scala;utility/rocket-chip/src/main/scala/rocket/IDecode.scala;utility/rocket-chip/src/main/scala/rocket/Instructions.scala
sh3add.uw,Zba,RV64,hdl,0,154,146,0,8,huancun/Utility/rocket-chip/src/main/scala/rocket/IDecode.scala;utility/rocket-chip/src/main/scala/rocket/ABLU.scala;utility/rocket-chip/src/main/scala/rocket/ALU.scala;utility/rocket-chip/src/main/scala/rocket/IDecode.scala;utility/rocket-chip/src/main/scala/rocket/Instructions.scala
sm3p0,Zksh,RV32;RV64,hdl,0,154,146,0,8,huancun/Utility/rocket-chip/src/main/scala/rocket/IDecode.scala;utility/rocket-chip/src/main/scala/rocket/ABLU.scala;utility/rocket-chip/src/main/scala/rocket/ALU.scala;utility/rocket-chip/src/main/scala/rocket/IDecode.scala;utility/rocket-chip/src/main/scala/rocket/Instructions.scala
sm3p1,Zksh,RV32;RV64,hdl,0,154,146,0,8,huancun/Utility/rocket-chip/src/main/scala/rocket/IDecode.scala;utility/rocket-chip/src/main/scala/rocket/ABLU.scala;utility/rocket-chip/src/main/scala/rocket/ALU.scala;utility/rocket-chip/src/main/scala/rocket/IDecode.scala;utility/rocket-chip/src/main/scala/rocket/Instructions.scala
xperm4,Zbkx,RV32;RV64,hdl,0,154,146,0,8,huancun/Utility/rocket-chip/src/main/scala/rocket/IDecode.scala;utility/rocket-chip/src/main/scala/rocket/ABLU.scala;utility/rocket-chip/src/main/scala/rocket/ALU.scala;utility/rocket-chip/src/main/scala/rocket/IDecode.scala;utility/rocket-chip/src/main/scala/rocket/Instructions.scala
xperm8,Zbkx,RV32;RV64,hdl,0,154,146,0,8,huancun/Utility/rocket-chip/src/main/scala/rocket/IDecode.scala;utility/rocket-chip/src/main/scala/rocket/ABLU.scala;utility/rocket-chip/src/main/scala/rocket/ALU.scala;utility/rocket-chip/src/main/scala/rocket/IDecode.scala;utility/rocket-chip/src/main/scala/rocket/Instructions.scala
sm4ed,Zksed,RV32;RV64,hdl,0,152,144,0,8,huancun/Utility/rocket-chip/src/main/scala/rocket/IDecode.scala;utility/rocket-chip/src/main/scala/rocket/ABLU.scala;utility/rocket-chip/src/main/scala/rocket/ALU.scala;utility/rocket-chip/src/main/scala/rocket/IDecode.scala;utility/rocket-chip/src/main/scala/rocket/Instructions.scala
sm4ks,Zksed,RV32;RV64,hdl,0,152,144,0,8,huancun/Utility/rocket-chip/src/main/scala/rocket/IDecode.scala;utility/rocket-chip/src/main/scala/rocket/ABLU.scala;utility/rocket-chip/src/main/scala/rocket/ALU.scala;utility/rocket-chip/src/main/scala/rocket/IDecode.scala;utility/rocket-chip/src/main/scala/rocket/Instructions.scala
unzip,Zbkb,RV32,hdl,0,152,144,0,8,huancun/Utility/rocket-chip/src/main/scala/rocket/IDecode.scala;utility/rocket-chip/src/main/scala/rocket/ABLU.scala;utility/rocket-chip/src/main/scala/rocket/ALU.scala;utility/rocket-chip/src/main/scala/rocket/IDecode.scala;utility/rocket-chip/src/main/scala/rocket/Instructions32.scala
sret,S,RV32;RV64,asm;hdl,19,120,114,0,7,huancun/Utility/rocket-chip/src/main/scala/rocket/IDecode.scala;utility/rocket-chip/src/main/scala/rocket/CSR.scala;utility/rocket-chip/src/main/scala/rocket/IDecode.scala;utility/rocket-chip/src/main/scala/rocket/Instructions.scala;utility/rocket-chip/torture/env/v/entry.S
fence.i,Zifencei,RV32;RV64,hdl,0,136,129,0,7,huancun/Utility/rocket-chip/src/main/scala/rocket/IDecode.scala;huancun/Utility/rocket-chip/src/main/scala/rocket/Instructions.scala;utility/rocket-chip/src/main/scala/rocket/IDecode.scala;utility/rocket-chip/src/main/scala/rocket/Instructions.scala;utility/rocket-chip/torture/generator/src/main/scala/Inst.scala
amoxor.d,Zaamo,RV64,hdl,0,135,128,0,7,huancun/Utility/rocket-chip/src/main/scala/rocket/IDecode.scala;huancun/Utility/rocket-chip/src/main/scala/rocket/Instructions.scala;utility/rocket-chip/src/main/scala/rocket/IDecode.scala;utility/rocket-chip/src/main/scala/rocket/Instructions.scala;utility/rocket-chip/torture/generator/src/main/scala/Inst.scala
amoxor.w,Zaamo,RV32;RV64,hdl,0,135,128,0,7,huancun/Utility/rocket-chip/src/main/scala/rocket/IDecode.scala;huancun/Utility/rocket-chip/src/main/scala/rocket/Instructions.scala;utility/rocket-chip/src/main/scala/rocket/IDecode.scala;utility/rocket-chip/src/main/scala/rocket/Instructions.scala;utility/rocket-chip/torture/generator/src/main/scala/Inst.scala
clzw,Zbb,RV64,hdl,0,135,128,0,7,huancun/Utility/rocket-chip/src/main/scala/rocket/IDecode.scala;huancun/Utility/rocket-chip/src/main/scala/rocket/Instructions.scala;utility/rocket-chip/src/main/scala/rocket/ABLU.scala;utility/rocket-chip/src/main/scala/rocket/IDecode.scala;utility/rocket-chip/src/main/scala/rocket/Instructions.scala
ecall,I,RV32;RV64,hdl,0,135,128,0,7,huancun/Utility/rocket-chip/src/main/scala/rocket/CSR.scala;huancun/Utility/rocket-chip/src/main/scala/rocket/IDecode.scala;utility/rocket-chip/src/main/scala/rocket/CSR.scala;utility/rocket-chip/src/main/scala/rocket/IDecode.scala;utility/rocket-chip/src/main/scala/rocket/Instructions.scala
fcvt.d.h,Zfh,RV32;RV64,hdl,0,120,114,0,6,huancun/Utility/rocket-chip/src/main/scala/rocket/IDecode.scala;huancun/Utility/rocket-chip/src/main/scala/tile/FPU.scala;utility/rocket-chip/src/main/scala/rocket/IDecode.scala;utility/rocket-chip/src/main/scala/rocket/Instructions.scala;utility/rocket-chip/src/main/scala/tile/FPU.scala
fadd.h,Zfh,RV32;RV64,hdl,0,119,113,0,6,huancun/Utility/rocket-chip/src/main/scala/rocket/IDecode.scala;huancun/Utility/rocket-chip/src/main/scala/tile/FPU.scala;utility/rocket-chip/src/main/scala/rocket/IDecode.scala;utility/rocket-chip/src/main/scala/rocket/Instructions.scala;utility/rocket-chip/src/main/scala/tile/FPU.scala
fcvt.h.d,Zfh,RV32;RV64,hdl,0,119,113,0,6,huancun/Utility/rocket-chip/src/main/scala/rocket/IDecode.scala;huancun/Utility/rocket-chip/src/main/scala/tile/FPU.scala;utility/rocket-chip/src/main/scala/rocket/IDecode.scala;utility/rocket-chip/src/main/scala/rocket/Instructions.scala;utility/rocket-chip/src/main/scala/tile/FPU.scala
fcvt.h.s,Zfh,RV32;RV64,hdl,0,119,113,0,6,huancun/Utility/rocket-chip/src/main/scala/rocket/IDecode.scala;huancun/Utility/rocket-chip/src/main/scala/tile/FPU.scala;utility/rocket-chip/src/main/scala/rocket/IDecode.scala;utility/rocket-chip/src/main/scala/rocket/Instructions.scala;utility/rocket-chip/src/main/scala/tile/FPU.scala
fcvt.l.h,Zfh,RV64,hdl,0,119,113,0,6,huancun/Utility/rocket-chip/src/main/scala/rocket/IDecode.scala;huancun/Utility/rocket-chip/src/main/scala/tile/FPU.scala;utility/rocket-chip/src/main/scala/rocket/IDecode.scala;utility/rocket-chip/src/main/scala/rocket/Instructions.scala;utility/rocket-chip/src/main/scala/tile/FPU.scala
fcvt.lu.h,Zfh,RV64,hdl,0,119,113,0,6,huancun/Utility/rocket-chip/src/main/scala/rocket/IDecode.scala;huancun/Utility/rocket-chip/src/main/scala/tile/FPU.scala;utility/rocket-chip/src/main/scala/rocket/IDecode.scala;utility/rocket-chip/src/main/scala/rocket/Instructions.scala;utility/rocket-chip/src/main/scala/tile/FPU.scala
fcvt.s.h,Zfh,RV32;RV64,hdl,0,119,113,0,6,huancun/Utility/rocket-chip/src/main/scala/rocket/IDecode.scala;huancun/Utility/rocket-chip/src/main/scala/tile/FPU.scala;utility/rocket-chip/src/main/scala/rocket/IDecode.scala;utility/rocket-chip/src/main/scala/rocket/Instructions.scala;utility/rocket-chip/src/main/scala/tile/FPU.scala
fcvt.w.h,Zfh,RV32;RV64,hdl,0,119,113,0,6,huancun/Utility/rocket-chip/src/main/scala/rocket/IDecode.scala;huancun/Utility/rocket-chip/src/main/scala/tile/FPU.scala;utility/rocket-chip/src/main/scala/rocket/IDecode.scala;utility/rocket-chip/src/main/scala/rocket/Instructions.scala;utility/rocket-chip/src/main/scala/tile/FPU.scala
fcvt.wu.h,Zfh,RV32;RV64,hdl,0,119,113,0,6,huancun/Utility/rocket-chip/src/main/scala/rocket/IDecode.scala;huancun/Utility/rocket-chip/src/main/scala/tile/FPU.scala;utility/rocket-chip/src/main/scala/rocket/IDecode.scala;utility/rocket-chip/src/main/scala/rocket/Instructions.scala;utility/rocket-chip/src/main/scala/tile/FPU.scala
fsub.h,Zfh,RV32;RV64,hdl,0,119,113,0,6,huancun/Utility/rocket-chip/src/main/scala/rocket/IDecode.scala;huancun/Utility/rocket-chip/src/main/scala/tile/FPU.scala;utility/rocket-chip/src/main/scala/rocket/IDecode.scala;utility/rocket-chip/src/main/scala/rocket/Instructions.scala;utility/rocket-chip/src/main/scala/tile/FPU.scala
fcvt.h.w,Zfh,RV32;RV64,hdl,0,118,112,0,6,huancun/Utility/rocket-chip/src/main/scala/rocket/IDecode.scala;huancun/Utility/rocket-chip/src/main/scala/tile/FPU.scala;utility/rocket-chip/src/main/scala/rocket/IDecode.scala;utility/rocket-chip/src/main/scala/rocket/Instructions.scala;utility/rocket-chip/src/main/scala/tile/FPU.scala
fcvt.h.wu,Zfh,RV32;RV64,hdl,0,118,112,0,6,huancun/Utility/rocket-chip/src/main/scala/rocket/IDecode.scala;huancun/Utility/rocket-chip/src/main/scala/tile/FPU.scala;utility/rocket-chip/src/main/scala/rocket/IDecode.scala;utility/rocket-chip/src/main/scala/rocket/Instructions.scala;utility/rocket-chip/src/main/scala/tile/FPU.scala
fdiv.h,Zfh,RV32;RV64,hdl,0,118,112,0,6,huancun/Utility/rocket-chip/src/main/scala/rocket/IDecode.scala;huancun/Utility/rocket-chip/src/main/scala/tile/FPU.scala;utility/rocket-chip/src/main/scala/rocket/IDecode.scala;utility/rocket-chip/src/main/scala/rocket/Instructions.scala;utility/rocket-chip/src/main/scala/tile/FPU.scala
feq.h,Zfh,RV32;RV64,hdl,0,118,112,0,6,huancun/Utility/rocket-chip/src/main/scala/rocket/IDecode.scala;huancun/Utility/rocket-chip/src/main/scala/tile/FPU.scala;utility/rocket-chip/src/main/scala/rocket/IDecode.scala;utility/rocket-chip/src/main/scala/rocket/Instructions.scala;utility/rocket-chip/src/main/scala/tile/FPU.scala
fle.h,Zfh,RV32;RV64,hdl,0,118,112,0,6,huancun/Utility/rocket-chip/src/main/scala/rocket/IDecode.scala;huancun/Utility/rocket-chip/src/main/scala/tile/FPU.scala;utility/rocket-chip/src/main/scala/rocket/IDecode.scala;utility/rocket-chip/src/main/scala/rocket/Instructions.scala;utility/rocket-chip/src/main/scala/tile/FPU.scala
flt.h,Zfh,RV32;RV64,hdl,0,118,112,0,6,huancun/Utility/rocket-chip/src/main/scala/rocket/IDecode.scala;huancun/Utility/rocket-chip/src/main/scala/tile/FPU.scala;utility/rocket-chip/src/main/scala/rocket/IDecode.scala;utility/rocket-chip/src/main/scala/rocket/Instructions.scala;utility/rocket-chip/src/main/scala/tile/FPU.scala
fmadd.h,Zfh,RV32;RV64,hdl,0,118,112,0,6,huancun/Utility/rocket-chip/src/main/scala/rocket/IDecode.scala;huancun/Utility/rocket-chip/src/main/scala/tile/FPU.scala;utility/rocket-chip/src/main/scala/rocket/IDecode.scala;utility/rocket-chip/src/main/scala/rocket/Instructions.scala;utility/rocket-chip/src/main/scala/tile/FPU.scala
fmax.h,Zfh,RV32;RV64,hdl,0,118,112,0,6,huancun/Utility/rocket-chip/src/main/scala/rocket/IDecode.scala;huancun/Utility/rocket-chip/src/main/scala/tile/FPU.scala;utility/rocket-chip/src/main/scala/rocket/IDecode.scala;utility/rocket-chip/src/main/scala/rocket/Instructions.scala;utility/rocket-chip/src/main/scala/tile/FPU.scala
fmin.h,Zfh,RV32;RV64,hdl,0,118,112,0,6,huancun/Utility/rocket-chip/src/main/scala/rocket/IDecode.scala;huancun/Utility/rocket-chip/src/main/scala/tile/FPU.scala;utility/rocket-chip/src/main/scala/rocket/IDecode.scala;utility/rocket-chip/src/main/scala/rocket/Instructions.scala;utility/rocket-chip/src/main/scala/tile/FPU.scala
fmsub.h,Zfh,RV32;RV64,hdl,0,118,112,0,6,huancun/Utility/rocket-chip/src/main/scala/rocket/IDecode.scala;huancun/Utility/rocket-chip/src/main/scala/tile/FPU.scala;utility/rocket-chip/src/main/scala/rocket/IDecode.scala;utility/rocket-chip/src/main/scala/rocket/Instructions.scala;utility/rocket-chip/src/main/scala/tile/FPU.scala
fmul.h,Zfh,RV32;RV64,hdl,0,118,112,0,6,huancun/Utility/rocket-chip/src/main/scala/rocket/IDecode.scala;huancun/Utility/rocket-chip/src/main/scala/tile/FPU.scala;utility/rocket-chip/src/main/scala/rocket/IDecode.scala;utility/rocket-chip/src/main/scala/rocket/Instructions.scala;utility/rocket-chip/src/main/scala/tile/FPU.scala
fnmadd.h,Zfh,RV32;RV64,hdl,0,118,112,0,6,huancun/Utility/rocket-chip/src/main/scala/rocket/IDecode.scala;huancun/Utility/rocket-chip/src/main/scala/tile/FPU.scala;utility/rocket-chip/src/main/scala/rocket/IDecode.scala;utility/rocket-chip/src/main/scala/rocket/Instructions.scala;utility/rocket-chip/src/main/scala/tile/FPU.scala
fnmsub.h,Zfh,RV32;RV64,hdl,0,118,112,0,6,huancun/Utility/rocket-chip/src/main/scala/rocket/IDecode.scala;huancun/Utility/rocket-chip/src/main/scala/tile/FPU.scala;utility/rocket-chip/src/main/scala/rocket/IDecode.scala;utility/rocket-chip/src/main/scala/rocket/Instructions.scala;utility/rocket-chip/src/main/scala/tile/FPU.scala
fsgnj.h,Zfh,RV32;RV64,hdl,0,118,112,0,6,huancun/Utility/rocket-chip/src/main/scala/rocket/IDecode.scala;huancun/Utility/rocket-chip/src/main/scala/tile/FPU.scala;utility/rocket-chip/src/main/scala/rocket/IDecode.scala;utility/rocket-chip/src/main/scala/rocket/Instructions.scala;utility/rocket-chip/src/main/scala/tile/FPU.scala
fsgnjn.h,Zfh,RV32;RV64,hdl,0,118,112,0,6,huancun/Utility/rocket-chip/src/main/scala/rocket/IDecode.scala;huancun/Utility/rocket-chip/src/main/scala/tile/FPU.scala;utility/rocket-chip/src/main/scala/rocket/IDecode.scala;utility/rocket-chip/src/main/scala/rocket/Instructions.scala;utility/rocket-chip/src/main/scala/tile/FPU.scala
fsgnjx.h,Zfh,RV32;RV64,hdl,0,118,112,0,6,huancun/Utility/rocket-chip/src/main/scala/rocket/IDecode.scala;huancun/Utility/rocket-chip/src/main/scala/tile/FPU.scala;utility/rocket-chip/src/main/scala/rocket/IDecode.scala;utility/rocket-chip/src/main/scala/rocket/Instructions.scala;utility/rocket-chip/src/main/scala/tile/FPU.scala
fsqrt.h,Zfh,RV32;RV64,hdl,0,118,112,0,6,huancun/Utility/rocket-chip/src/main/scala/rocket/IDecode.scala;huancun/Utility/rocket-chip/src/main/scala/tile/FPU.scala;utility/rocket-chip/src/main/scala/rocket/IDecode.scala;utility/rocket-chip/src/main/scala/rocket/Instructions.scala;utility/rocket-chip/src/main/scala/tile/FPU.scala
fclass.h,Zfh,RV32;RV64,hdl,0,117,111,0,6,huancun/Utility/rocket-chip/src/main/scala/rocket/IDecode.scala;huancun/Utility/rocket-chip/src/main/scala/tile/FPU.scala;utility/rocket-chip/src/main/scala/rocket/IDecode.scala;utility/rocket-chip/src/main/scala/rocket/Instructions.scala;utility/rocket-chip/src/main/scala/tile/FPU.scala
fclass.s,F,RV32;RV64,hdl,0,117,111,0,6,huancun/Utility/rocket-chip/src/main/scala/rocket/IDecode.scala;huancun/Utility/rocket-chip/src/main/scala/tile/FPU.scala;utility/rocket-chip/src/main/scala/rocket/IDecode.scala;utility/rocket-chip/src/main/scala/rocket/Instructions.scala;utility/rocket-chip/src/main/scala/tile/FPU.scala
fcvt.h.l,Zfh,RV64,hdl,0,117,111,0,6,huancun/Utility/rocket-chip/src/main/scala/rocket/IDecode.scala;huancun/Utility/rocket-chip/src/main/scala/tile/FPU.scala;utility/rocket-chip/src/main/scala/rocket/IDecode.scala;utility/rocket-chip/src/main/scala/rocket/Instructions.scala;utility/rocket-chip/src/main/scala/tile/FPU.scala
fcvt.h.lu,Zfh,RV64,hdl,0,117,111,0,6,huancun/Utility/rocket-chip/src/main/scala/rocket/IDecode.scala;huancun/Utility/rocket-chip/src/main/scala/tile/FPU.scala;utility/rocket-chip/src/main/scala/rocket/IDecode.scala;utility/rocket-chip/src/main/scala/rocket/Instructions.scala;utility/rocket-chip/src/main/scala/tile/FPU.scala
fmv.h.x,Zfhmin,RV32;RV64,hdl,0,117,111,0,6,huancun/Utility/rocket-chip/src/main/scala/rocket/IDecode.scala;huancun/Utility/rocket-chip/src/main/scala/tile/FPU.scala;utility/rocket-chip/src/main/scala/rocket/IDecode.scala;utility/rocket-chip/src/main/scala/rocket/Instructions.scala;utility/rocket-chip/src/main/scala/tile/FPU.scala
fmv.w.x,F,RV32;RV64,hdl,0,117,111,0,6,huancun/Utility/rocket-chip/src/main/scala/rocket/IDecode.scala;huancun/Utility/rocket-chip/src/main/scala/tile/FPU.scala;utility/rocket-chip/src/main/scala/rocket/IDecode.scala;utility/rocket-chip/src/main/scala/rocket/Instructions.scala;utility/rocket-chip/src/main/scala/tile/FPU.scala
fmv.x.h,Zfhmin,RV32;RV64,hdl,0,117,111,0,6,huancun/Utility/rocket-chip/src/main/scala/rocket/IDecode.scala;huancun/Utility/rocket-chip/src/main/scala/tile/FPU.scala;utility/rocket-chip/src/main/scala/rocket/IDecode.scala;utility/rocket-chip/src/main/scala/rocket/Instructions.scala;utility/rocket-chip/src/main/scala/tile/FPU.scala
fmv.x.w,F,RV32;RV64,hdl,0,117,111,0,6,huancun/Utility/rocket-chip/src/main/scala/rocket/IDecode.scala;huancun/Utility/rocket-chip/src/main/scala/tile/FPU.scala;utility/rocket-chip/src/main/scala/rocket/IDecode.scala;utility/rocket-chip/src/main/scala/rocket/Instructions.scala;utility/rocket-chip/src/main/scala/tile/FPU.scala
fclass.d,D,RV32;RV64,hdl,0,116,110,0,6,huancun/Utility/rocket-chip/src/main/scala/rocket/IDecode.scala;huancun/Utility/rocket-chip/src/main/scala/tile/FPU.scala;utility/rocket-chip/src/main/scala/rocket/IDecode.scala;utility/rocket-chip/src/main/scala/rocket/Instructions.scala;utility/rocket-chip/src/main/scala/tile/FPU.scala
flh,Zfhmin,RV32;RV64,hdl,0,116,110,0,6,huancun/Utility/rocket-chip/src/main/scala/rocket/IDecode.scala;huancun/Utility/rocket-chip/src/main/scala/tile/FPU.scala;utility/rocket-chip/src/main/scala/rocket/IDecode.scala;utility/rocket-chip/src/main/scala/rocket/Instructions.scala;utility/rocket-chip/src/main/scala/tile/FPU.scala
fsh,Zfhmin,RV32;RV64,hdl,0,116,110,0,6,huancun/Utility/rocket-chip/src/main/scala/rocket/IDecode.scala;huancun/Utility/rocket-chip/src/main/scala/tile/FPU.scala;utility/rocket-chip/src/main/scala/rocket/IDecode.scala;utility/rocket-chip/src/main/scala/rocket/Instructions.scala;utility/rocket-chip/src/main/scala/tile/FPU.scala
hfence.gvma,H,RV32;RV64,hdl,0,116,110,0,6,huancun/Utility/rocket-chip/src/main/scala/rocket/CSR.scala;huancun/Utility/rocket-chip/src/main/scala/rocket/IDecode.scala;utility/rocket-chip/src/main/scala/rocket/CSR.scala;utility/rocket-chip/src/main/scala/rocket/IDecode.scala;utility/rocket-chip/src/main/scala/rocket/Instructions.scala
hfence.vvma,H,RV32;RV64,hdl,0,116,110,0,6,huancun/Utility/rocket-chip/src/main/scala/rocket/CSR.scala;huancun/Utility/rocket-chip/src/main/scala/rocket/IDecode.scala;utility/rocket-chip/src/main/scala/rocket/CSR.scala;utility/rocket-chip/src/main/scala/rocket/IDecode.scala;utility/rocket-chip/src/main/scala/rocket/Instructions.scala
mnret,Smrnmi,RV32;RV64,hdl,0,116,110,0,6,huancun/Utility/rocket-chip/src/main/scala/rocket/CustomInstructions.scala;huancun/Utility/rocket-chip/src/main/scala/rocket/IDecode.scala;utility/rocket-chip/src/main/scala/rocket/CSR.scala;utility/rocket-chip/src/main/scala/rocket/CustomInstructions.scala;utility/rocket-chip/src/main/scala/rocket/IDecode.scala
mret,Sm,RV32;RV64,hdl,0,116,110,0,6,huancun/Utility/rocket-chip/src/main/scala/rocket/CSR.scala;huancun/Utility/rocket-chip/src/main/scala/rocket/IDecode.scala;utility/rocket-chip/src/main/scala/rocket/CSR.scala;utility/rocket-chip/src/main/scala/rocket/IDecode.scala;utility/rocket-chip/src/main/scala/rocket/Instructions.scala
sfence.vma,S,RV32;RV64,hdl,0,116,110,0,6,huancun/Utility/rocket-chip/src/main/scala/rocket/CSR.scala;huancun/Utility/rocket-chip/src/main/scala/rocket/IDecode.scala;utility/rocket-chip/src/main/scala/rocket/CSR.scala;utility/rocket-chip/src/main/scala/rocket/IDecode.scala;utility/rocket-chip/src/main/scala/rocket/Instructions.scala
vsetvl,Zvl32b,RV32;RV64,hdl,0,101,96,0,5,huancun/Utility/rocket-chip/src/main/scala/rocket/Instructions.scala;huancun/Utility/rocket-chip/torture/generator/src/main/scala/Inst.scala;huancun/rocket-chip/src/main/scala/rocket/Instructions.scala;utility/rocket-chip/src/main/scala/rocket/Instructions.scala;utility/rocket-chip/torture/generator/src/main/scala/Inst.scala
ctzw,Zbb,RV64,hdl,0,97,92,0,5,huancun/Utility/rocket-chip/src/main/scala/rocket/IDecode.scala;huancun/Utility/rocket-chip/src/main/scala/rocket/Instructions.scala;utility/rocket-chip/src/main/scala/rocket/ABLU.scala;utility/rocket-chip/src/main/scala/rocket/IDecode.scala;utility/rocket-chip/src/main/scala/rocket/Instructions.scala
hlv.b,H,RV32;RV64,hdl,0,97,92,0,5,huancun/Utility/rocket-chip/src/main/scala/rocket/CSR.scala;huancun/Utility/rocket-chip/src/main/scala/rocket/IDecode.scala;utility/rocket-chip/src/main/scala/rocket/CSR.scala;utility/rocket-chip/src/main/scala/rocket/IDecode.scala;utility/rocket-chip/src/main/scala/rocket/Instructions.scala
hlv.bu,H,RV32;RV64,hdl,0,97,92,0,5,huancun/Utility/rocket-chip/src/main/scala/rocket/CSR.scala;huancun/Utility/rocket-chip/src/main/scala/rocket/IDecode.scala;utility/rocket-chip/src/main/scala/rocket/CSR.scala;utility/rocket-chip/src/main/scala/rocket/IDecode.scala;utility/rocket-chip/src/main/scala/rocket/Instructions.scala
hlv.d,H,RV64,hdl,0,97,92,0,5,huancun/Utility/rocket-chip/src/main/scala/rocket/CSR.scala;huancun/Utility/rocket-chip/src/main/scala/rocket/IDecode.scala;utility/rocket-chip/src/main/scala/rocket/CSR.scala;utility/rocket-chip/src/main/scala/rocket/IDecode.scala;utility/rocket-chip/src/main/scala/rocket/Instructions.scala
hlv.h,H,RV32;RV64,hdl,0,97,92,0,5,huancun/Utility/rocket-chip/src/main/scala/rocket/CSR.scala;huancun/Utility/rocket-chip/src/main/scala/rocket/IDecode.scala;utility/rocket-chip/src/main/scala/rocket/CSR.scala;utility/rocket-chip/src/main/scala/rocket/IDecode.scala;utility/rocket-chip/src/main/scala/rocket/Instructions.scala
hlv.hu,H,RV32;RV64,hdl,0,97,92,0,5,huancun/Utility/rocket-chip/src/main/scala/rocket/CSR.scala;huancun/Utility/rocket-chip/src/main/scala/rocket/IDecode.scala;utility/rocket-chip/src/main/scala/rocket/CSR.scala;utility/rocket-chip/src/main/scala/rocket/IDecode.scala;utility/rocket-chip/src/main/scala/rocket/Instructions.scala
hlv.w,H,RV32;RV64,hdl,0,97,92,0,5,huancun/Utility/rocket-chip/src/main/scala/rocket/CSR.scala;huancun/Utility/rocket-chip/src/main/scala/rocket/IDecode.scala;utility/rocket-chip/src/main/scala/rocket/CSR.scala;utility/rocket-chip/src/main/scala/rocket/IDecode.scala;utility/rocket-chip/src/main/scala/rocket/Instructions.scala
hlv.wu,H,RV64,hdl,0,97,92,0,5,huancun/Utility/rocket-chip/src/main/scala/rocket/CSR.scala;huancun/Utility/rocket-chip/src/main/scala/rocket/IDecode.scala;utility/rocket-chip/src/main/scala/rocket/CSR.scala;utility/rocket-chip/src/main/scala/rocket/IDecode.scala;utility/rocket-chip/src/main/scala/rocket/Instructions.scala
hlvx.hu,H,RV32;RV64,hdl,0,97,92,0,5,huancun/Utility/rocket-chip/src/main/scala/rocket/CSR.scala;huancun/Utility/rocket-chip/src/main/scala/rocket/IDecode.scala;utility/rocket-chip/src/main/scala/rocket/CSR.scala;utility/rocket-chip/src/main/scala/rocket/IDecode.scala;utility/rocket-chip/src/main/scala/rocket/Instructions.scala
hlvx.wu,H,RV32;RV64,hdl,0,97,92,0,5,huancun/Utility/rocket-chip/src/main/scala/rocket/CSR.scala;huancun/Utility/rocket-chip/src/main/scala/rocket/IDecode.scala;utility/rocket-chip/src/main/scala/rocket/CSR.scala;utility/rocket-chip/src/main/scala/rocket/IDecode.scala;utility/rocket-chip/src/main/scala/rocket/Instructions.scala
hsv.b,H,RV32;RV64,hdl,0,97,92,0,5,huancun/Utility/rocket-chip/src/main/scala/rocket/CSR.scala;huancun/Utility/rocket-chip/src/main/scala/rocket/IDecode.scala;utility/rocket-chip/src/main/scala/rocket/CSR.scala;utility/rocket-chip/src/main/scala/rocket/IDecode.scala;utility/rocket-chip/src/main/scala/rocket/Instructions.scala
hsv.d,H,RV64,hdl,0,97,92,0,5,huancun/Utility/rocket-chip/src/main/scala/rocket/CSR.scala;huancun/Utility/rocket-chip/src/main/scala/rocket/IDecode.scala;utility/rocket-chip/src/main/scala/rocket/CSR.scala;utility/rocket-chip/src/main/scala/rocket/IDecode.scala;utility/rocket-chip/src/main/scala/rocket/Instructions.scala
hsv.h,H,RV32;RV64,hdl,0,97,92,0,5,huancun/Utility/rocket-chip/src/main/scala/rocket/CSR.scala;huancun/Utility/rocket-chip/src/main/scala/rocket/IDecode.scala;utility/rocket-chip/src/main/scala/rocket/CSR.scala;utility/rocket-chip/src/main/scala/rocket/IDecode.scala;utility/rocket-chip/src/main/scala/rocket/Instructions.scala
hsv.w,H,RV32;RV64,hdl,0,97,92,0,5,huancun/Utility/rocket-chip/src/main/scala/rocket/CSR.scala;huancun/Utility/rocket-chip/src/main/scala/rocket/IDecode.scala;utility/rocket-chip/src/main/scala/rocket/CSR.scala;utility/rocket-chip/src/main/scala/rocket/IDecode.scala;utility/rocket-chip/src/main/scala/rocket/Instructions.scala
csrrc,Zicsr,RV32;RV64,hdl,0,80,76,0,4,huancun/Utility/rocket-chip/src/main/scala/rocket/IDecode.scala;huancun/Utility/rocket-chip/src/main/scala/rocket/Instructions.scala;huancun/rocket-chip/src/main/scala/rocket/IDecode.scala;utility/rocket-chip/src/main/scala/rocket/IDecode.scala;utility/rocket-chip/src/main/scala/rocket/Instructions.scala
csrrs,Zicsr,RV32;RV64,hdl,0,80,76,0,4,huancun/Utility/rocket-chip/src/main/scala/rocket/IDecode.scala;huancun/Utility/rocket-chip/src/main/scala/rocket/Instructions.scala;huancun/rocket-chip/src/main/scala/rocket/IDecode.scala;utility/rocket-chip/src/main/scala/rocket/IDecode.scala;utility/rocket-chip/src/main/scala/rocket/Instructions.scala
aes64ks1i,Zkn,RV64,hdl,0,79,75,0,4,huancun/Utility/rocket-chip/src/main/scala/rocket/IDecode.scala;huancun/Utility/rocket-chip/src/main/scala/rocket/Instructions.scala;huancun/rocket-chip/src/main/scala/rocket/IDecode.scala;utility/rocket-chip/src/main/scala/rocket/IDecode.scala;utility/rocket-chip/src/main/scala/rocket/Instructions.scala
packw,Zbkb,RV64,hdl,0,79,75,0,4,huancun/Utility/rocket-chip/src/main/scala/rocket/IDecode.scala;huancun/Utility/rocket-chip/src/main/scala/rocket/Instructions.scala;huancun/rocket-chip/src/main/scala/rocket/IDecode.scala;utility/rocket-chip/src/main/scala/rocket/IDecode.scala;utility/rocket-chip/src/main/scala/rocket/Instructions.scala
rolw,B,RV64,hdl,0,79,75,0,4,huancun/Utility/rocket-chip/src/main/scala/rocket/IDecode.scala;huancun/Utility/rocket-chip/src/main/scala/rocket/Instructions.scala;huancun/rocket-chip/src/main/scala/rocket/IDecode.scala;utility/rocket-chip/src/main/scala/rocket/IDecode.scala;utility/rocket-chip/src/main/scala/rocket/Instructions.scala
rorw,B,RV64,hdl,0,79,75,0,4,huancun/Utility/rocket-chip/src/main/scala/rocket/IDecode.scala;huancun/Utility/rocket-chip/src/main/scala/rocket/Instructions.scala;huancun/rocket-chip/src/main/scala/rocket/IDecode.scala;utility/rocket-chip/src/main/scala/rocket/IDecode.scala;utility/rocket-chip/src/main/scala/rocket/Instructions.scala
aes64ds,Zknd,RV64,hdl,0,78,74,0,4,huancun/Utility/rocket-chip/src/main/scala/rocket/IDecode.scala;huancun/Utility/rocket-chip/src/main/scala/rocket/Instructions.scala;huancun/rocket-chip/src/main/scala/rocket/IDecode.scala;utility/rocket-chip/src/main/scala/rocket/IDecode.scala;utility/rocket-chip/src/main/scala/rocket/Instructions.scala
aes64dsm,Zknd,RV64,hdl,0,78,74,0,4,huancun/Utility/rocket-chip/src/main/scala/rocket/IDecode.scala;huancun/Utility/rocket-chip/src/main/scala/rocket/Instructions.scala;huancun/rocket-chip/src/main/scala/rocket/IDecode.scala;utility/rocket-chip/src/main/scala/rocket/IDecode.scala;utility/rocket-chip/src/main/scala/rocket/Instructions.scala
aes64es,Zkne,RV64,hdl,0,78,74,0,4,huancun/Utility/rocket-chip/src/main/scala/rocket/IDecode.scala;huancun/Utility/rocket-chip/src/main/scala/rocket/Instructions.scala;huancun/rocket-chip/src/main/scala/rocket/IDecode.scala;utility/rocket-chip/src/main/scala/rocket/IDecode.scala;utility/rocket-chip/src/main/scala/rocket/Instructions.scala
aes64esm,Zkne,RV64,hdl,0,78,74,0,4,huancun/Utility/rocket-chip/src/main/scala/rocket/IDecode.scala;huancun/Utility/rocket-chip/src/main/scala/rocket/Instructions.scala;huancun/rocket-chip/src/main/scala/rocket/IDecode.scala;utility/rocket-chip/src/main/scala/rocket/IDecode.scala;utility/rocket-chip/src/main/scala/rocket/Instructions.scala
aes64im,Zknd,RV64,hdl,0,78,74,0,4,huancun/Utility/rocket-chip/src/main/scala/rocket/IDecode.scala;huancun/Utility/rocket-chip/src/main/scala/rocket/Instructions.scala;huancun/rocket-chip/src/main/scala/rocket/IDecode.scala;utility/rocket-chip/src/main/scala/rocket/IDecode.scala;utility/rocket-chip/src/main/scala/rocket/Instructions.scala
aes64ks2,Zkn,RV64,hdl,0,78,74,0,4,huancun/Utility/rocket-chip/src/main/scala/rocket/IDecode.scala;huancun/Utility/rocket-chip/src/main/scala/rocket/Instructions.scala;huancun/rocket-chip/src/main/scala/rocket/IDecode.scala;utility/rocket-chip/src/main/scala/rocket/IDecode.scala;utility/rocket-chip/src/main/scala/rocket/Instructions.scala
cpopw,Zbb,RV64,hdl,0,78,74,0,4,huancun/Utility/rocket-chip/src/main/scala/rocket/IDecode.scala;huancun/Utility/rocket-chip/src/main/scala/rocket/Instructions.scala;huancun/rocket-chip/src/main/scala/rocket/IDecode.scala;utility/rocket-chip/src/main/scala/rocket/IDecode.scala;utility/rocket-chip/src/main/scala/rocket/Instructions.scala
csrrci,Zicsr,RV32;RV64,hdl,0,78,74,0,4,huancun/Utility/rocket-chip/src/main/scala/rocket/IDecode.scala;huancun/Utility/rocket-chip/src/main/scala/rocket/Instructions.scala;huancun/rocket-chip/src/main/scala/rocket/IDecode.scala;utility/rocket-chip/src/main/scala/rocket/IDecode.scala;utility/rocket-chip/src/main/scala/rocket/Instructions.scala
csrrsi,Zicsr,RV32;RV64,hdl,0,78,74,0,4,huancun/Utility/rocket-chip/src/main/scala/rocket/IDecode.scala;huancun/Utility/rocket-chip/src/main/scala/rocket/Instructions.scala;huancun/rocket-chip/src/main/scala/rocket/IDecode.scala;utility/rocket-chip/src/main/scala/rocket/IDecode.scala;utility/rocket-chip/src/main/scala/rocket/Instructions.scala
csrrwi,Zicsr,RV32;RV64,hdl,0,78,74,0,4,huancun/Utility/rocket-chip/src/main/scala/rocket/IDecode.scala;huancun/Utility/rocket-chip/src/main/scala/rocket/Instructions.scala;huancun/rocket-chip/src/main/scala/rocket/IDecode.scala;utility/rocket-chip/src/main/scala/rocket/IDecode.scala;utility/rocket-chip/src/main/scala/rocket/Instructions.scala
czero.eqz,Zicond,RV32;RV64,hdl,0,78,74,0,4,huancun/Utility/rocket-chip/src/main/scala/rocket/IDecode.scala;huancun/Utility/rocket-chip/src/main/scala/rocket/Instructions.scala;huancun/rocket-chip/src/main/scala/rocket/IDecode.scala;utility/rocket-chip/src/main/scala/rocket/IDecode.scala;utility/rocket-chip/src/main/scala/rocket/Instructions.scala
czero.nez,Zicond,RV32;RV64,hdl,0,78,74,0,4,huancun/Utility/rocket-chip/src/main/scala/rocket/IDecode.scala;huancun/Utility/rocket-chip/src/main/scala/rocket/Instructions.scala;huancun/rocket-chip/src/main/scala/rocket/IDecode.scala;utility/rocket-chip/src/main/scala/rocket/IDecode.scala;utility/rocket-chip/src/main/scala/rocket/Instructions.scala
lr.d,Zalrsc,RV64,hdl,0,78,74,0,4,huancun/Utility/rocket-chip/src/main/scala/rocket/IDecode.scala;huancun/Utility/rocket-chip/src/main/scala/rocket/Instructions.scala;huancun/rocket-chip/src/main/scala/rocket/IDecode.scala;utility/rocket-chip/src/main/scala/rocket/IDecode.scala;utility/rocket-chip/src/main/scala/rocket/Instructions.scala
lr.w,Zalrsc,RV32;RV64,hdl,0,78,74,0,4,huancun/Utility/rocket-chip/src/main/scala/rocket/IDecode.scala;huancun/Utility/rocket-chip/src/main/scala/rocket/Instructions.scala;huancun/rocket-chip/src/main/scala/rocket/IDecode.scala;utility/rocket-chip/src/main/scala/rocket/IDecode.scala;utility/rocket-chip/src/main/scala/rocket/Instructions.scala
roriw,B,RV64,hdl,0,78,74,0,4,huancun/Utility/rocket-chip/src/main/scala/rocket/IDecode.scala;huancun/Utility/rocket-chip/src/main/scala/rocket/Instructions.scala;huancun/rocket-chip/src/main/scala/rocket/IDecode.scala;utility/rocket-chip/src/main/scala/rocket/IDecode.scala;utility/rocket-chip/src/main/scala/rocket/Instructions.scala
sc.d,Zalrsc,RV64,hdl,0,78,74,0,4,huancun/Utility/rocket-chip/src/main/scala/rocket/IDecode.scala;huancun/Utility/rocket-chip/src/main/scala/rocket/Instructions.scala;huancun/rocket-chip/src/main/scala/rocket/IDecode.scala;utility/rocket-chip/src/main/scala/rocket/IDecode.scala;utility/rocket-chip/src/main/scala/rocket/Instructions.scala
sc.w,Zalrsc,RV32;RV64,hdl,0,78,74,0,4,huancun/Utility/rocket-chip/src/main/scala/rocket/IDecode.scala;huancun/Utility/rocket-chip/src/main/scala/rocket/Instructions.scala;huancun/rocket-chip/src/main/scala/rocket/IDecode.scala;utility/rocket-chip/src/main/scala/rocket/IDecode.scala;utility/rocket-chip/src/main/scala/rocket/Instructions.scala
sha256sig0,Zknh,RV32;RV64,hdl,0,78,74,0,4,huancun/Utility/rocket-chip/src/main/scala/rocket/IDecode.scala;huancun/Utility/rocket-chip/src/main/scala/rocket/Instructions.scala;huancun/rocket-chip/src/main/scala/rocket/IDecode.scala;utility/rocket-chip/src/main/scala/rocket/IDecode.scala;utility/rocket-chip/src/main/scala/rocket/Instructions.scala
sha256sig1,Zknh,RV32;RV64,hdl,0,78,74,0,4,huancun/Utility/rocket-chip/src/main/scala/rocket/IDecode.scala;huancun/Utility/rocket-chip/src/main/scala/rocket/Instructions.scala;huancun/rocket-chip/src/main/scala/rocket/IDecode.scala;utility/rocket-chip/src/main/scala/rocket/IDecode.scala;utility/rocket-chip/src/main/scala/rocket/Instructions.scala
sha256sum0,Zknh,RV32;RV64,hdl,0,78,74,0,4,huancun/Utility/rocket-chip/src/main/scala/rocket/IDecode.scala;huancun/Utility/rocket-chip/src/main/scala/rocket/Instructions.scala;huancun/rocket-chip/src/main/scala/rocket/IDecode.scala;utility/rocket-chip/src/main/scala/rocket/IDecode.scala;utility/rocket-chip/src/main/scala/rocket/Instructions.scala
sha256sum1,Zknh,RV32;RV64,hdl,0,78,74,0,4,huancun/Utility/rocket-chip/src/main/scala/rocket/IDecode.scala;huancun/Utility/rocket-chip/src/main/scala/rocket/Instructions.scala;huancun/rocket-chip/src/main/scala/rocket/IDecode.scala;utility/rocket-chip/src/main/scala/rocket/IDecode.scala;utility/rocket-chip/src/main/scala/rocket/Instructions.scala
sha512sig0,Zknh,RV64,hdl,0,78,74,0,4,huancun/Utility/rocket-chip/src/main/scala/rocket/IDecode.scala;huancun/Utility/rocket-chip/src/main/scala/rocket/Instructions.scala;huancun/rocket-chip/src/main/scala/rocket/IDecode.scala;utility/rocket-chip/src/main/scala/rocket/IDecode.scala;utility/rocket-chip/src/main/scala/rocket/Instructions.scala
sha512sig1,Zknh,RV64,hdl,0,78,74,0,4,huancun/Utility/rocket-chip/src/main/scala/rocket/IDecode.scala;huancun/Utility/rocket-chip/src/main/scala/rocket/Instructions.scala;huancun/rocket-chip/src/main/scala/rocket/IDecode.scala;utility/rocket-chip/src/main/scala/rocket/IDecode.scala;utility/rocket-chip/src/main/scala/rocket/Instructions.scala
sha512sum0,Zknh,RV64,hdl,0,78,74,0,4,huancun/Utility/rocket-chip/src/main/scala/rocket/IDecode.scala;huancun/Utility/rocket-chip/src/main/scala/rocket/Instructions.scala;huancun/rocket-chip/src/main/scala/rocket/IDecode.scala;utility/rocket-chip/src/main/scala/rocket/IDecode.scala;utility/rocket-chip/src/main/scala/rocket/Instructions.scala
sha512sum1,Zknh,RV64,hdl,0,78,74,0,4,huancun/Utility/rocket-chip/src/main/scala/rocket/IDecode.scala;huancun/Utility/rocket-chip/src/main/scala/rocket/Instructions.scala;huancun/rocket-chip/src/main/scala/rocket/IDecode.scala;utility/rocket-chip/src/main/scala/rocket/IDecode.scala;utility/rocket-chip/src/main/scala/rocket/Instructions.scala
aes32dsi,Zknd,RV32,hdl,0,76,72,0,4,huancun/Utility/rocket-chip/src/main/scala/rocket/IDecode.scala;huancun/Utility/rocket-chip/src/main/scala/rocket/Instructions32.scala;huancun/rocket-chip/src/main/scala/rocket/IDecode.scala;utility/rocket-chip/src/main/scala/rocket/IDecode.scala;utility/rocket-chip/src/main/scala/rocket/Instructions32.scala
aes32dsmi,Zknd,RV32,hdl,0,76,72,0,4,huancun/Utility/rocket-chip/src/main/scala/rocket/IDecode.scala;huancun/Utility/rocket-chip/src/main/scala/rocket/Instructions32.scala;huancun/rocket-chip/src/main/scala/rocket/IDecode.scala;utility/rocket-chip/src/main/scala/rocket/IDecode.scala;utility/rocket-chip/src/main/scala/rocket/Instructions32.scala
aes32esi,Zkne,RV32,hdl,0,76,72,0,4,huancun/Utility/rocket-chip/src/main/scala/rocket/IDecode.scala;huancun/Utility/rocket-chip/src/main/scala/rocket/Instructions32.scala;huancun/rocket-chip/src/main/scala/rocket/IDecode.scala;utility/rocket-chip/src/main/scala/rocket/IDecode.scala;utility/rocket-chip/src/main/scala/rocket/Instructions32.scala
aes32esmi,Zkne,RV32,hdl,0,76,72,0,4,huancun/Utility/rocket-chip/src/main/scala/rocket/IDecode.scala;huancun/Utility/rocket-chip/src/main/scala/rocket/Instructions32.scala;huancun/rocket-chip/src/main/scala/rocket/IDecode.scala;utility/rocket-chip/src/main/scala/rocket/IDecode.scala;utility/rocket-chip/src/main/scala/rocket/Instructions32.scala
sha512sig0h,Zknh,RV32,hdl,0,76,72,0,4,huancun/Utility/rocket-chip/src/main/scala/rocket/IDecode.scala;huancun/Utility/rocket-chip/src/main/scala/rocket/Instructions32.scala;huancun/rocket-chip/src/main/scala/rocket/IDecode.scala;utility/rocket-chip/src/main/scala/rocket/IDecode.scala;utility/rocket-chip/src/main/scala/rocket/Instructions32.scala
sha512sig0l,Zknh,RV32,hdl,0,76,72,0,4,huancun/Utility/rocket-chip/src/main/scala/rocket/IDecode.scala;huancun/Utility/rocket-chip/src/main/scala/rocket/Instructions32.scala;huancun/rocket-chip/src/main/scala/rocket/IDecode.scala;utility/rocket-chip/src/main/scala/rocket/IDecode.scala;utility/rocket-chip/src/main/scala/rocket/Instructions32.scala
sha512sig1h,Zknh,RV32,hdl,0,76,72,0,4,huancun/Utility/rocket-chip/src/main/scala/rocket/IDecode.scala;huancun/Utility/rocket-chip/src/main/scala/rocket/Instructions32.scala;huancun/rocket-chip/src/main/scala/rocket/IDecode.scala;utility/rocket-chip/src/main/scala/rocket/IDecode.scala;utility/rocket-chip/src/main/scala/rocket/Instructions32.scala
sha512sig1l,Zknh,RV32,hdl,0,76,72,0,4,huancun/Utility/rocket-chip/src/main/scala/rocket/IDecode.scala;huancun/Utility/rocket-chip/src/main/scala/rocket/Instructions32.scala;huancun/rocket-chip/src/main/scala/rocket/IDecode.scala;utility/rocket-chip/src/main/scala/rocket/IDecode.scala;utility/rocket-chip/src/main/scala/rocket/Instructions32.scala
sha512sum0r,Zknh,RV32,hdl,0,76,72,0,4,huancun/Utility/rocket-chip/src/main/scala/rocket/IDecode.scala;huancun/Utility/rocket-chip/src/main/scala/rocket/Instructions32.scala;huancun/rocket-chip/src/main/scala/rocket/IDecode.scala;utility/rocket-chip/src/main/scala/rocket/IDecode.scala;utility/rocket-chip/src/main/scala/rocket/Instructions32.scala
sha512sum1r,Zknh,RV32,hdl,0,76,72,0,4,huancun/Utility/rocket-chip/src/main/scala/rocket/IDecode.scala;huancun/Utility/rocket-chip/src/main/scala/rocket/Instructions32.scala;huancun/rocket-chip/src/main/scala/rocket/IDecode.scala;utility/rocket-chip/src/main/scala/rocket/IDecode.scala;utility/rocket-chip/src/main/scala/rocket/Instructions32.scala
pause,Zihintpause,RV32;RV64,hdl,0,74,70,0,4,huancun/Utility/rocket-chip/src/main/scala/jtag/JtagStateMachine.scala;huancun/Utility/rocket-chip/src/main/scala/rocket/Instructions.scala;huancun/rocket-chip/src/main/scala/jtag/JtagStateMachine.scala;utility/rocket-chip/src/main/scala/jtag/JtagStateMachine.scala;utility/rocket-chip/src/main/scala/rocket/Instructions.scala
vsetvli,Zvl32b,RV32;RV64,hdl,0,67,65,0,2,huancun/Utility/rocket-chip/src/main/scala/rocket/Instructions.scala;huancun/rocket-chip/src/main/scala/rocket/Instructions.scala;openLLC/openNCB/external/rocket-chip/src/main/scala/rocket/Instructions.scala;openLLC/utility/rocket-chip/src/main/scala/rocket/Instructions.scala;utility/rocket-chip/src/main/scala/rocket/Instructions.scala
vsetivli,Zvl32b,RV32;RV64,hdl,0,66,64,0,2,huancun/Utility/rocket-chip/src/main/scala/rocket/Instructions.scala;huancun/rocket-chip/src/main/scala/rocket/Instructions.scala;openLLC/openNCB/external/rocket-chip/src/main/scala/rocket/Instructions.scala;openLLC/utility/rocket-chip/src/main/scala/rocket/Instructions.scala;utility/rocket-chip/src/main/scala/rocket/Instructions.scala
amocas.q,Zacas,RV64,hdl,0,60,57,0,3,huancun/Utility/rocket-chip/src/main/scala/rocket/Consts.scala;huancun/Utility/rocket-chip/src/main/scala/rocket/Instructions.scala;huancun/rocket-chip/src/main/scala/rocket/Consts.scala;utility/rocket-chip/src/main/scala/rocket/Consts.scala;utility/rocket-chip/src/main/scala/rocket/Instructions.scala
vnclip.wv,Zvl32b,RV32;RV64,hdl,0,55,53,0,2,huancun/Utility/rocket-chip/src/main/scala/rocket/Instructions.scala;huancun/rocket-chip/src/main/scala/rocket/Instructions.scala;openLLC/openNCB/external/rocket-chip/src/main/scala/rocket/Instructions.scala;openLLC/utility/rocket-chip/src/main/scala/rocket/Instructions.scala;utility/rocket-chip/src/main/scala/rocket/Instructions.scala
vsext.vf4,Zvl32b,RV32;RV64,hdl,0,52,50,0,2,huancun/Utility/rocket-chip/src/main/scala/rocket/Instructions.scala;huancun/rocket-chip/src/main/scala/rocket/Instructions.scala;openLLC/openNCB/external/rocket-chip/src/main/scala/rocket/Instructions.scala;openLLC/utility/rocket-chip/src/main/scala/rocket/Instructions.scala;utility/rocket-chip/src/main/scala/rocket/Instructions.scala
vmv.s.x,Zvl32b,RV32;RV64,hdl,0,48,46,0,2,huancun/Utility/rocket-chip/src/main/scala/rocket/Instructions.scala;huancun/rocket-chip/src/main/scala/rocket/Instructions.scala;openLLC/openNCB/external/rocket-chip/src/main/scala/rocket/Instructions.scala;openLLC/utility/rocket-chip/src/main/scala/rocket/Instructions.scala;utility/rocket-chip/src/main/scala/rocket/Instructions.scala
vzext.vf4,Zvl32b,RV32;RV64,hdl,0,48,46,0,2,huancun/Utility/rocket-chip/src/main/scala/rocket/Instructions.scala;huancun/rocket-chip/src/main/scala/rocket/Instructions.scala;openLLC/openNCB/external/rocket-chip/src/main/scala/rocket/Instructions.scala;openLLC/utility/rocket-chip/src/main/scala/rocket/Instructions.scala;utility/rocket-chip/src/main/scala/rocket/Instructions.scala
vmadc.vvm,Zvl32b,RV32;RV64,hdl,0,47,45,0,2,huancun/Utility/rocket-chip/src/main/scala/rocket/Instructions.scala;huancun/rocket-chip/src/main/scala/rocket/Instructions.scala;openLLC/openNCB/external/rocket-chip/src/main/scala/rocket/Instructions.scala;openLLC/utility/rocket-chip/src/main/scala/rocket/Instructions.scala;utility/rocket-chip/src/main/scala/rocket/Instructions.scala
vmadc.vv,Zvl32b,RV32;RV64,hdl,0,46,44,0,2,huancun/Utility/rocket-chip/src/main/scala/rocket/Instructions.scala;huancun/rocket-chip/src/main/scala/rocket/Instructions.scala;openLLC/openNCB/external/rocket-chip/src/main/scala/rocket/Instructions.scala;openLLC/utility/rocket-chip/src/main/scala/rocket/Instructions.scala;utility/rocket-chip/src/main/scala/rocket/Instructions.scala
vmsbc.vv,Zvl32b,RV32;RV64,hdl,0,46,44,0,2,huancun/Utility/rocket-chip/src/main/scala/rocket/Instructions.scala;huancun/rocket-chip/src/main/scala/rocket/Instructions.scala;openLLC/openNCB/external/rocket-chip/src/main/scala/rocket/Instructions.scala;openLLC/utility/rocket-chip/src/main/scala/rocket/Instructions.scala;utility/rocket-chip/src/main/scala/rocket/Instructions.scala
vsext.vf2,Zvl32b,RV32;RV64,hdl,0,46,44,0,2,huancun/Utility/rocket-chip/src/main/scala/rocket/Instructions.scala;huancun/rocket-chip/src/main/scala/rocket/Instructions.scala;openLLC/openNCB/external/rocket-chip/src/main/scala/rocket/Instructions.scala;openLLC/utility/rocket-chip/src/main/scala/rocket/Instructions.scala;utility/rocket-chip/src/main/scala/rocket/Instructions.scala
vwadd.wv,Zvl32b,RV32;RV64,hdl,0,46,44,0,2,huancun/Utility/rocket-chip/src/main/scala/rocket/Instructions.scala;huancun/rocket-chip/src/main/scala/rocket/Instructions.scala;openLLC/openNCB/external/rocket-chip/src/main/scala/rocket/Instructions.scala;openLLC/utility/rocket-chip/src/main/scala/rocket/Instructions.scala;utility/rocket-chip/src/main/scala/rocket/Instructions.scala
vzext.vf2,Zvl32b,RV32;RV64,hdl,0,46,44,0,2,huancun/Utility/rocket-chip/src/main/scala/rocket/Instructions.scala;huancun/rocket-chip/src/main/scala/rocket/Instructions.scala;openLLC/openNCB/external/rocket-chip/src/main/scala/rocket/Instructions.scala;openLLC/utility/rocket-chip/src/main/scala/rocket/Instructions.scala;utility/rocket-chip/src/main/scala/rocket/Instructions.scala
vmandn.mm,Zvl32b,RV32;RV64,hdl,0,45,43,0,2,huancun/Utility/rocket-chip/src/main/scala/rocket/Instructions.scala;huancun/rocket-chip/src/main/scala/rocket/Instructions.scala;openLLC/openNCB/external/rocket-chip/src/main/scala/rocket/Instructions.scala;openLLC/utility/rocket-chip/src/main/scala/rocket/Instructions.scala;utility/rocket-chip/src/main/scala/rocket/Instructions.scala
vmv.x.s,Zvl32b,RV32;RV64,hdl,0,45,43,0,2,huancun/Utility/rocket-chip/src/main/scala/rocket/Instructions.scala;huancun/rocket-chip/src/main/scala/rocket/Instructions.scala;openLLC/openNCB/external/rocket-chip/src/main/scala/rocket/Instructions.scala;openLLC/utility/rocket-chip/src/main/scala/rocket/Instructions.scala;utility/rocket-chip/src/main/scala/rocket/Instructions.scala
vsext.vf8,Zvl32b,RV32;RV64,hdl,0,45,43,0,2,huancun/Utility/rocket-chip/src/main/scala/rocket/Instructions.scala;huancun/rocket-chip/src/main/scala/rocket/Instructions.scala;openLLC/openNCB/external/rocket-chip/src/main/scala/rocket/Instructions.scala;openLLC/utility/rocket-chip/src/main/scala/rocket/Instructions.scala;utility/rocket-chip/src/main/scala/rocket/Instructions.scala
vzext.vf8,Zvl32b,RV32;RV64,hdl,0,45,43,0,2,huancun/Utility/rocket-chip/src/main/scala/rocket/Instructions.scala;huancun/rocket-chip/src/main/scala/rocket/Instructions.scala;openLLC/openNCB/external/rocket-chip/src/main/scala/rocket/Instructions.scala;openLLC/utility/rocket-chip/src/main/scala/rocket/Instructions.scala;utility/rocket-chip/src/main/scala/rocket/Instructions.scala
vcompress.vm,Zvl32b,RV32;RV64,hdl,0,44,42,0,2,huancun/Utility/rocket-chip/src/main/scala/rocket/Instructions.scala;huancun/rocket-chip/src/main/scala/rocket/Instructions.scala;openLLC/openNCB/external/rocket-chip/src/main/scala/rocket/Instructions.scala;openLLC/utility/rocket-chip/src/main/scala/rocket/Instructions.scala;utility/rocket-chip/src/main/scala/rocket/Instructions.scala
vfncvt.rtz.x.f.w,Zvl32b,RV32;RV64,hdl,0,44,42,0,2,huancun/Utility/rocket-chip/src/main/scala/rocket/Instructions.scala;huancun/rocket-chip/src/main/scala/rocket/Instructions.scala;openLLC/openNCB/external/rocket-chip/src/main/scala/rocket/Instructions.scala;openLLC/utility/rocket-chip/src/main/scala/rocket/Instructions.scala;utility/rocket-chip/src/main/scala/rocket/Instructions.scala
vfncvt.rtz.xu.f.w,Zvl32b,RV32;RV64,hdl,0,44,42,0,2,huancun/Utility/rocket-chip/src/main/scala/rocket/Instructions.scala;huancun/rocket-chip/src/main/scala/rocket/Instructions.scala;openLLC/openNCB/external/rocket-chip/src/main/scala/rocket/Instructions.scala;openLLC/utility/rocket-chip/src/main/scala/rocket/Instructions.scala;utility/rocket-chip/src/main/scala/rocket/Instructions.scala
vfncvt.x.f.w,Zvl32b,RV32;RV64,hdl,0,44,42,0,2,huancun/Utility/rocket-chip/src/main/scala/rocket/Instructions.scala;huancun/rocket-chip/src/main/scala/rocket/Instructions.scala;openLLC/openNCB/external/rocket-chip/src/main/scala/rocket/Instructions.scala;openLLC/utility/rocket-chip/src/main/scala/rocket/Instructions.scala;utility/rocket-chip/src/main/scala/rocket/Instructions.scala
vfncvt.xu.f.w,Zvl32b,RV32;RV64,hdl,0,44,42,0,2,huancun/Utility/rocket-chip/src/main/scala/rocket/Instructions.scala;huancun/rocket-chip/src/main/scala/rocket/Instructions.scala;openLLC/openNCB/external/rocket-chip/src/main/scala/rocket/Instructions.scala;openLLC/utility/rocket-chip/src/main/scala/rocket/Instructions.scala;utility/rocket-chip/src/main/scala/rocket/Instructions.scala
vmand.mm,Zvl32b,RV32;RV64,hdl,0,44,42,0,2,huancun/Utility/rocket-chip/src/main/scala/rocket/Instructions.scala;huancun/rocket-chip/src/main/scala/rocket/Instructions.scala;openLLC/openNCB/external/rocket-chip/src/main/scala/rocket/Instructions.scala;openLLC/utility/rocket-chip/src/main/scala/rocket/Instructions.scala;utility/rocket-chip/src/main/scala/rocket/Instructions.scala
vmnand.mm,Zvl32b,RV32;RV64,hdl,0,44,42,0,2,huancun/Utility/rocket-chip/src/main/scala/rocket/Instructions.scala;huancun/rocket-chip/src/main/scala/rocket/Instructions.scala;openLLC/openNCB/external/rocket-chip/src/main/scala/rocket/Instructions.scala;openLLC/utility/rocket-chip/src/main/scala/rocket/Instructions.scala;utility/rocket-chip/src/main/scala/rocket/Instructions.scala
vmnor.mm,Zvl32b,RV32;RV64,hdl,0,44,42,0,2,huancun/Utility/rocket-chip/src/main/scala/rocket/Instructions.scala;huancun/rocket-chip/src/main/scala/rocket/Instructions.scala;openLLC/openNCB/external/rocket-chip/src/main/scala/rocket/Instructions.scala;openLLC/utility/rocket-chip/src/main/scala/rocket/Instructions.scala;utility/rocket-chip/src/main/scala/rocket/Instructions.scala
vmor.mm,Zvl32b,RV32;RV64,hdl,0,44,42,0,2,huancun/Utility/rocket-chip/src/main/scala/rocket/Instructions.scala;huancun/rocket-chip/src/main/scala/rocket/Instructions.scala;openLLC/openNCB/external/rocket-chip/src/main/scala/rocket/Instructions.scala;openLLC/utility/rocket-chip/src/main/scala/rocket/Instructions.scala;utility/rocket-chip/src/main/scala/rocket/Instructions.scala
vmorn.mm,Zvl32b,RV32;RV64,hdl,0,44,42,0,2,huancun/Utility/rocket-chip/src/main/scala/rocket/Instructions.scala;huancun/rocket-chip/src/main/scala/rocket/Instructions.scala;openLLC/openNCB/external/rocket-chip/src/main/scala/rocket/Instructions.scala;openLLC/utility/rocket-chip/src/main/scala/rocket/Instructions.scala;utility/rocket-chip/src/main/scala/rocket/Instructions.scala
vmsbc.vvm,Zvl32b,RV32;RV64,hdl,0,44,42,0,2,huancun/Utility/rocket-chip/src/main/scala/rocket/Instructions.scala;huancun/rocket-chip/src/main/scala/rocket/Instructions.scala;openLLC/openNCB/external/rocket-chip/src/main/scala/rocket/Instructions.scala;openLLC/utility/rocket-chip/src/main/scala/rocket/Instructions.scala;utility/rocket-chip/src/main/scala/rocket/Instructions.scala
vmsbf.m,Zvl32b,RV32;RV64,hdl,0,44,42,0,2,huancun/Utility/rocket-chip/src/main/scala/rocket/Instructions.scala;huancun/rocket-chip/src/main/scala/rocket/Instructions.scala;openLLC/openNCB/external/rocket-chip/src/main/scala/rocket/Instructions.scala;openLLC/utility/rocket-chip/src/main/scala/rocket/Instructions.scala;utility/rocket-chip/src/main/scala/rocket/Instructions.scala
vmsgt.vx,Zvl32b,RV32;RV64,hdl,0,44,42,0,2,huancun/Utility/rocket-chip/src/main/scala/rocket/Instructions.scala;huancun/rocket-chip/src/main/scala/rocket/Instructions.scala;openLLC/openNCB/external/rocket-chip/src/main/scala/rocket/Instructions.scala;openLLC/utility/rocket-chip/src/main/scala/rocket/Instructions.scala;utility/rocket-chip/src/main/scala/rocket/Instructions.scala
vmsgtu.vx,Zvl32b,RV32;RV64,hdl,0,44,42,0,2,huancun/Utility/rocket-chip/src/main/scala/rocket/Instructions.scala;huancun/rocket-chip/src/main/scala/rocket/Instructions.scala;openLLC/openNCB/external/rocket-chip/src/main/scala/rocket/Instructions.scala;openLLC/utility/rocket-chip/src/main/scala/rocket/Instructions.scala;utility/rocket-chip/src/main/scala/rocket/Instructions.scala
vmsif.m,Zvl32b,RV32;RV64,hdl,0,44,42,0,2,huancun/Utility/rocket-chip/src/main/scala/rocket/Instructions.scala;huancun/rocket-chip/src/main/scala/rocket/Instructions.scala;openLLC/openNCB/external/rocket-chip/src/main/scala/rocket/Instructions.scala;openLLC/utility/rocket-chip/src/main/scala/rocket/Instructions.scala;utility/rocket-chip/src/main/scala/rocket/Instructions.scala
vmsof.m,Zvl32b,RV32;RV64,hdl,0,44,42,0,2,huancun/Utility/rocket-chip/src/main/scala/rocket/Instructions.scala;huancun/rocket-chip/src/main/scala/rocket/Instructions.scala;openLLC/openNCB/external/rocket-chip/src/main/scala/rocket/Instructions.scala;openLLC/utility/rocket-chip/src/main/scala/rocket/Instructions.scala;utility/rocket-chip/src/main/scala/rocket/Instructions.scala
vmxnor.mm,Zvl32b,RV32;RV64,hdl,0,44,42,0,2,huancun/Utility/rocket-chip/src/main/scala/rocket/Instructions.scala;huancun/rocket-chip/src/main/scala/rocket/Instructions.scala;openLLC/openNCB/external/rocket-chip/src/main/scala/rocket/Instructions.scala;openLLC/utility/rocket-chip/src/main/scala/rocket/Instructions.scala;utility/rocket-chip/src/main/scala/rocket/Instructions.scala
vmxor.mm,Zvl32b,RV32;RV64,hdl,0,44,42,0,2,huancun/Utility/rocket-chip/src/main/scala/rocket/Instructions.scala;huancun/rocket-chip/src/main/scala/rocket/Instructions.scala;openLLC/openNCB/external/rocket-chip/src/main/scala/rocket/Instructions.scala;openLLC/utility/rocket-chip/src/main/scala/rocket/Instructions.scala;utility/rocket-chip/src/main/scala/rocket/Instructions.scala
vrgather.vv,Zvl32b,RV32;RV64,hdl,0,44,42,0,2,huancun/Utility/rocket-chip/src/main/scala/rocket/Instructions.scala;huancun/rocket-chip/src/main/scala/rocket/Instructions.scala;openLLC/openNCB/external/rocket-chip/src/main/scala/rocket/Instructions.scala;openLLC/utility/rocket-chip/src/main/scala/rocket/Instructions.scala;utility/rocket-chip/src/main/scala/rocket/Instructions.scala
vrgather.vx,Zvl32b,RV32;RV64,hdl,0,44,42,0,2,huancun/Utility/rocket-chip/src/main/scala/rocket/Instructions.scala;huancun/rocket-chip/src/main/scala/rocket/Instructions.scala;openLLC/openNCB/external/rocket-chip/src/main/scala/rocket/Instructions.scala;openLLC/utility/rocket-chip/src/main/scala/rocket/Instructions.scala;utility/rocket-chip/src/main/scala/rocket/Instructions.scala
vwaddu.wv,Zvl32b,RV32;RV64,hdl,0,44,42,0,2,huancun/Utility/rocket-chip/src/main/scala/rocket/Instructions.scala;huancun/rocket-chip/src/main/scala/rocket/Instructions.scala;openLLC/openNCB/external/rocket-chip/src/main/scala/rocket/Instructions.scala;openLLC/utility/rocket-chip/src/main/scala/rocket/Instructions.scala;utility/rocket-chip/src/main/scala/rocket/Instructions.scala
vwsub.wv,Zvl32b,RV32;RV64,hdl,0,44,42,0,2,huancun/Utility/rocket-chip/src/main/scala/rocket/Instructions.scala;huancun/rocket-chip/src/main/scala/rocket/Instructions.scala;openLLC/openNCB/external/rocket-chip/src/main/scala/rocket/Instructions.scala;openLLC/utility/rocket-chip/src/main/scala/rocket/Instructions.scala;utility/rocket-chip/src/main/scala/rocket/Instructions.scala
vwsubu.wv,Zvl32b,RV32;RV64,hdl,0,44,42,0,2,huancun/Utility/rocket-chip/src/main/scala/rocket/Instructions.scala;huancun/rocket-chip/src/main/scala/rocket/Instructions.scala;openLLC/openNCB/external/rocket-chip/src/main/scala/rocket/Instructions.scala;openLLC/utility/rocket-chip/src/main/scala/rocket/Instructions.scala;utility/rocket-chip/src/main/scala/rocket/Instructions.scala
vcpop.m,Zvl32b,RV32;RV64,hdl,0,43,41,0,2,huancun/Utility/rocket-chip/src/main/scala/rocket/Instructions.scala;huancun/rocket-chip/src/main/scala/rocket/Instructions.scala;openLLC/openNCB/external/rocket-chip/src/main/scala/rocket/Instructions.scala;openLLC/utility/rocket-chip/src/main/scala/rocket/Instructions.scala;utility/rocket-chip/src/main/scala/rocket/Instructions.scala
vfirst.m,Zvl32b,RV32;RV64,hdl,0,43,41,0,2,huancun/Utility/rocket-chip/src/main/scala/rocket/Instructions.scala;huancun/rocket-chip/src/main/scala/rocket/Instructions.scala;openLLC/openNCB/external/rocket-chip/src/main/scala/rocket/Instructions.scala;openLLC/utility/rocket-chip/src/main/scala/rocket/Instructions.scala;utility/rocket-chip/src/main/scala/rocket/Instructions.scala
vfmv.f.s,Zvl32b,RV32;RV64,hdl,0,43,41,0,2,huancun/Utility/rocket-chip/src/main/scala/rocket/Instructions.scala;huancun/rocket-chip/src/main/scala/rocket/Instructions.scala;openLLC/openNCB/external/rocket-chip/src/main/scala/rocket/Instructions.scala;openLLC/utility/rocket-chip/src/main/scala/rocket/Instructions.scala;utility/rocket-chip/src/main/scala/rocket/Instructions.scala
vfncvt.f.f.w,Zvl32b,RV32;RV64,hdl,0,43,41,0,2,huancun/Utility/rocket-chip/src/main/scala/rocket/Instructions.scala;huancun/rocket-chip/src/main/scala/rocket/Instructions.scala;openLLC/openNCB/external/rocket-chip/src/main/scala/rocket/Instructions.scala;openLLC/utility/rocket-chip/src/main/scala/rocket/Instructions.scala;utility/rocket-chip/src/main/scala/rocket/Instructions.scala
vfncvt.f.x.w,Zvl32b,RV32;RV64,hdl,0,43,41,0,2,huancun/Utility/rocket-chip/src/main/scala/rocket/Instructions.scala;huancun/rocket-chip/src/main/scala/rocket/Instructions.scala;openLLC/openNCB/external/rocket-chip/src/main/scala/rocket/Instructions.scala;openLLC/utility/rocket-chip/src/main/scala/rocket/Instructions.scala;utility/rocket-chip/src/main/scala/rocket/Instructions.scala
vfncvt.f.xu.w,Zvl32b,RV32;RV64,hdl,0,43,41,0,2,huancun/Utility/rocket-chip/src/main/scala/rocket/Instructions.scala;huancun/rocket-chip/src/main/scala/rocket/Instructions.scala;openLLC/openNCB/external/rocket-chip/src/main/scala/rocket/Instructions.scala;openLLC/utility/rocket-chip/src/main/scala/rocket/Instructions.scala;utility/rocket-chip/src/main/scala/rocket/Instructions.scala
vfncvt.rod.f.f.w,Zvl32b,RV32;RV64,hdl,0,43,41,0,2,huancun/Utility/rocket-chip/src/main/scala/rocket/Instructions.scala;huancun/rocket-chip/src/main/scala/rocket/Instructions.scala;openLLC/openNCB/external/rocket-chip/src/main/scala/rocket/Instructions.scala;openLLC/utility/rocket-chip/src/main/scala/rocket/Instructions.scala;utility/rocket-chip/src/main/scala/rocket/Instructions.scala
vfredmax.vs,Zvl32b,RV32;RV64,hdl,0,43,41,0,2,huancun/Utility/rocket-chip/src/main/scala/rocket/Instructions.scala;huancun/rocket-chip/src/main/scala/rocket/Instructions.scala;openLLC/openNCB/external/rocket-chip/src/main/scala/rocket/Instructions.scala;openLLC/utility/rocket-chip/src/main/scala/rocket/Instructions.scala;utility/rocket-chip/src/main/scala/rocket/Instructions.scala
vfredmin.vs,Zvl32b,RV32;RV64,hdl,0,43,41,0,2,huancun/Utility/rocket-chip/src/main/scala/rocket/Instructions.scala;huancun/rocket-chip/src/main/scala/rocket/Instructions.scala;openLLC/openNCB/external/rocket-chip/src/main/scala/rocket/Instructions.scala;openLLC/utility/rocket-chip/src/main/scala/rocket/Instructions.scala;utility/rocket-chip/src/main/scala/rocket/Instructions.scala
vfredosum.vs,Zvl32b,RV32;RV64,hdl,0,43,41,0,2,huancun/Utility/rocket-chip/src/main/scala/rocket/Instructions.scala;huancun/rocket-chip/src/main/scala/rocket/Instructions.scala;openLLC/openNCB/external/rocket-chip/src/main/scala/rocket/Instructions.scala;openLLC/utility/rocket-chip/src/main/scala/rocket/Instructions.scala;utility/rocket-chip/src/main/scala/rocket/Instructions.scala
vfredusum.vs,Zvl32b,RV32;RV64,hdl,0,43,41,0,2,huancun/Utility/rocket-chip/src/main/scala/rocket/Instructions.scala;huancun/rocket-chip/src/main/scala/rocket/Instructions.scala;openLLC/openNCB/external/rocket-chip/src/main/scala/rocket/Instructions.scala;openLLC/utility/rocket-chip/src/main/scala/rocket/Instructions.scala;utility/rocket-chip/src/main/scala/rocket/Instructions.scala
vfslide1up.vf,Zvl32b,RV32;RV64,hdl,0,43,41,0,2,huancun/Utility/rocket-chip/src/main/scala/rocket/Instructions.scala;huancun/rocket-chip/src/main/scala/rocket/Instructions.scala;openLLC/openNCB/external/rocket-chip/src/main/scala/rocket/Instructions.scala;openLLC/utility/rocket-chip/src/main/scala/rocket/Instructions.scala;utility/rocket-chip/src/main/scala/rocket/Instructions.scala
vfwadd.wf,Zvl32b,RV32;RV64,hdl,0,43,41,0,2,huancun/Utility/rocket-chip/src/main/scala/rocket/Instructions.scala;huancun/rocket-chip/src/main/scala/rocket/Instructions.scala;openLLC/openNCB/external/rocket-chip/src/main/scala/rocket/Instructions.scala;openLLC/utility/rocket-chip/src/main/scala/rocket/Instructions.scala;utility/rocket-chip/src/main/scala/rocket/Instructions.scala
vfwadd.wv,Zvl32b,RV32;RV64,hdl,0,43,41,0,2,huancun/Utility/rocket-chip/src/main/scala/rocket/Instructions.scala;huancun/rocket-chip/src/main/scala/rocket/Instructions.scala;openLLC/openNCB/external/rocket-chip/src/main/scala/rocket/Instructions.scala;openLLC/utility/rocket-chip/src/main/scala/rocket/Instructions.scala;utility/rocket-chip/src/main/scala/rocket/Instructions.scala
vfwcvt.f.x.v,Zvl32b,RV32;RV64,hdl,0,43,41,0,2,huancun/Utility/rocket-chip/src/main/scala/rocket/Instructions.scala;huancun/rocket-chip/src/main/scala/rocket/Instructions.scala;openLLC/openNCB/external/rocket-chip/src/main/scala/rocket/Instructions.scala;openLLC/utility/rocket-chip/src/main/scala/rocket/Instructions.scala;utility/rocket-chip/src/main/scala/rocket/Instructions.scala
vfwcvt.f.xu.v,Zvl32b,RV32;RV64,hdl,0,43,41,0,2,huancun/Utility/rocket-chip/src/main/scala/rocket/Instructions.scala;huancun/rocket-chip/src/main/scala/rocket/Instructions.scala;openLLC/openNCB/external/rocket-chip/src/main/scala/rocket/Instructions.scala;openLLC/utility/rocket-chip/src/main/scala/rocket/Instructions.scala;utility/rocket-chip/src/main/scala/rocket/Instructions.scala
vfwredosum.vs,Zvl32b,RV32;RV64,hdl,0,43,41,0,2,huancun/Utility/rocket-chip/src/main/scala/rocket/Instructions.scala;huancun/rocket-chip/src/main/scala/rocket/Instructions.scala;openLLC/openNCB/external/rocket-chip/src/main/scala/rocket/Instructions.scala;openLLC/utility/rocket-chip/src/main/scala/rocket/Instructions.scala;utility/rocket-chip/src/main/scala/rocket/Instructions.scala
vfwredusum.vs,Zvl32b,RV32;RV64,hdl,0,43,41,0,2,huancun/Utility/rocket-chip/src/main/scala/rocket/Instructions.scala;huancun/rocket-chip/src/main/scala/rocket/Instructions.scala;openLLC/openNCB/external/rocket-chip/src/main/scala/rocket/Instructions.scala;openLLC/utility/rocket-chip/src/main/scala/rocket/Instructions.scala;utility/rocket-chip/src/main/scala/rocket/Instructions.scala
vfwsub.wf,Zvl32b,RV32;RV64,hdl,0,43,41,0,2,huancun/Utility/rocket-chip/src/main/scala/rocket/Instructions.scala;huancun/rocket-chip/src/main/scala/rocket/Instructions.scala;openLLC/openNCB/external/rocket-chip/src/main/scala/rocket/Instructions.scala;openLLC/utility/rocket-chip/src/main/scala/rocket/Instructions.scala;utility/rocket-chip/src/main/scala/rocket/Instructions.scala
vfwsub.wv,Zvl32b,RV32;RV64,hdl,0,43,41,0,2,huancun/Utility/rocket-chip/src/main/scala/rocket/Instructions.scala;huancun/rocket-chip/src/main/scala/rocket/Instructions.scala;openLLC/openNCB/external/rocket-chip/src/main/scala/rocket/Instructions.scala;openLLC/utility/rocket-chip/src/main/scala/rocket/Instructions.scala;utility/rocket-chip/src/main/scala/rocket/Instructions.scala
viota.m,Zvl32b,RV32;RV64,hdl,0,43,41,0,2,huancun/Utility/rocket-chip/src/main/scala/rocket/Instructions.scala;huancun/rocket-chip/src/main/scala/rocket/Instructions.scala;openLLC/openNCB/external/rocket-chip/src/main/scala/rocket/Instructions.scala;openLLC/utility/rocket-chip/src/main/scala/rocket/Instructions.scala;utility/rocket-chip/src/main/scala/rocket/Instructions.scala
vmfeq.vf,Zvl32b,RV32;RV64,hdl,0,43,41,0,2,huancun/Utility/rocket-chip/src/main/scala/rocket/Instructions.scala;huancun/rocket-chip/src/main/scala/rocket/Instructions.scala;openLLC/openNCB/external/rocket-chip/src/main/scala/rocket/Instructions.scala;openLLC/utility/rocket-chip/src/main/scala/rocket/Instructions.scala;utility/rocket-chip/src/main/scala/rocket/Instructions.scala
vmfeq.vv,Zvl32b,RV32;RV64,hdl,0,43,41,0,2,huancun/Utility/rocket-chip/src/main/scala/rocket/Instructions.scala;huancun/rocket-chip/src/main/scala/rocket/Instructions.scala;openLLC/openNCB/external/rocket-chip/src/main/scala/rocket/Instructions.scala;openLLC/utility/rocket-chip/src/main/scala/rocket/Instructions.scala;utility/rocket-chip/src/main/scala/rocket/Instructions.scala
vmfge.vf,Zvl32b,RV32;RV64,hdl,0,43,41,0,2,huancun/Utility/rocket-chip/src/main/scala/rocket/Instructions.scala;huancun/rocket-chip/src/main/scala/rocket/Instructions.scala;openLLC/openNCB/external/rocket-chip/src/main/scala/rocket/Instructions.scala;openLLC/utility/rocket-chip/src/main/scala/rocket/Instructions.scala;utility/rocket-chip/src/main/scala/rocket/Instructions.scala
vmfgt.vf,Zvl32b,RV32;RV64,hdl,0,43,41,0,2,huancun/Utility/rocket-chip/src/main/scala/rocket/Instructions.scala;huancun/rocket-chip/src/main/scala/rocket/Instructions.scala;openLLC/openNCB/external/rocket-chip/src/main/scala/rocket/Instructions.scala;openLLC/utility/rocket-chip/src/main/scala/rocket/Instructions.scala;utility/rocket-chip/src/main/scala/rocket/Instructions.scala
vmfle.vf,Zvl32b,RV32;RV64,hdl,0,43,41,0,2,huancun/Utility/rocket-chip/src/main/scala/rocket/Instructions.scala;huancun/rocket-chip/src/main/scala/rocket/Instructions.scala;openLLC/openNCB/external/rocket-chip/src/main/scala/rocket/Instructions.scala;openLLC/utility/rocket-chip/src/main/scala/rocket/Instructions.scala;utility/rocket-chip/src/main/scala/rocket/Instructions.scala
vmfle.vv,Zvl32b,RV32;RV64,hdl,0,43,41,0,2,huancun/Utility/rocket-chip/src/main/scala/rocket/Instructions.scala;huancun/rocket-chip/src/main/scala/rocket/Instructions.scala;openLLC/openNCB/external/rocket-chip/src/main/scala/rocket/Instructions.scala;openLLC/utility/rocket-chip/src/main/scala/rocket/Instructions.scala;utility/rocket-chip/src/main/scala/rocket/Instructions.scala
vmflt.vf,Zvl32b,RV32;RV64,hdl,0,43,41,0,2,huancun/Utility/rocket-chip/src/main/scala/rocket/Instructions.scala;huancun/rocket-chip/src/main/scala/rocket/Instructions.scala;openLLC/openNCB/external/rocket-chip/src/main/scala/rocket/Instructions.scala;openLLC/utility/rocket-chip/src/main/scala/rocket/Instructions.scala;utility/rocket-chip/src/main/scala/rocket/Instructions.scala
vmflt.vv,Zvl32b,RV32;RV64,hdl,0,43,41,0,2,huancun/Utility/rocket-chip/src/main/scala/rocket/Instructions.scala;huancun/rocket-chip/src/main/scala/rocket/Instructions.scala;openLLC/openNCB/external/rocket-chip/src/main/scala/rocket/Instructions.scala;openLLC/utility/rocket-chip/src/main/scala/rocket/Instructions.scala;utility/rocket-chip/src/main/scala/rocket/Instructions.scala
vmfne.vf,Zvl32b,RV32;RV64,hdl,0,43,41,0,2,huancun/Utility/rocket-chip/src/main/scala/rocket/Instructions.scala;huancun/rocket-chip/src/main/scala/rocket/Instructions.scala;openLLC/openNCB/external/rocket-chip/src/main/scala/rocket/Instructions.scala;openLLC/utility/rocket-chip/src/main/scala/rocket/Instructions.scala;utility/rocket-chip/src/main/scala/rocket/Instructions.scala
vmfne.vv,Zvl32b,RV32;RV64,hdl,0,43,41,0,2,huancun/Utility/rocket-chip/src/main/scala/rocket/Instructions.scala;huancun/rocket-chip/src/main/scala/rocket/Instructions.scala;openLLC/openNCB/external/rocket-chip/src/main/scala/rocket/Instructions.scala;openLLC/utility/rocket-chip/src/main/scala/rocket/Instructions.scala;utility/rocket-chip/src/main/scala/rocket/Instructions.scala
vrgatherei16.vv,Zvl32b,RV32;RV64,hdl,0,43,41,0,2,huancun/Utility/rocket-chip/src/main/scala/rocket/Instructions.scala;huancun/rocket-chip/src/main/scala/rocket/Instructions.scala;openLLC/openNCB/external/rocket-chip/src/main/scala/rocket/Instructions.scala;openLLC/utility/rocket-chip/src/main/scala/rocket/Instructions.scala;utility/rocket-chip/src/main/scala/rocket/Instructions.scala
vslide1down.vx,Zvl32b,RV32;RV64,hdl,0,43,41,0,2,huancun/Utility/rocket-chip/src/main/scala/rocket/Instructions.scala;huancun/rocket-chip/src/main/scala/rocket/Instructions.scala;openLLC/openNCB/external/rocket-chip/src/main/scala/rocket/Instructions.scala;openLLC/utility/rocket-chip/src/main/scala/rocket/Instructions.scala;utility/rocket-chip/src/main/scala/rocket/Instructions.scala
vslide1up.vx,Zvl32b,RV32;RV64,hdl,0,43,41,0,2,huancun/Utility/rocket-chip/src/main/scala/rocket/Instructions.scala;huancun/rocket-chip/src/main/scala/rocket/Instructions.scala;openLLC/openNCB/external/rocket-chip/src/main/scala/rocket/Instructions.scala;openLLC/utility/rocket-chip/src/main/scala/rocket/Instructions.scala;utility/rocket-chip/src/main/scala/rocket/Instructions.scala
vslideup.vx,Zvl32b,RV32;RV64,hdl,0,43,41,0,2,huancun/Utility/rocket-chip/src/main/scala/rocket/Instructions.scala;huancun/rocket-chip/src/main/scala/rocket/Instructions.scala;openLLC/openNCB/external/rocket-chip/src/main/scala/rocket/Instructions.scala;openLLC/utility/rocket-chip/src/main/scala/rocket/Instructions.scala;utility/rocket-chip/src/main/scala/rocket/Instructions.scala
vfmv.s.f,Zvl32b,RV32;RV64,hdl,0,42,40,0,2,huancun/Utility/rocket-chip/src/main/scala/rocket/Instructions.scala;huancun/rocket-chip/src/main/scala/rocket/Instructions.scala;openLLC/openNCB/external/rocket-chip/src/main/scala/rocket/Instructions.scala;openLLC/utility/rocket-chip/src/main/scala/rocket/Instructions.scala;utility/rocket-chip/src/main/scala/rocket/Instructions.scala
vfrdiv.vf,Zvl32b,RV32;RV64,hdl,0,42,40,0,2,huancun/Utility/rocket-chip/src/main/scala/rocket/Instructions.scala;huancun/rocket-chip/src/main/scala/rocket/Instructions.scala;openLLC/openNCB/external/rocket-chip/src/main/scala/rocket/Instructions.scala;openLLC/utility/rocket-chip/src/main/scala/rocket/Instructions.scala;utility/rocket-chip/src/main/scala/rocket/Instructions.scala
vfrec7.v,Zvl32b,RV32;RV64,hdl,0,42,40,0,2,huancun/Utility/rocket-chip/src/main/scala/rocket/Instructions.scala;huancun/rocket-chip/src/main/scala/rocket/Instructions.scala;openLLC/openNCB/external/rocket-chip/src/main/scala/rocket/Instructions.scala;openLLC/utility/rocket-chip/src/main/scala/rocket/Instructions.scala;utility/rocket-chip/src/main/scala/rocket/Instructions.scala
vfrsqrt7.v,Zvl32b,RV32;RV64,hdl,0,42,40,0,2,huancun/Utility/rocket-chip/src/main/scala/rocket/Instructions.scala;huancun/rocket-chip/src/main/scala/rocket/Instructions.scala;openLLC/openNCB/external/rocket-chip/src/main/scala/rocket/Instructions.scala;openLLC/utility/rocket-chip/src/main/scala/rocket/Instructions.scala;utility/rocket-chip/src/main/scala/rocket/Instructions.scala
vfrsub.vf,Zvl32b,RV32;RV64,hdl,0,42,40,0,2,huancun/Utility/rocket-chip/src/main/scala/rocket/Instructions.scala;huancun/rocket-chip/src/main/scala/rocket/Instructions.scala;openLLC/openNCB/external/rocket-chip/src/main/scala/rocket/Instructions.scala;openLLC/utility/rocket-chip/src/main/scala/rocket/Instructions.scala;utility/rocket-chip/src/main/scala/rocket/Instructions.scala
vfslide1down.vf,Zvl32b,RV32;RV64,hdl,0,42,40,0,2,huancun/Utility/rocket-chip/src/main/scala/rocket/Instructions.scala;huancun/rocket-chip/src/main/scala/rocket/Instructions.scala;openLLC/openNCB/external/rocket-chip/src/main/scala/rocket/Instructions.scala;openLLC/utility/rocket-chip/src/main/scala/rocket/Instructions.scala;utility/rocket-chip/src/main/scala/rocket/Instructions.scala
vfsqrt.v,Zvl32b,RV32;RV64,hdl,0,42,40,0,2,huancun/Utility/rocket-chip/src/main/scala/rocket/Instructions.scala;huancun/rocket-chip/src/main/scala/rocket/Instructions.scala;openLLC/openNCB/external/rocket-chip/src/main/scala/rocket/Instructions.scala;openLLC/utility/rocket-chip/src/main/scala/rocket/Instructions.scala;utility/rocket-chip/src/main/scala/rocket/Instructions.scala
vfwadd.vf,Zvl32b,RV32;RV64,hdl,0,42,40,0,2,huancun/Utility/rocket-chip/src/main/scala/rocket/Instructions.scala;huancun/rocket-chip/src/main/scala/rocket/Instructions.scala;openLLC/openNCB/external/rocket-chip/src/main/scala/rocket/Instructions.scala;openLLC/utility/rocket-chip/src/main/scala/rocket/Instructions.scala;utility/rocket-chip/src/main/scala/rocket/Instructions.scala
vfwadd.vv,Zvl32b,RV32;RV64,hdl,0,42,40,0,2,huancun/Utility/rocket-chip/src/main/scala/rocket/Instructions.scala;huancun/rocket-chip/src/main/scala/rocket/Instructions.scala;openLLC/openNCB/external/rocket-chip/src/main/scala/rocket/Instructions.scala;openLLC/utility/rocket-chip/src/main/scala/rocket/Instructions.scala;utility/rocket-chip/src/main/scala/rocket/Instructions.scala
vfwcvt.f.f.v,Zvl32b,RV32;RV64,hdl,0,42,40,0,2,huancun/Utility/rocket-chip/src/main/scala/rocket/Instructions.scala;huancun/rocket-chip/src/main/scala/rocket/Instructions.scala;openLLC/openNCB/external/rocket-chip/src/main/scala/rocket/Instructions.scala;openLLC/utility/rocket-chip/src/main/scala/rocket/Instructions.scala;utility/rocket-chip/src/main/scala/rocket/Instructions.scala
vfwcvt.rtz.x.f.v,Zvl32b,RV32;RV64,hdl,0,42,40,0,2,huancun/Utility/rocket-chip/src/main/scala/rocket/Instructions.scala;huancun/rocket-chip/src/main/scala/rocket/Instructions.scala;openLLC/openNCB/external/rocket-chip/src/main/scala/rocket/Instructions.scala;openLLC/utility/rocket-chip/src/main/scala/rocket/Instructions.scala;utility/rocket-chip/src/main/scala/rocket/Instructions.scala
vfwcvt.rtz.xu.f.v,Zvl32b,RV32;RV64,hdl,0,42,40,0,2,huancun/Utility/rocket-chip/src/main/scala/rocket/Instructions.scala;huancun/rocket-chip/src/main/scala/rocket/Instructions.scala;openLLC/openNCB/external/rocket-chip/src/main/scala/rocket/Instructions.scala;openLLC/utility/rocket-chip/src/main/scala/rocket/Instructions.scala;utility/rocket-chip/src/main/scala/rocket/Instructions.scala
vfwcvt.x.f.v,Zvl32b,RV32;RV64,hdl,0,42,40,0,2,huancun/Utility/rocket-chip/src/main/scala/rocket/Instructions.scala;huancun/rocket-chip/src/main/scala/rocket/Instructions.scala;openLLC/openNCB/external/rocket-chip/src/main/scala/rocket/Instructions.scala;openLLC/utility/rocket-chip/src/main/scala/rocket/Instructions.scala;utility/rocket-chip/src/main/scala/rocket/Instructions.scala
vfwcvt.xu.f.v,Zvl32b,RV32;RV64,hdl,0,42,40,0,2,huancun/Utility/rocket-chip/src/main/scala/rocket/Instructions.scala;huancun/rocket-chip/src/main/scala/rocket/Instructions.scala;openLLC/openNCB/external/rocket-chip/src/main/scala/rocket/Instructions.scala;openLLC/utility/rocket-chip/src/main/scala/rocket/Instructions.scala;utility/rocket-chip/src/main/scala/rocket/Instructions.scala
vfwmacc.vf,Zvl32b,RV32;RV64,hdl,0,42,40,0,2,huancun/Utility/rocket-chip/src/main/scala/rocket/Instructions.scala;huancun/rocket-chip/src/main/scala/rocket/Instructions.scala;openLLC/openNCB/external/rocket-chip/src/main/scala/rocket/Instructions.scala;openLLC/utility/rocket-chip/src/main/scala/rocket/Instructions.scala;utility/rocket-chip/src/main/scala/rocket/Instructions.scala
vfwmacc.vv,Zvl32b,RV32;RV64,hdl,0,42,40,0,2,huancun/Utility/rocket-chip/src/main/scala/rocket/Instructions.scala;huancun/rocket-chip/src/main/scala/rocket/Instructions.scala;openLLC/openNCB/external/rocket-chip/src/main/scala/rocket/Instructions.scala;openLLC/utility/rocket-chip/src/main/scala/rocket/Instructions.scala;utility/rocket-chip/src/main/scala/rocket/Instructions.scala
vfwmsac.vf,Zvl32b,RV32;RV64,hdl,0,42,40,0,2,huancun/Utility/rocket-chip/src/main/scala/rocket/Instructions.scala;huancun/rocket-chip/src/main/scala/rocket/Instructions.scala;openLLC/openNCB/external/rocket-chip/src/main/scala/rocket/Instructions.scala;openLLC/utility/rocket-chip/src/main/scala/rocket/Instructions.scala;utility/rocket-chip/src/main/scala/rocket/Instructions.scala
vfwmsac.vv,Zvl32b,RV32;RV64,hdl,0,42,40,0,2,huancun/Utility/rocket-chip/src/main/scala/rocket/Instructions.scala;huancun/rocket-chip/src/main/scala/rocket/Instructions.scala;openLLC/openNCB/external/rocket-chip/src/main/scala/rocket/Instructions.scala;openLLC/utility/rocket-chip/src/main/scala/rocket/Instructions.scala;utility/rocket-chip/src/main/scala/rocket/Instructions.scala
vfwmul.vf,Zvl32b,RV32;RV64,hdl,0,42,40,0,2,huancun/Utility/rocket-chip/src/main/scala/rocket/Instructions.scala;huancun/rocket-chip/src/main/scala/rocket/Instructions.scala;openLLC/openNCB/external/rocket-chip/src/main/scala/rocket/Instructions.scala;openLLC/utility/rocket-chip/src/main/scala/rocket/Instructions.scala;utility/rocket-chip/src/main/scala/rocket/Instructions.scala
vfwmul.vv,Zvl32b,RV32;RV64,hdl,0,42,40,0,2,huancun/Utility/rocket-chip/src/main/scala/rocket/Instructions.scala;huancun/rocket-chip/src/main/scala/rocket/Instructions.scala;openLLC/openNCB/external/rocket-chip/src/main/scala/rocket/Instructions.scala;openLLC/utility/rocket-chip/src/main/scala/rocket/Instructions.scala;utility/rocket-chip/src/main/scala/rocket/Instructions.scala
vfwnmacc.vf,Zvl32b,RV32;RV64,hdl,0,42,40,0,2,huancun/Utility/rocket-chip/src/main/scala/rocket/Instructions.scala;huancun/rocket-chip/src/main/scala/rocket/Instructions.scala;openLLC/openNCB/external/rocket-chip/src/main/scala/rocket/Instructions.scala;openLLC/utility/rocket-chip/src/main/scala/rocket/Instructions.scala;utility/rocket-chip/src/main/scala/rocket/Instructions.scala
vfwnmacc.vv,Zvl32b,RV32;RV64,hdl,0,42,40,0,2,huancun/Utility/rocket-chip/src/main/scala/rocket/Instructions.scala;huancun/rocket-chip/src/main/scala/rocket/Instructions.scala;openLLC/openNCB/external/rocket-chip/src/main/scala/rocket/Instructions.scala;openLLC/utility/rocket-chip/src/main/scala/rocket/Instructions.scala;utility/rocket-chip/src/main/scala/rocket/Instructions.scala
vfwnmsac.vf,Zvl32b,RV32;RV64,hdl,0,42,40,0,2,huancun/Utility/rocket-chip/src/main/scala/rocket/Instructions.scala;huancun/rocket-chip/src/main/scala/rocket/Instructions.scala;openLLC/openNCB/external/rocket-chip/src/main/scala/rocket/Instructions.scala;openLLC/utility/rocket-chip/src/main/scala/rocket/Instructions.scala;utility/rocket-chip/src/main/scala/rocket/Instructions.scala
vfwnmsac.vv,Zvl32b,RV32;RV64,hdl,0,42,40,0,2,huancun/Utility/rocket-chip/src/main/scala/rocket/Instructions.scala;huancun/rocket-chip/src/main/scala/rocket/Instructions.scala;openLLC/openNCB/external/rocket-chip/src/main/scala/rocket/Instructions.scala;openLLC/utility/rocket-chip/src/main/scala/rocket/Instructions.scala;utility/rocket-chip/src/main/scala/rocket/Instructions.scala
vfwsub.vf,Zvl32b,RV32;RV64,hdl,0,42,40,0,2,huancun/Utility/rocket-chip/src/main/scala/rocket/Instructions.scala;huancun/rocket-chip/src/main/scala/rocket/Instructions.scala;openLLC/openNCB/external/rocket-chip/src/main/scala/rocket/Instructions.scala;openLLC/utility/rocket-chip/src/main/scala/rocket/Instructions.scala;utility/rocket-chip/src/main/scala/rocket/Instructions.scala
vfwsub.vv,Zvl32b,RV32;RV64,hdl,0,42,40,0,2,huancun/Utility/rocket-chip/src/main/scala/rocket/Instructions.scala;huancun/rocket-chip/src/main/scala/rocket/Instructions.scala;openLLC/openNCB/external/rocket-chip/src/main/scala/rocket/Instructions.scala;openLLC/utility/rocket-chip/src/main/scala/rocket/Instructions.scala;utility/rocket-chip/src/main/scala/rocket/Instructions.scala
vid.v,Zvl32b,RV32;RV64,hdl,0,42,40,0,2,huancun/Utility/rocket-chip/src/main/scala/rocket/Instructions.scala;huancun/rocket-chip/src/main/scala/rocket/Instructions.scala;openLLC/openNCB/external/rocket-chip/src/main/scala/rocket/Instructions.scala;openLLC/utility/rocket-chip/src/main/scala/rocket/Instructions.scala;utility/rocket-chip/src/main/scala/rocket/Instructions.scala
vluxei16.v,Zvl32b,RV32;RV64,hdl,0,42,40,0,2,huancun/Utility/rocket-chip/src/main/scala/rocket/Instructions.scala;huancun/rocket-chip/src/main/scala/rocket/Instructions.scala;openLLC/openNCB/external/rocket-chip/src/main/scala/rocket/Instructions.scala;openLLC/utility/rocket-chip/src/main/scala/rocket/Instructions.scala;utility/rocket-chip/src/main/scala/rocket/Instructions.scala
vmadc.vi,Zvl32b,RV32;RV64,hdl,0,42,40,0,2,huancun/Utility/rocket-chip/src/main/scala/rocket/Instructions.scala;huancun/rocket-chip/src/main/scala/rocket/Instructions.scala;openLLC/openNCB/external/rocket-chip/src/main/scala/rocket/Instructions.scala;openLLC/utility/rocket-chip/src/main/scala/rocket/Instructions.scala;utility/rocket-chip/src/main/scala/rocket/Instructions.scala
vmadc.vim,Zvl32b,RV32;RV64,hdl,0,42,40,0,2,huancun/Utility/rocket-chip/src/main/scala/rocket/Instructions.scala;huancun/rocket-chip/src/main/scala/rocket/Instructions.scala;openLLC/openNCB/external/rocket-chip/src/main/scala/rocket/Instructions.scala;openLLC/utility/rocket-chip/src/main/scala/rocket/Instructions.scala;utility/rocket-chip/src/main/scala/rocket/Instructions.scala
vmadc.vx,Zvl32b,RV32;RV64,hdl,0,42,40,0,2,huancun/Utility/rocket-chip/src/main/scala/rocket/Instructions.scala;huancun/rocket-chip/src/main/scala/rocket/Instructions.scala;openLLC/openNCB/external/rocket-chip/src/main/scala/rocket/Instructions.scala;openLLC/utility/rocket-chip/src/main/scala/rocket/Instructions.scala;utility/rocket-chip/src/main/scala/rocket/Instructions.scala
vmadc.vxm,Zvl32b,RV32;RV64,hdl,0,42,40,0,2,huancun/Utility/rocket-chip/src/main/scala/rocket/Instructions.scala;huancun/rocket-chip/src/main/scala/rocket/Instructions.scala;openLLC/openNCB/external/rocket-chip/src/main/scala/rocket/Instructions.scala;openLLC/utility/rocket-chip/src/main/scala/rocket/Instructions.scala;utility/rocket-chip/src/main/scala/rocket/Instructions.scala
vmsbc.vx,Zvl32b,RV32;RV64,hdl,0,42,40,0,2,huancun/Utility/rocket-chip/src/main/scala/rocket/Instructions.scala;huancun/rocket-chip/src/main/scala/rocket/Instructions.scala;openLLC/openNCB/external/rocket-chip/src/main/scala/rocket/Instructions.scala;openLLC/utility/rocket-chip/src/main/scala/rocket/Instructions.scala;utility/rocket-chip/src/main/scala/rocket/Instructions.scala
vmsbc.vxm,Zvl32b,RV32;RV64,hdl,0,42,40,0,2,huancun/Utility/rocket-chip/src/main/scala/rocket/Instructions.scala;huancun/rocket-chip/src/main/scala/rocket/Instructions.scala;openLLC/openNCB/external/rocket-chip/src/main/scala/rocket/Instructions.scala;openLLC/utility/rocket-chip/src/main/scala/rocket/Instructions.scala;utility/rocket-chip/src/main/scala/rocket/Instructions.scala
vmseq.vi,Zvl32b,RV32;RV64,hdl,0,42,40,0,2,huancun/Utility/rocket-chip/src/main/scala/rocket/Instructions.scala;huancun/rocket-chip/src/main/scala/rocket/Instructions.scala;openLLC/openNCB/external/rocket-chip/src/main/scala/rocket/Instructions.scala;openLLC/utility/rocket-chip/src/main/scala/rocket/Instructions.scala;utility/rocket-chip/src/main/scala/rocket/Instructions.scala
vmseq.vv,Zvl32b,RV32;RV64,hdl,0,42,40,0,2,huancun/Utility/rocket-chip/src/main/scala/rocket/Instructions.scala;huancun/rocket-chip/src/main/scala/rocket/Instructions.scala;openLLC/openNCB/external/rocket-chip/src/main/scala/rocket/Instructions.scala;openLLC/utility/rocket-chip/src/main/scala/rocket/Instructions.scala;utility/rocket-chip/src/main/scala/rocket/Instructions.scala
vmseq.vx,Zvl32b,RV32;RV64,hdl,0,42,40,0,2,huancun/Utility/rocket-chip/src/main/scala/rocket/Instructions.scala;huancun/rocket-chip/src/main/scala/rocket/Instructions.scala;openLLC/openNCB/external/rocket-chip/src/main/scala/rocket/Instructions.scala;openLLC/utility/rocket-chip/src/main/scala/rocket/Instructions.scala;utility/rocket-chip/src/main/scala/rocket/Instructions.scala
vmsgt.vi,Zvl32b,RV32;RV64,hdl,0,42,40,0,2,huancun/Utility/rocket-chip/src/main/scala/rocket/Instructions.scala;huancun/rocket-chip/src/main/scala/rocket/Instructions.scala;openLLC/openNCB/external/rocket-chip/src/main/scala/rocket/Instructions.scala;openLLC/utility/rocket-chip/src/main/scala/rocket/Instructions.scala;utility/rocket-chip/src/main/scala/rocket/Instructions.scala
vmsgtu.vi,Zvl32b,RV32;RV64,hdl,0,42,40,0,2,huancun/Utility/rocket-chip/src/main/scala/rocket/Instructions.scala;huancun/rocket-chip/src/main/scala/rocket/Instructions.scala;openLLC/openNCB/external/rocket-chip/src/main/scala/rocket/Instructions.scala;openLLC/utility/rocket-chip/src/main/scala/rocket/Instructions.scala;utility/rocket-chip/src/main/scala/rocket/Instructions.scala
vmsle.vi,Zvl32b,RV32;RV64,hdl,0,42,40,0,2,huancun/Utility/rocket-chip/src/main/scala/rocket/Instructions.scala;huancun/rocket-chip/src/main/scala/rocket/Instructions.scala;openLLC/openNCB/external/rocket-chip/src/main/scala/rocket/Instructions.scala;openLLC/utility/rocket-chip/src/main/scala/rocket/Instructions.scala;utility/rocket-chip/src/main/scala/rocket/Instructions.scala
vmsle.vv,Zvl32b,RV32;RV64,hdl,0,42,40,0,2,huancun/Utility/rocket-chip/src/main/scala/rocket/Instructions.scala;huancun/rocket-chip/src/main/scala/rocket/Instructions.scala;openLLC/openNCB/external/rocket-chip/src/main/scala/rocket/Instructions.scala;openLLC/utility/rocket-chip/src/main/scala/rocket/Instructions.scala;utility/rocket-chip/src/main/scala/rocket/Instructions.scala
vmsle.vx,Zvl32b,RV32;RV64,hdl,0,42,40,0,2,huancun/Utility/rocket-chip/src/main/scala/rocket/Instructions.scala;huancun/rocket-chip/src/main/scala/rocket/Instructions.scala;openLLC/openNCB/external/rocket-chip/src/main/scala/rocket/Instructions.scala;openLLC/utility/rocket-chip/src/main/scala/rocket/Instructions.scala;utility/rocket-chip/src/main/scala/rocket/Instructions.scala
vmsleu.vi,Zvl32b,RV32;RV64,hdl,0,42,40,0,2,huancun/Utility/rocket-chip/src/main/scala/rocket/Instructions.scala;huancun/rocket-chip/src/main/scala/rocket/Instructions.scala;openLLC/openNCB/external/rocket-chip/src/main/scala/rocket/Instructions.scala;openLLC/utility/rocket-chip/src/main/scala/rocket/Instructions.scala;utility/rocket-chip/src/main/scala/rocket/Instructions.scala
vmsleu.vv,Zvl32b,RV32;RV64,hdl,0,42,40,0,2,huancun/Utility/rocket-chip/src/main/scala/rocket/Instructions.scala;huancun/rocket-chip/src/main/scala/rocket/Instructions.scala;openLLC/openNCB/external/rocket-chip/src/main/scala/rocket/Instructions.scala;openLLC/utility/rocket-chip/src/main/scala/rocket/Instructions.scala;utility/rocket-chip/src/main/scala/rocket/Instructions.scala
vmsleu.vx,Zvl32b,RV32;RV64,hdl,0,42,40,0,2,huancun/Utility/rocket-chip/src/main/scala/rocket/Instructions.scala;huancun/rocket-chip/src/main/scala/rocket/Instructions.scala;openLLC/openNCB/external/rocket-chip/src/main/scala/rocket/Instructions.scala;openLLC/utility/rocket-chip/src/main/scala/rocket/Instructions.scala;utility/rocket-chip/src/main/scala/rocket/Instructions.scala
vmslt.vv,Zvl32b,RV32;RV64,hdl,0,42,40,0,2,huancun/Utility/rocket-chip/src/main/scala/rocket/Instructions.scala;huancun/rocket-chip/src/main/scala/rocket/Instructions.scala;openLLC/openNCB/external/rocket-chip/src/main/scala/rocket/Instructions.scala;openLLC/utility/rocket-chip/src/main/scala/rocket/Instructions.scala;utility/rocket-chip/src/main/scala/rocket/Instructions.scala
vmslt.vx,Zvl32b,RV32;RV64,hdl,0,42,40,0,2,huancun/Utility/rocket-chip/src/main/scala/rocket/Instructions.scala;huancun/rocket-chip/src/main/scala/rocket/Instructions.scala;openLLC/openNCB/external/rocket-chip/src/main/scala/rocket/Instructions.scala;openLLC/utility/rocket-chip/src/main/scala/rocket/Instructions.scala;utility/rocket-chip/src/main/scala/rocket/Instructions.scala
vmsltu.vv,Zvl32b,RV32;RV64,hdl,0,42,40,0,2,huancun/Utility/rocket-chip/src/main/scala/rocket/Instructions.scala;huancun/rocket-chip/src/main/scala/rocket/Instructions.scala;openLLC/openNCB/external/rocket-chip/src/main/scala/rocket/Instructions.scala;openLLC/utility/rocket-chip/src/main/scala/rocket/Instructions.scala;utility/rocket-chip/src/main/scala/rocket/Instructions.scala
vmsltu.vx,Zvl32b,RV32;RV64,hdl,0,42,40,0,2,huancun/Utility/rocket-chip/src/main/scala/rocket/Instructions.scala;huancun/rocket-chip/src/main/scala/rocket/Instructions.scala;openLLC/openNCB/external/rocket-chip/src/main/scala/rocket/Instructions.scala;openLLC/utility/rocket-chip/src/main/scala/rocket/Instructions.scala;utility/rocket-chip/src/main/scala/rocket/Instructions.scala
vmsne.vi,Zvl32b,RV32;RV64,hdl,0,42,40,0,2,huancun/Utility/rocket-chip/src/main/scala/rocket/Instructions.scala;huancun/rocket-chip/src/main/scala/rocket/Instructions.scala;openLLC/openNCB/external/rocket-chip/src/main/scala/rocket/Instructions.scala;openLLC/utility/rocket-chip/src/main/scala/rocket/Instructions.scala;utility/rocket-chip/src/main/scala/rocket/Instructions.scala
vmsne.vv,Zvl32b,RV32;RV64,hdl,0,42,40,0,2,huancun/Utility/rocket-chip/src/main/scala/rocket/Instructions.scala;huancun/rocket-chip/src/main/scala/rocket/Instructions.scala;openLLC/openNCB/external/rocket-chip/src/main/scala/rocket/Instructions.scala;openLLC/utility/rocket-chip/src/main/scala/rocket/Instructions.scala;utility/rocket-chip/src/main/scala/rocket/Instructions.scala
vmsne.vx,Zvl32b,RV32;RV64,hdl,0,42,40,0,2,huancun/Utility/rocket-chip/src/main/scala/rocket/Instructions.scala;huancun/rocket-chip/src/main/scala/rocket/Instructions.scala;openLLC/openNCB/external/rocket-chip/src/main/scala/rocket/Instructions.scala;openLLC/utility/rocket-chip/src/main/scala/rocket/Instructions.scala;utility/rocket-chip/src/main/scala/rocket/Instructions.scala
vmv1r.v,Zvl32b,RV32;RV64,hdl,0,42,40,0,2,huancun/Utility/rocket-chip/src/main/scala/rocket/Instructions.scala;huancun/rocket-chip/src/main/scala/rocket/Instructions.scala;openLLC/openNCB/external/rocket-chip/src/main/scala/rocket/Instructions.scala;openLLC/utility/rocket-chip/src/main/scala/rocket/Instructions.scala;utility/rocket-chip/src/main/scala/rocket/Instructions.scala
vmv2r.v,Zvl32b,RV32;RV64,hdl,0,42,40,0,2,huancun/Utility/rocket-chip/src/main/scala/rocket/Instructions.scala;huancun/rocket-chip/src/main/scala/rocket/Instructions.scala;openLLC/openNCB/external/rocket-chip/src/main/scala/rocket/Instructions.scala;openLLC/utility/rocket-chip/src/main/scala/rocket/Instructions.scala;utility/rocket-chip/src/main/scala/rocket/Instructions.scala
vmv4r.v,Zvl32b,RV32;RV64,hdl,0,42,40,0,2,huancun/Utility/rocket-chip/src/main/scala/rocket/Instructions.scala;huancun/rocket-chip/src/main/scala/rocket/Instructions.scala;openLLC/openNCB/external/rocket-chip/src/main/scala/rocket/Instructions.scala;openLLC/utility/rocket-chip/src/main/scala/rocket/Instructions.scala;utility/rocket-chip/src/main/scala/rocket/Instructions.scala
vmv8r.v,Zvl32b,RV32;RV64,hdl,0,42,40,0,2,huancun/Utility/rocket-chip/src/main/scala/rocket/Instructions.scala;huancun/rocket-chip/src/main/scala/rocket/Instructions.scala;openLLC/openNCB/external/rocket-chip/src/main/scala/rocket/Instructions.scala;openLLC/utility/rocket-chip/src/main/scala/rocket/Instructions.scala;utility/rocket-chip/src/main/scala/rocket/Instructions.scala
vnclip.wi,Zvl32b,RV32;RV64,hdl,0,42,40,0,2,huancun/Utility/rocket-chip/src/main/scala/rocket/Instructions.scala;huancun/rocket-chip/src/main/scala/rocket/Instructions.scala;openLLC/openNCB/external/rocket-chip/src/main/scala/rocket/Instructions.scala;openLLC/utility/rocket-chip/src/main/scala/rocket/Instructions.scala;utility/rocket-chip/src/main/scala/rocket/Instructions.scala
vnclip.wx,Zvl32b,RV32;RV64,hdl,0,42,40,0,2,huancun/Utility/rocket-chip/src/main/scala/rocket/Instructions.scala;huancun/rocket-chip/src/main/scala/rocket/Instructions.scala;openLLC/openNCB/external/rocket-chip/src/main/scala/rocket/Instructions.scala;openLLC/utility/rocket-chip/src/main/scala/rocket/Instructions.scala;utility/rocket-chip/src/main/scala/rocket/Instructions.scala
vnclipu.wi,Zvl32b,RV32;RV64,hdl,0,42,40,0,2,huancun/Utility/rocket-chip/src/main/scala/rocket/Instructions.scala;huancun/rocket-chip/src/main/scala/rocket/Instructions.scala;openLLC/openNCB/external/rocket-chip/src/main/scala/rocket/Instructions.scala;openLLC/utility/rocket-chip/src/main/scala/rocket/Instructions.scala;utility/rocket-chip/src/main/scala/rocket/Instructions.scala
vnclipu.wv,Zvl32b,RV32;RV64,hdl,0,42,40,0,2,huancun/Utility/rocket-chip/src/main/scala/rocket/Instructions.scala;huancun/rocket-chip/src/main/scala/rocket/Instructions.scala;openLLC/openNCB/external/rocket-chip/src/main/scala/rocket/Instructions.scala;openLLC/utility/rocket-chip/src/main/scala/rocket/Instructions.scala;utility/rocket-chip/src/main/scala/rocket/Instructions.scala
vnclipu.wx,Zvl32b,RV32;RV64,hdl,0,42,40,0,2,huancun/Utility/rocket-chip/src/main/scala/rocket/Instructions.scala;huancun/rocket-chip/src/main/scala/rocket/Instructions.scala;openLLC/openNCB/external/rocket-chip/src/main/scala/rocket/Instructions.scala;openLLC/utility/rocket-chip/src/main/scala/rocket/Instructions.scala;utility/rocket-chip/src/main/scala/rocket/Instructions.scala
vnsra.wi,Zvl32b,RV32;RV64,hdl,0,42,40,0,2,huancun/Utility/rocket-chip/src/main/scala/rocket/Instructions.scala;huancun/rocket-chip/src/main/scala/rocket/Instructions.scala;openLLC/openNCB/external/rocket-chip/src/main/scala/rocket/Instructions.scala;openLLC/utility/rocket-chip/src/main/scala/rocket/Instructions.scala;utility/rocket-chip/src/main/scala/rocket/Instructions.scala
vnsra.wv,Zvl32b,RV32;RV64,hdl,0,42,40,0,2,huancun/Utility/rocket-chip/src/main/scala/rocket/Instructions.scala;huancun/rocket-chip/src/main/scala/rocket/Instructions.scala;openLLC/openNCB/external/rocket-chip/src/main/scala/rocket/Instructions.scala;openLLC/utility/rocket-chip/src/main/scala/rocket/Instructions.scala;utility/rocket-chip/src/main/scala/rocket/Instructions.scala
vnsra.wx,Zvl32b,RV32;RV64,hdl,0,42,40,0,2,huancun/Utility/rocket-chip/src/main/scala/rocket/Instructions.scala;huancun/rocket-chip/src/main/scala/rocket/Instructions.scala;openLLC/openNCB/external/rocket-chip/src/main/scala/rocket/Instructions.scala;openLLC/utility/rocket-chip/src/main/scala/rocket/Instructions.scala;utility/rocket-chip/src/main/scala/rocket/Instructions.scala
vnsrl.wi,Zvl32b,RV32;RV64,hdl,0,42,40,0,2,huancun/Utility/rocket-chip/src/main/scala/rocket/Instructions.scala;huancun/rocket-chip/src/main/scala/rocket/Instructions.scala;openLLC/openNCB/external/rocket-chip/src/main/scala/rocket/Instructions.scala;openLLC/utility/rocket-chip/src/main/scala/rocket/Instructions.scala;utility/rocket-chip/src/main/scala/rocket/Instructions.scala
vnsrl.wv,Zvl32b,RV32;RV64,hdl,0,42,40,0,2,huancun/Utility/rocket-chip/src/main/scala/rocket/Instructions.scala;huancun/rocket-chip/src/main/scala/rocket/Instructions.scala;openLLC/openNCB/external/rocket-chip/src/main/scala/rocket/Instructions.scala;openLLC/utility/rocket-chip/src/main/scala/rocket/Instructions.scala;utility/rocket-chip/src/main/scala/rocket/Instructions.scala
vnsrl.wx,Zvl32b,RV32;RV64,hdl,0,42,40,0,2,huancun/Utility/rocket-chip/src/main/scala/rocket/Instructions.scala;huancun/rocket-chip/src/main/scala/rocket/Instructions.scala;openLLC/openNCB/external/rocket-chip/src/main/scala/rocket/Instructions.scala;openLLC/utility/rocket-chip/src/main/scala/rocket/Instructions.scala;utility/rocket-chip/src/main/scala/rocket/Instructions.scala
vrgather.vi,Zvl32b,RV32;RV64,hdl,0,42,40,0,2,huancun/Utility/rocket-chip/src/main/scala/rocket/Instructions.scala;huancun/rocket-chip/src/main/scala/rocket/Instructions.scala;openLLC/openNCB/external/rocket-chip/src/main/scala/rocket/Instructions.scala;openLLC/utility/rocket-chip/src/main/scala/rocket/Instructions.scala;utility/rocket-chip/src/main/scala/rocket/Instructions.scala
vslidedown.vx,Zvl32b,RV32;RV64,hdl,0,42,40,0,2,huancun/Utility/rocket-chip/src/main/scala/rocket/Instructions.scala;huancun/rocket-chip/src/main/scala/rocket/Instructions.scala;openLLC/openNCB/external/rocket-chip/src/main/scala/rocket/Instructions.scala;openLLC/utility/rocket-chip/src/main/scala/rocket/Instructions.scala;utility/rocket-chip/src/main/scala/rocket/Instructions.scala
vwadd.wx,Zvl32b,RV32;RV64,hdl,0,42,40,0,2,huancun/Utility/rocket-chip/src/main/scala/rocket/Instructions.scala;huancun/rocket-chip/src/main/scala/rocket/Instructions.scala;openLLC/openNCB/external/rocket-chip/src/main/scala/rocket/Instructions.scala;openLLC/utility/rocket-chip/src/main/scala/rocket/Instructions.scala;utility/rocket-chip/src/main/scala/rocket/Instructions.scala
vwaddu.wx,Zvl32b,RV32;RV64,hdl,0,42,40,0,2,huancun/Utility/rocket-chip/src/main/scala/rocket/Instructions.scala;huancun/rocket-chip/src/main/scala/rocket/Instructions.scala;openLLC/openNCB/external/rocket-chip/src/main/scala/rocket/Instructions.scala;openLLC/utility/rocket-chip/src/main/scala/rocket/Instructions.scala;utility/rocket-chip/src/main/scala/rocket/Instructions.scala
vwmacc.vv,Zvl32b,RV32;RV64,hdl,0,42,40,0,2,huancun/Utility/rocket-chip/src/main/scala/rocket/Instructions.scala;huancun/rocket-chip/src/main/scala/rocket/Instructions.scala;openLLC/openNCB/external/rocket-chip/src/main/scala/rocket/Instructions.scala;openLLC/utility/rocket-chip/src/main/scala/rocket/Instructions.scala;utility/rocket-chip/src/main/scala/rocket/Instructions.scala
vwmacc.vx,Zvl32b,RV32;RV64,hdl,0,42,40,0,2,huancun/Utility/rocket-chip/src/main/scala/rocket/Instructions.scala;huancun/rocket-chip/src/main/scala/rocket/Instructions.scala;openLLC/openNCB/external/rocket-chip/src/main/scala/rocket/Instructions.scala;openLLC/utility/rocket-chip/src/main/scala/rocket/Instructions.scala;utility/rocket-chip/src/main/scala/rocket/Instructions.scala
vwmaccsu.vv,Zvl32b,RV32;RV64,hdl,0,42,40,0,2,huancun/Utility/rocket-chip/src/main/scala/rocket/Instructions.scala;huancun/rocket-chip/src/main/scala/rocket/Instructions.scala;openLLC/openNCB/external/rocket-chip/src/main/scala/rocket/Instructions.scala;openLLC/utility/rocket-chip/src/main/scala/rocket/Instructions.scala;utility/rocket-chip/src/main/scala/rocket/Instructions.scala
vwmaccsu.vx,Zvl32b,RV32;RV64,hdl,0,42,40,0,2,huancun/Utility/rocket-chip/src/main/scala/rocket/Instructions.scala;huancun/rocket-chip/src/main/scala/rocket/Instructions.scala;openLLC/openNCB/external/rocket-chip/src/main/scala/rocket/Instructions.scala;openLLC/utility/rocket-chip/src/main/scala/rocket/Instructions.scala;utility/rocket-chip/src/main/scala/rocket/Instructions.scala
vwmaccu.vv,Zvl32b,RV32;RV64,hdl,0,42,40,0,2,huancun/Utility/rocket-chip/src/main/scala/rocket/Instructions.scala;huancun/rocket-chip/src/main/scala/rocket/Instructions.scala;openLLC/openNCB/external/rocket-chip/src/main/scala/rocket/Instructions.scala;openLLC/utility/rocket-chip/src/main/scala/rocket/Instructions.scala;utility/rocket-chip/src/main/scala/rocket/Instructions.scala
vwmaccu.vx,Zvl32b,RV32;RV64,hdl,0,42,40,0,2,huancun/Utility/rocket-chip/src/main/scala/rocket/Instructions.scala;huancun/rocket-chip/src/main/scala/rocket/Instructions.scala;openLLC/openNCB/external/rocket-chip/src/main/scala/rocket/Instructions.scala;openLLC/utility/rocket-chip/src/main/scala/rocket/Instructions.scala;utility/rocket-chip/src/main/scala/rocket/Instructions.scala
vwmaccus.vx,Zvl32b,RV32;RV64,hdl,0,42,40,0,2,huancun/Utility/rocket-chip/src/main/scala/rocket/Instructions.scala;huancun/rocket-chip/src/main/scala/rocket/Instructions.scala;openLLC/openNCB/external/rocket-chip/src/main/scala/rocket/Instructions.scala;openLLC/utility/rocket-chip/src/main/scala/rocket/Instructions.scala;utility/rocket-chip/src/main/scala/rocket/Instructions.scala
vwsub.wx,Zvl32b,RV32;RV64,hdl,0,42,40,0,2,huancun/Utility/rocket-chip/src/main/scala/rocket/Instructions.scala;huancun/rocket-chip/src/main/scala/rocket/Instructions.scala;openLLC/openNCB/external/rocket-chip/src/main/scala/rocket/Instructions.scala;openLLC/utility/rocket-chip/src/main/scala/rocket/Instructions.scala;utility/rocket-chip/src/main/scala/rocket/Instructions.scala
vwsubu.wx,Zvl32b,RV32;RV64,hdl,0,42,40,0,2,huancun/Utility/rocket-chip/src/main/scala/rocket/Instructions.scala;huancun/rocket-chip/src/main/scala/rocket/Instructions.scala;openLLC/openNCB/external/rocket-chip/src/main/scala/rocket/Instructions.scala;openLLC/utility/rocket-chip/src/main/scala/rocket/Instructions.scala;utility/rocket-chip/src/main/scala/rocket/Instructions.scala
cbo.clean,Zicbom,RV32;RV64,hdl,0,41,39,0,2,huancun/Utility/rocket-chip/src/main/scala/rocket/Instructions.scala;huancun/rocket-chip/src/main/scala/rocket/Instructions.scala;openLLC/openNCB/external/rocket-chip/src/main/scala/rocket/Instructions.scala;openLLC/utility/rocket-chip/src/main/scala/rocket/Instructions.scala;utility/rocket-chip/src/main/scala/rocket/Instructions.scala
cbo.flush,Zicbom,RV32;RV64,hdl,0,41,39,0,2,huancun/Utility/rocket-chip/src/main/scala/rocket/Instructions.scala;huancun/rocket-chip/src/main/scala/rocket/Instructions.scala;openLLC/openNCB/external/rocket-chip/src/main/scala/rocket/Instructions.scala;openLLC/utility/rocket-chip/src/main/scala/rocket/Instructions.scala;utility/rocket-chip/src/main/scala/rocket/Instructions.scala
cbo.inval,Zicbom,RV32;RV64,hdl,0,41,39,0,2,huancun/Utility/rocket-chip/src/main/scala/rocket/Instructions.scala;huancun/rocket-chip/src/main/scala/rocket/Instructions.scala;openLLC/openNCB/external/rocket-chip/src/main/scala/rocket/Instructions.scala;openLLC/utility/rocket-chip/src/main/scala/rocket/Instructions.scala;utility/rocket-chip/src/main/scala/rocket/Instructions.scala
cbo.zero,Zicboz,RV32;RV64,hdl,0,41,39,0,2,huancun/Utility/rocket-chip/src/main/scala/rocket/Instructions.scala;huancun/rocket-chip/src/main/scala/rocket/Instructions.scala;openLLC/openNCB/external/rocket-chip/src/main/scala/rocket/Instructions.scala;openLLC/utility/rocket-chip/src/main/scala/rocket/Instructions.scala;utility/rocket-chip/src/main/scala/rocket/Instructions.scala
fround.h,Zfa,RV32;RV64,hdl,0,41,39,0,2,huancun/Utility/rocket-chip/src/main/scala/rocket/Instructions.scala;huancun/rocket-chip/src/main/scala/rocket/Instructions.scala;openLLC/openNCB/external/rocket-chip/src/main/scala/rocket/Instructions.scala;openLLC/utility/rocket-chip/src/main/scala/rocket/Instructions.scala;utility/rocket-chip/src/main/scala/rocket/Instructions.scala
fround.s,Zfa,RV32;RV64,hdl,0,41,39,0,2,huancun/Utility/rocket-chip/src/main/scala/rocket/Instructions.scala;huancun/rocket-chip/src/main/scala/rocket/Instructions.scala;openLLC/openNCB/external/rocket-chip/src/main/scala/rocket/Instructions.scala;openLLC/utility/rocket-chip/src/main/scala/rocket/Instructions.scala;utility/rocket-chip/src/main/scala/rocket/Instructions.scala
froundnx.h,Zfa,RV32;RV64,hdl,0,41,39,0,2,huancun/Utility/rocket-chip/src/main/scala/rocket/Instructions.scala;huancun/rocket-chip/src/main/scala/rocket/Instructions.scala;openLLC/openNCB/external/rocket-chip/src/main/scala/rocket/Instructions.scala;openLLC/utility/rocket-chip/src/main/scala/rocket/Instructions.scala;utility/rocket-chip/src/main/scala/rocket/Instructions.scala
froundnx.s,Zfa,RV32;RV64,hdl,0,41,39,0,2,huancun/Utility/rocket-chip/src/main/scala/rocket/Instructions.scala;huancun/rocket-chip/src/main/scala/rocket/Instructions.scala;openLLC/openNCB/external/rocket-chip/src/main/scala/rocket/Instructions.scala;openLLC/utility/rocket-chip/src/main/scala/rocket/Instructions.scala;utility/rocket-chip/src/main/scala/rocket/Instructions.scala
vfadd.vf,Zvl32b,RV32;RV64,hdl,0,41,39,0,2,huancun/Utility/rocket-chip/src/main/scala/rocket/Instructions.scala;huancun/rocket-chip/src/main/scala/rocket/Instructions.scala;openLLC/openNCB/external/rocket-chip/src/main/scala/rocket/Instructions.scala;openLLC/utility/rocket-chip/src/main/scala/rocket/Instructions.scala;utility/rocket-chip/src/main/scala/rocket/Instructions.scala
vfadd.vv,Zvl32b,RV32;RV64,hdl,0,41,39,0,2,huancun/Utility/rocket-chip/src/main/scala/rocket/Instructions.scala;huancun/rocket-chip/src/main/scala/rocket/Instructions.scala;openLLC/openNCB/external/rocket-chip/src/main/scala/rocket/Instructions.scala;openLLC/utility/rocket-chip/src/main/scala/rocket/Instructions.scala;utility/rocket-chip/src/main/scala/rocket/Instructions.scala
vfcvt.f.x.v,Zvl32b,RV32;RV64,hdl,0,41,39,0,2,huancun/Utility/rocket-chip/src/main/scala/rocket/Instructions.scala;huancun/rocket-chip/src/main/scala/rocket/Instructions.scala;openLLC/openNCB/external/rocket-chip/src/main/scala/rocket/Instructions.scala;openLLC/utility/rocket-chip/src/main/scala/rocket/Instructions.scala;utility/rocket-chip/src/main/scala/rocket/Instructions.scala
vfcvt.f.xu.v,Zvl32b,RV32;RV64,hdl,0,41,39,0,2,huancun/Utility/rocket-chip/src/main/scala/rocket/Instructions.scala;huancun/rocket-chip/src/main/scala/rocket/Instructions.scala;openLLC/openNCB/external/rocket-chip/src/main/scala/rocket/Instructions.scala;openLLC/utility/rocket-chip/src/main/scala/rocket/Instructions.scala;utility/rocket-chip/src/main/scala/rocket/Instructions.scala
vfcvt.rtz.x.f.v,Zvl32b,RV32;RV64,hdl,0,41,39,0,2,huancun/Utility/rocket-chip/src/main/scala/rocket/Instructions.scala;huancun/rocket-chip/src/main/scala/rocket/Instructions.scala;openLLC/openNCB/external/rocket-chip/src/main/scala/rocket/Instructions.scala;openLLC/utility/rocket-chip/src/main/scala/rocket/Instructions.scala;utility/rocket-chip/src/main/scala/rocket/Instructions.scala
vfcvt.rtz.xu.f.v,Zvl32b,RV32;RV64,hdl,0,41,39,0,2,huancun/Utility/rocket-chip/src/main/scala/rocket/Instructions.scala;huancun/rocket-chip/src/main/scala/rocket/Instructions.scala;openLLC/openNCB/external/rocket-chip/src/main/scala/rocket/Instructions.scala;openLLC/utility/rocket-chip/src/main/scala/rocket/Instructions.scala;utility/rocket-chip/src/main/scala/rocket/Instructions.scala
vfcvt.x.f.v,Zvl32b,RV32;RV64,hdl,0,41,39,0,2,huancun/Utility/rocket-chip/src/main/scala/rocket/Instructions.scala;huancun/rocket-chip/src/main/scala/rocket/Instructions.scala;openLLC/openNCB/external/rocket-chip/src/main/scala/rocket/Instructions.scala;openLLC/utility/rocket-chip/src/main/scala/rocket/Instructions.scala;utility/rocket-chip/src/main/scala/rocket/Instructions.scala
vfcvt.xu.f.v,Zvl32b,RV32;RV64,hdl,0,41,39,0,2,huancun/Utility/rocket-chip/src/main/scala/rocket/Instructions.scala;huancun/rocket-chip/src/main/scala/rocket/Instructions.scala;openLLC/openNCB/external/rocket-chip/src/main/scala/rocket/Instructions.scala;openLLC/utility/rocket-chip/src/main/scala/rocket/Instructions.scala;utility/rocket-chip/src/main/scala/rocket/Instructions.scala
vfdiv.vf,Zvl32b,RV32;RV64,hdl,0,41,39,0,2,huancun/Utility/rocket-chip/src/main/scala/rocket/Instructions.scala;huancun/rocket-chip/src/main/scala/rocket/Instructions.scala;openLLC/openNCB/external/rocket-chip/src/main/scala/rocket/Instructions.scala;openLLC/utility/rocket-chip/src/main/scala/rocket/Instructions.scala;utility/rocket-chip/src/main/scala/rocket/Instructions.scala
vfdiv.vv,Zvl32b,RV32;RV64,hdl,0,41,39,0,2,huancun/Utility/rocket-chip/src/main/scala/rocket/Instructions.scala;huancun/rocket-chip/src/main/scala/rocket/Instructions.scala;openLLC/openNCB/external/rocket-chip/src/main/scala/rocket/Instructions.scala;openLLC/utility/rocket-chip/src/main/scala/rocket/Instructions.scala;utility/rocket-chip/src/main/scala/rocket/Instructions.scala
vfmacc.vf,Zvl32b,RV32;RV64,hdl,0,41,39,0,2,huancun/Utility/rocket-chip/src/main/scala/rocket/Instructions.scala;huancun/rocket-chip/src/main/scala/rocket/Instructions.scala;openLLC/openNCB/external/rocket-chip/src/main/scala/rocket/Instructions.scala;openLLC/utility/rocket-chip/src/main/scala/rocket/Instructions.scala;utility/rocket-chip/src/main/scala/rocket/Instructions.scala
vfmacc.vv,Zvl32b,RV32;RV64,hdl,0,41,39,0,2,huancun/Utility/rocket-chip/src/main/scala/rocket/Instructions.scala;huancun/rocket-chip/src/main/scala/rocket/Instructions.scala;openLLC/openNCB/external/rocket-chip/src/main/scala/rocket/Instructions.scala;openLLC/utility/rocket-chip/src/main/scala/rocket/Instructions.scala;utility/rocket-chip/src/main/scala/rocket/Instructions.scala
vfmadd.vf,Zvl32b,RV32;RV64,hdl,0,41,39,0,2,huancun/Utility/rocket-chip/src/main/scala/rocket/Instructions.scala;huancun/rocket-chip/src/main/scala/rocket/Instructions.scala;openLLC/openNCB/external/rocket-chip/src/main/scala/rocket/Instructions.scala;openLLC/utility/rocket-chip/src/main/scala/rocket/Instructions.scala;utility/rocket-chip/src/main/scala/rocket/Instructions.scala
vfmadd.vv,Zvl32b,RV32;RV64,hdl,0,41,39,0,2,huancun/Utility/rocket-chip/src/main/scala/rocket/Instructions.scala;huancun/rocket-chip/src/main/scala/rocket/Instructions.scala;openLLC/openNCB/external/rocket-chip/src/main/scala/rocket/Instructions.scala;openLLC/utility/rocket-chip/src/main/scala/rocket/Instructions.scala;utility/rocket-chip/src/main/scala/rocket/Instructions.scala
vfmax.vf,Zvl32b,RV32;RV64,hdl,0,41,39,0,2,huancun/Utility/rocket-chip/src/main/scala/rocket/Instructions.scala;huancun/rocket-chip/src/main/scala/rocket/Instructions.scala;openLLC/openNCB/external/rocket-chip/src/main/scala/rocket/Instructions.scala;openLLC/utility/rocket-chip/src/main/scala/rocket/Instructions.scala;utility/rocket-chip/src/main/scala/rocket/Instructions.scala
vfmax.vv,Zvl32b,RV32;RV64,hdl,0,41,39,0,2,huancun/Utility/rocket-chip/src/main/scala/rocket/Instructions.scala;huancun/rocket-chip/src/main/scala/rocket/Instructions.scala;openLLC/openNCB/external/rocket-chip/src/main/scala/rocket/Instructions.scala;openLLC/utility/rocket-chip/src/main/scala/rocket/Instructions.scala;utility/rocket-chip/src/main/scala/rocket/Instructions.scala
vfmin.vf,Zvl32b,RV32;RV64,hdl,0,41,39,0,2,huancun/Utility/rocket-chip/src/main/scala/rocket/Instructions.scala;huancun/rocket-chip/src/main/scala/rocket/Instructions.scala;openLLC/openNCB/external/rocket-chip/src/main/scala/rocket/Instructions.scala;openLLC/utility/rocket-chip/src/main/scala/rocket/Instructions.scala;utility/rocket-chip/src/main/scala/rocket/Instructions.scala
vfmin.vv,Zvl32b,RV32;RV64,hdl,0,41,39,0,2,huancun/Utility/rocket-chip/src/main/scala/rocket/Instructions.scala;huancun/rocket-chip/src/main/scala/rocket/Instructions.scala;openLLC/openNCB/external/rocket-chip/src/main/scala/rocket/Instructions.scala;openLLC/utility/rocket-chip/src/main/scala/rocket/Instructions.scala;utility/rocket-chip/src/main/scala/rocket/Instructions.scala
vfmsac.vf,Zvl32b,RV32;RV64,hdl,0,41,39,0,2,huancun/Utility/rocket-chip/src/main/scala/rocket/Instructions.scala;huancun/rocket-chip/src/main/scala/rocket/Instructions.scala;openLLC/openNCB/external/rocket-chip/src/main/scala/rocket/Instructions.scala;openLLC/utility/rocket-chip/src/main/scala/rocket/Instructions.scala;utility/rocket-chip/src/main/scala/rocket/Instructions.scala
vfmsac.vv,Zvl32b,RV32;RV64,hdl,0,41,39,0,2,huancun/Utility/rocket-chip/src/main/scala/rocket/Instructions.scala;huancun/rocket-chip/src/main/scala/rocket/Instructions.scala;openLLC/openNCB/external/rocket-chip/src/main/scala/rocket/Instructions.scala;openLLC/utility/rocket-chip/src/main/scala/rocket/Instructions.scala;utility/rocket-chip/src/main/scala/rocket/Instructions.scala
vfmsub.vf,Zvl32b,RV32;RV64,hdl,0,41,39,0,2,huancun/Utility/rocket-chip/src/main/scala/rocket/Instructions.scala;huancun/rocket-chip/src/main/scala/rocket/Instructions.scala;openLLC/openNCB/external/rocket-chip/src/main/scala/rocket/Instructions.scala;openLLC/utility/rocket-chip/src/main/scala/rocket/Instructions.scala;utility/rocket-chip/src/main/scala/rocket/Instructions.scala
vfmsub.vv,Zvl32b,RV32;RV64,hdl,0,41,39,0,2,huancun/Utility/rocket-chip/src/main/scala/rocket/Instructions.scala;huancun/rocket-chip/src/main/scala/rocket/Instructions.scala;openLLC/openNCB/external/rocket-chip/src/main/scala/rocket/Instructions.scala;openLLC/utility/rocket-chip/src/main/scala/rocket/Instructions.scala;utility/rocket-chip/src/main/scala/rocket/Instructions.scala
vfmul.vf,Zvl32b,RV32;RV64,hdl,0,41,39,0,2,huancun/Utility/rocket-chip/src/main/scala/rocket/Instructions.scala;huancun/rocket-chip/src/main/scala/rocket/Instructions.scala;openLLC/openNCB/external/rocket-chip/src/main/scala/rocket/Instructions.scala;openLLC/utility/rocket-chip/src/main/scala/rocket/Instructions.scala;utility/rocket-chip/src/main/scala/rocket/Instructions.scala
vfmul.vv,Zvl32b,RV32;RV64,hdl,0,41,39,0,2,huancun/Utility/rocket-chip/src/main/scala/rocket/Instructions.scala;huancun/rocket-chip/src/main/scala/rocket/Instructions.scala;openLLC/openNCB/external/rocket-chip/src/main/scala/rocket/Instructions.scala;openLLC/utility/rocket-chip/src/main/scala/rocket/Instructions.scala;utility/rocket-chip/src/main/scala/rocket/Instructions.scala
vfmv.v.f,Zvl32b,RV32;RV64,hdl,0,41,39,0,2,huancun/Utility/rocket-chip/src/main/scala/rocket/Instructions.scala;huancun/rocket-chip/src/main/scala/rocket/Instructions.scala;openLLC/openNCB/external/rocket-chip/src/main/scala/rocket/Instructions.scala;openLLC/utility/rocket-chip/src/main/scala/rocket/Instructions.scala;utility/rocket-chip/src/main/scala/rocket/Instructions.scala
vfnmacc.vf,Zvl32b,RV32;RV64,hdl,0,41,39,0,2,huancun/Utility/rocket-chip/src/main/scala/rocket/Instructions.scala;huancun/rocket-chip/src/main/scala/rocket/Instructions.scala;openLLC/openNCB/external/rocket-chip/src/main/scala/rocket/Instructions.scala;openLLC/utility/rocket-chip/src/main/scala/rocket/Instructions.scala;utility/rocket-chip/src/main/scala/rocket/Instructions.scala
vfnmacc.vv,Zvl32b,RV32;RV64,hdl,0,41,39,0,2,huancun/Utility/rocket-chip/src/main/scala/rocket/Instructions.scala;huancun/rocket-chip/src/main/scala/rocket/Instructions.scala;openLLC/openNCB/external/rocket-chip/src/main/scala/rocket/Instructions.scala;openLLC/utility/rocket-chip/src/main/scala/rocket/Instructions.scala;utility/rocket-chip/src/main/scala/rocket/Instructions.scala
vfnmadd.vf,Zvl32b,RV32;RV64,hdl,0,41,39,0,2,huancun/Utility/rocket-chip/src/main/scala/rocket/Instructions.scala;huancun/rocket-chip/src/main/scala/rocket/Instructions.scala;openLLC/openNCB/external/rocket-chip/src/main/scala/rocket/Instructions.scala;openLLC/utility/rocket-chip/src/main/scala/rocket/Instructions.scala;utility/rocket-chip/src/main/scala/rocket/Instructions.scala
vfnmadd.vv,Zvl32b,RV32;RV64,hdl,0,41,39,0,2,huancun/Utility/rocket-chip/src/main/scala/rocket/Instructions.scala;huancun/rocket-chip/src/main/scala/rocket/Instructions.scala;openLLC/openNCB/external/rocket-chip/src/main/scala/rocket/Instructions.scala;openLLC/utility/rocket-chip/src/main/scala/rocket/Instructions.scala;utility/rocket-chip/src/main/scala/rocket/Instructions.scala
vfnmsac.vf,Zvl32b,RV32;RV64,hdl,0,41,39,0,2,huancun/Utility/rocket-chip/src/main/scala/rocket/Instructions.scala;huancun/rocket-chip/src/main/scala/rocket/Instructions.scala;openLLC/openNCB/external/rocket-chip/src/main/scala/rocket/Instructions.scala;openLLC/utility/rocket-chip/src/main/scala/rocket/Instructions.scala;utility/rocket-chip/src/main/scala/rocket/Instructions.scala
vfnmsac.vv,Zvl32b,RV32;RV64,hdl,0,41,39,0,2,huancun/Utility/rocket-chip/src/main/scala/rocket/Instructions.scala;huancun/rocket-chip/src/main/scala/rocket/Instructions.scala;openLLC/openNCB/external/rocket-chip/src/main/scala/rocket/Instructions.scala;openLLC/utility/rocket-chip/src/main/scala/rocket/Instructions.scala;utility/rocket-chip/src/main/scala/rocket/Instructions.scala
vfnmsub.vf,Zvl32b,RV32;RV64,hdl,0,41,39,0,2,huancun/Utility/rocket-chip/src/main/scala/rocket/Instructions.scala;huancun/rocket-chip/src/main/scala/rocket/Instructions.scala;openLLC/openNCB/external/rocket-chip/src/main/scala/rocket/Instructions.scala;openLLC/utility/rocket-chip/src/main/scala/rocket/Instructions.scala;utility/rocket-chip/src/main/scala/rocket/Instructions.scala
vfnmsub.vv,Zvl32b,RV32;RV64,hdl,0,41,39,0,2,huancun/Utility/rocket-chip/src/main/scala/rocket/Instructions.scala;huancun/rocket-chip/src/main/scala/rocket/Instructions.scala;openLLC/openNCB/external/rocket-chip/src/main/scala/rocket/Instructions.scala;openLLC/utility/rocket-chip/src/main/scala/rocket/Instructions.scala;utility/rocket-chip/src/main/scala/rocket/Instructions.scala
vfsgnj.vf,Zvl32b,RV32;RV64,hdl,0,41,39,0,2,huancun/Utility/rocket-chip/src/main/scala/rocket/Instructions.scala;huancun/rocket-chip/src/main/scala/rocket/Instructions.scala;openLLC/openNCB/external/rocket-chip/src/main/scala/rocket/Instructions.scala;openLLC/utility/rocket-chip/src/main/scala/rocket/Instructions.scala;utility/rocket-chip/src/main/scala/rocket/Instructions.scala
vfsgnj.vv,Zvl32b,RV32;RV64,hdl,0,41,39,0,2,huancun/Utility/rocket-chip/src/main/scala/rocket/Instructions.scala;huancun/rocket-chip/src/main/scala/rocket/Instructions.scala;openLLC/openNCB/external/rocket-chip/src/main/scala/rocket/Instructions.scala;openLLC/utility/rocket-chip/src/main/scala/rocket/Instructions.scala;utility/rocket-chip/src/main/scala/rocket/Instructions.scala
vfsgnjn.vf,Zvl32b,RV32;RV64,hdl,0,41,39,0,2,huancun/Utility/rocket-chip/src/main/scala/rocket/Instructions.scala;huancun/rocket-chip/src/main/scala/rocket/Instructions.scala;openLLC/openNCB/external/rocket-chip/src/main/scala/rocket/Instructions.scala;openLLC/utility/rocket-chip/src/main/scala/rocket/Instructions.scala;utility/rocket-chip/src/main/scala/rocket/Instructions.scala
vfsgnjn.vv,Zvl32b,RV32;RV64,hdl,0,41,39,0,2,huancun/Utility/rocket-chip/src/main/scala/rocket/Instructions.scala;huancun/rocket-chip/src/main/scala/rocket/Instructions.scala;openLLC/openNCB/external/rocket-chip/src/main/scala/rocket/Instructions.scala;openLLC/utility/rocket-chip/src/main/scala/rocket/Instructions.scala;utility/rocket-chip/src/main/scala/rocket/Instructions.scala
vfsgnjx.vf,Zvl32b,RV32;RV64,hdl,0,41,39,0,2,huancun/Utility/rocket-chip/src/main/scala/rocket/Instructions.scala;huancun/rocket-chip/src/main/scala/rocket/Instructions.scala;openLLC/openNCB/external/rocket-chip/src/main/scala/rocket/Instructions.scala;openLLC/utility/rocket-chip/src/main/scala/rocket/Instructions.scala;utility/rocket-chip/src/main/scala/rocket/Instructions.scala
vfsgnjx.vv,Zvl32b,RV32;RV64,hdl,0,41,39,0,2,huancun/Utility/rocket-chip/src/main/scala/rocket/Instructions.scala;huancun/rocket-chip/src/main/scala/rocket/Instructions.scala;openLLC/openNCB/external/rocket-chip/src/main/scala/rocket/Instructions.scala;openLLC/utility/rocket-chip/src/main/scala/rocket/Instructions.scala;utility/rocket-chip/src/main/scala/rocket/Instructions.scala
vfsub.vf,Zvl32b,RV32;RV64,hdl,0,41,39,0,2,huancun/Utility/rocket-chip/src/main/scala/rocket/Instructions.scala;huancun/rocket-chip/src/main/scala/rocket/Instructions.scala;openLLC/openNCB/external/rocket-chip/src/main/scala/rocket/Instructions.scala;openLLC/utility/rocket-chip/src/main/scala/rocket/Instructions.scala;utility/rocket-chip/src/main/scala/rocket/Instructions.scala
vfsub.vv,Zvl32b,RV32;RV64,hdl,0,41,39,0,2,huancun/Utility/rocket-chip/src/main/scala/rocket/Instructions.scala;huancun/rocket-chip/src/main/scala/rocket/Instructions.scala;openLLC/openNCB/external/rocket-chip/src/main/scala/rocket/Instructions.scala;openLLC/utility/rocket-chip/src/main/scala/rocket/Instructions.scala;utility/rocket-chip/src/main/scala/rocket/Instructions.scala
vl1re16.v,Zvl32b,RV32;RV64,hdl,0,41,39,0,2,huancun/Utility/rocket-chip/src/main/scala/rocket/Instructions.scala;huancun/rocket-chip/src/main/scala/rocket/Instructions.scala;openLLC/openNCB/external/rocket-chip/src/main/scala/rocket/Instructions.scala;openLLC/utility/rocket-chip/src/main/scala/rocket/Instructions.scala;utility/rocket-chip/src/main/scala/rocket/Instructions.scala
vl1re32.v,Zvl32b,RV32;RV64,hdl,0,41,39,0,2,huancun/Utility/rocket-chip/src/main/scala/rocket/Instructions.scala;huancun/rocket-chip/src/main/scala/rocket/Instructions.scala;openLLC/openNCB/external/rocket-chip/src/main/scala/rocket/Instructions.scala;openLLC/utility/rocket-chip/src/main/scala/rocket/Instructions.scala;utility/rocket-chip/src/main/scala/rocket/Instructions.scala
vl1re64.v,Zvl32b,RV32;RV64,hdl,0,41,39,0,2,huancun/Utility/rocket-chip/src/main/scala/rocket/Instructions.scala;huancun/rocket-chip/src/main/scala/rocket/Instructions.scala;openLLC/openNCB/external/rocket-chip/src/main/scala/rocket/Instructions.scala;openLLC/utility/rocket-chip/src/main/scala/rocket/Instructions.scala;utility/rocket-chip/src/main/scala/rocket/Instructions.scala
vl1re8.v,Zvl32b,RV32;RV64,hdl,0,41,39,0,2,huancun/Utility/rocket-chip/src/main/scala/rocket/Instructions.scala;huancun/rocket-chip/src/main/scala/rocket/Instructions.scala;openLLC/openNCB/external/rocket-chip/src/main/scala/rocket/Instructions.scala;openLLC/utility/rocket-chip/src/main/scala/rocket/Instructions.scala;utility/rocket-chip/src/main/scala/rocket/Instructions.scala
vl2re16.v,Zvl32b,RV32;RV64,hdl,0,41,39,0,2,huancun/Utility/rocket-chip/src/main/scala/rocket/Instructions.scala;huancun/rocket-chip/src/main/scala/rocket/Instructions.scala;openLLC/openNCB/external/rocket-chip/src/main/scala/rocket/Instructions.scala;openLLC/utility/rocket-chip/src/main/scala/rocket/Instructions.scala;utility/rocket-chip/src/main/scala/rocket/Instructions.scala
vl2re32.v,Zvl32b,RV32;RV64,hdl,0,41,39,0,2,huancun/Utility/rocket-chip/src/main/scala/rocket/Instructions.scala;huancun/rocket-chip/src/main/scala/rocket/Instructions.scala;openLLC/openNCB/external/rocket-chip/src/main/scala/rocket/Instructions.scala;openLLC/utility/rocket-chip/src/main/scala/rocket/Instructions.scala;utility/rocket-chip/src/main/scala/rocket/Instructions.scala
vl2re64.v,Zvl32b,RV32;RV64,hdl,0,41,39,0,2,huancun/Utility/rocket-chip/src/main/scala/rocket/Instructions.scala;huancun/rocket-chip/src/main/scala/rocket/Instructions.scala;openLLC/openNCB/external/rocket-chip/src/main/scala/rocket/Instructions.scala;openLLC/utility/rocket-chip/src/main/scala/rocket/Instructions.scala;utility/rocket-chip/src/main/scala/rocket/Instructions.scala
vl2re8.v,Zvl32b,RV32;RV64,hdl,0,41,39,0,2,huancun/Utility/rocket-chip/src/main/scala/rocket/Instructions.scala;huancun/rocket-chip/src/main/scala/rocket/Instructions.scala;openLLC/openNCB/external/rocket-chip/src/main/scala/rocket/Instructions.scala;openLLC/utility/rocket-chip/src/main/scala/rocket/Instructions.scala;utility/rocket-chip/src/main/scala/rocket/Instructions.scala
vl4re16.v,Zvl32b,RV32;RV64,hdl,0,41,39,0,2,huancun/Utility/rocket-chip/src/main/scala/rocket/Instructions.scala;huancun/rocket-chip/src/main/scala/rocket/Instructions.scala;openLLC/openNCB/external/rocket-chip/src/main/scala/rocket/Instructions.scala;openLLC/utility/rocket-chip/src/main/scala/rocket/Instructions.scala;utility/rocket-chip/src/main/scala/rocket/Instructions.scala
vl4re32.v,Zvl32b,RV32;RV64,hdl,0,41,39,0,2,huancun/Utility/rocket-chip/src/main/scala/rocket/Instructions.scala;huancun/rocket-chip/src/main/scala/rocket/Instructions.scala;openLLC/openNCB/external/rocket-chip/src/main/scala/rocket/Instructions.scala;openLLC/utility/rocket-chip/src/main/scala/rocket/Instructions.scala;utility/rocket-chip/src/main/scala/rocket/Instructions.scala
vl4re64.v,Zvl32b,RV32;RV64,hdl,0,41,39,0,2,huancun/Utility/rocket-chip/src/main/scala/rocket/Instructions.scala;huancun/rocket-chip/src/main/scala/rocket/Instructions.scala;openLLC/openNCB/external/rocket-chip/src/main/scala/rocket/Instructions.scala;openLLC/utility/rocket-chip/src/main/scala/rocket/Instructions.scala;utility/rocket-chip/src/main/scala/rocket/Instructions.scala
vl4re8.v,Zvl32b,RV32;RV64,hdl,0,41,39,0,2,huancun/Utility/rocket-chip/src/main/scala/rocket/Instructions.scala;huancun/rocket-chip/src/main/scala/rocket/Instructions.scala;openLLC/openNCB/external/rocket-chip/src/main/scala/rocket/Instructions.scala;openLLC/utility/rocket-chip/src/main/scala/rocket/Instructions.scala;utility/rocket-chip/src/main/scala/rocket/Instructions.scala
vl8re16.v,Zvl32b,RV32;RV64,hdl,0,41,39,0,2,huancun/Utility/rocket-chip/src/main/scala/rocket/Instructions.scala;huancun/rocket-chip/src/main/scala/rocket/Instructions.scala;openLLC/openNCB/external/rocket-chip/src/main/scala/rocket/Instructions.scala;openLLC/utility/rocket-chip/src/main/scala/rocket/Instructions.scala;utility/rocket-chip/src/main/scala/rocket/Instructions.scala
vl8re32.v,Zvl32b,RV32;RV64,hdl,0,41,39,0,2,huancun/Utility/rocket-chip/src/main/scala/rocket/Instructions.scala;huancun/rocket-chip/src/main/scala/rocket/Instructions.scala;openLLC/openNCB/external/rocket-chip/src/main/scala/rocket/Instructions.scala;openLLC/utility/rocket-chip/src/main/scala/rocket/Instructions.scala;utility/rocket-chip/src/main/scala/rocket/Instructions.scala
vl8re64.v,Zvl32b,RV32;RV64,hdl,0,41,39,0,2,huancun/Utility/rocket-chip/src/main/scala/rocket/Instructions.scala;huancun/rocket-chip/src/main/scala/rocket/Instructions.scala;openLLC/openNCB/external/rocket-chip/src/main/scala/rocket/Instructions.scala;openLLC/utility/rocket-chip/src/main/scala/rocket/Instructions.scala;utility/rocket-chip/src/main/scala/rocket/Instructions.scala
vl8re8.v,Zvl32b,RV32;RV64,hdl,0,41,39,0,2,huancun/Utility/rocket-chip/src/main/scala/rocket/Instructions.scala;huancun/rocket-chip/src/main/scala/rocket/Instructions.scala;openLLC/openNCB/external/rocket-chip/src/main/scala/rocket/Instructions.scala;openLLC/utility/rocket-chip/src/main/scala/rocket/Instructions.scala;utility/rocket-chip/src/main/scala/rocket/Instructions.scala
vle16.v,Zvl32b,RV32;RV64,hdl,0,41,39,0,2,huancun/Utility/rocket-chip/src/main/scala/rocket/Instructions.scala;huancun/rocket-chip/src/main/scala/rocket/Instructions.scala;openLLC/openNCB/external/rocket-chip/src/main/scala/rocket/Instructions.scala;openLLC/utility/rocket-chip/src/main/scala/rocket/Instructions.scala;utility/rocket-chip/src/main/scala/rocket/Instructions.scala
vle16ff.v,Zvl32b,RV32;RV64,hdl,0,41,39,0,2,huancun/Utility/rocket-chip/src/main/scala/rocket/Instructions.scala;huancun/rocket-chip/src/main/scala/rocket/Instructions.scala;openLLC/openNCB/external/rocket-chip/src/main/scala/rocket/Instructions.scala;openLLC/utility/rocket-chip/src/main/scala/rocket/Instructions.scala;utility/rocket-chip/src/main/scala/rocket/Instructions.scala
vle32.v,Zvl32b,RV32;RV64,hdl,0,41,39,0,2,huancun/Utility/rocket-chip/src/main/scala/rocket/Instructions.scala;huancun/rocket-chip/src/main/scala/rocket/Instructions.scala;openLLC/openNCB/external/rocket-chip/src/main/scala/rocket/Instructions.scala;openLLC/utility/rocket-chip/src/main/scala/rocket/Instructions.scala;utility/rocket-chip/src/main/scala/rocket/Instructions.scala
vle32ff.v,Zvl32b,RV32;RV64,hdl,0,41,39,0,2,huancun/Utility/rocket-chip/src/main/scala/rocket/Instructions.scala;huancun/rocket-chip/src/main/scala/rocket/Instructions.scala;openLLC/openNCB/external/rocket-chip/src/main/scala/rocket/Instructions.scala;openLLC/utility/rocket-chip/src/main/scala/rocket/Instructions.scala;utility/rocket-chip/src/main/scala/rocket/Instructions.scala
vle64.v,Zvl32b,RV32;RV64,hdl,0,41,39,0,2,huancun/Utility/rocket-chip/src/main/scala/rocket/Instructions.scala;huancun/rocket-chip/src/main/scala/rocket/Instructions.scala;openLLC/openNCB/external/rocket-chip/src/main/scala/rocket/Instructions.scala;openLLC/utility/rocket-chip/src/main/scala/rocket/Instructions.scala;utility/rocket-chip/src/main/scala/rocket/Instructions.scala
vle64ff.v,Zvl32b,RV32;RV64,hdl,0,41,39,0,2,huancun/Utility/rocket-chip/src/main/scala/rocket/Instructions.scala;huancun/rocket-chip/src/main/scala/rocket/Instructions.scala;openLLC/openNCB/external/rocket-chip/src/main/scala/rocket/Instructions.scala;openLLC/utility/rocket-chip/src/main/scala/rocket/Instructions.scala;utility/rocket-chip/src/main/scala/rocket/Instructions.scala
vle8.v,Zvl32b,RV32;RV64,hdl,0,41,39,0,2,huancun/Utility/rocket-chip/src/main/scala/rocket/Instructions.scala;huancun/rocket-chip/src/main/scala/rocket/Instructions.scala;openLLC/openNCB/external/rocket-chip/src/main/scala/rocket/Instructions.scala;openLLC/utility/rocket-chip/src/main/scala/rocket/Instructions.scala;utility/rocket-chip/src/main/scala/rocket/Instructions.scala
vle8ff.v,Zvl32b,RV32;RV64,hdl,0,41,39,0,2,huancun/Utility/rocket-chip/src/main/scala/rocket/Instructions.scala;huancun/rocket-chip/src/main/scala/rocket/Instructions.scala;openLLC/openNCB/external/rocket-chip/src/main/scala/rocket/Instructions.scala;openLLC/utility/rocket-chip/src/main/scala/rocket/Instructions.scala;utility/rocket-chip/src/main/scala/rocket/Instructions.scala
vlm.v,Zvl32b,RV32;RV64,hdl,0,41,39,0,2,huancun/Utility/rocket-chip/src/main/scala/rocket/Instructions.scala;huancun/rocket-chip/src/main/scala/rocket/Instructions.scala;openLLC/openNCB/external/rocket-chip/src/main/scala/rocket/Instructions.scala;openLLC/utility/rocket-chip/src/main/scala/rocket/Instructions.scala;utility/rocket-chip/src/main/scala/rocket/Instructions.scala
vloxei16.v,Zvl32b,RV32;RV64,hdl,0,41,39,0,2,huancun/Utility/rocket-chip/src/main/scala/rocket/Instructions.scala;huancun/rocket-chip/src/main/scala/rocket/Instructions.scala;openLLC/openNCB/external/rocket-chip/src/main/scala/rocket/Instructions.scala;openLLC/utility/rocket-chip/src/main/scala/rocket/Instructions.scala;utility/rocket-chip/src/main/scala/rocket/Instructions.scala
vloxei32.v,Zvl32b,RV32;RV64,hdl,0,41,39,0,2,huancun/Utility/rocket-chip/src/main/scala/rocket/Instructions.scala;huancun/rocket-chip/src/main/scala/rocket/Instructions.scala;openLLC/openNCB/external/rocket-chip/src/main/scala/rocket/Instructions.scala;openLLC/utility/rocket-chip/src/main/scala/rocket/Instructions.scala;utility/rocket-chip/src/main/scala/rocket/Instructions.scala
vloxei64.v,Zvl32b,RV32;RV64,hdl,0,41,39,0,2,huancun/Utility/rocket-chip/src/main/scala/rocket/Instructions.scala;huancun/rocket-chip/src/main/scala/rocket/Instructions.scala;openLLC/openNCB/external/rocket-chip/src/main/scala/rocket/Instructions.scala;openLLC/utility/rocket-chip/src/main/scala/rocket/Instructions.scala;utility/rocket-chip/src/main/scala/rocket/Instructions.scala
vloxei8.v,Zvl32b,RV32;RV64,hdl,0,41,39,0,2,huancun/Utility/rocket-chip/src/main/scala/rocket/Instructions.scala;huancun/rocket-chip/src/main/scala/rocket/Instructions.scala;openLLC/openNCB/external/rocket-chip/src/main/scala/rocket/Instructions.scala;openLLC/utility/rocket-chip/src/main/scala/rocket/Instructions.scala;utility/rocket-chip/src/main/scala/rocket/Instructions.scala
vlse16.v,Zvl32b,RV32;RV64,hdl,0,41,39,0,2,huancun/Utility/rocket-chip/src/main/scala/rocket/Instructions.scala;huancun/rocket-chip/src/main/scala/rocket/Instructions.scala;openLLC/openNCB/external/rocket-chip/src/main/scala/rocket/Instructions.scala;openLLC/utility/rocket-chip/src/main/scala/rocket/Instructions.scala;utility/rocket-chip/src/main/scala/rocket/Instructions.scala
vlse32.v,Zvl32b,RV32;RV64,hdl,0,41,39,0,2,huancun/Utility/rocket-chip/src/main/scala/rocket/Instructions.scala;huancun/rocket-chip/src/main/scala/rocket/Instructions.scala;openLLC/openNCB/external/rocket-chip/src/main/scala/rocket/Instructions.scala;openLLC/utility/rocket-chip/src/main/scala/rocket/Instructions.scala;utility/rocket-chip/src/main/scala/rocket/Instructions.scala
vlse64.v,Zvl32b,RV32;RV64,hdl,0,41,39,0,2,huancun/Utility/rocket-chip/src/main/scala/rocket/Instructions.scala;huancun/rocket-chip/src/main/scala/rocket/Instructions.scala;openLLC/openNCB/external/rocket-chip/src/main/scala/rocket/Instructions.scala;openLLC/utility/rocket-chip/src/main/scala/rocket/Instructions.scala;utility/rocket-chip/src/main/scala/rocket/Instructions.scala
vlse8.v,Zvl32b,RV32;RV64,hdl,0,41,39,0,2,huancun/Utility/rocket-chip/src/main/scala/rocket/Instructions.scala;huancun/rocket-chip/src/main/scala/rocket/Instructions.scala;openLLC/openNCB/external/rocket-chip/src/main/scala/rocket/Instructions.scala;openLLC/utility/rocket-chip/src/main/scala/rocket/Instructions.scala;utility/rocket-chip/src/main/scala/rocket/Instructions.scala
vluxei32.v,Zvl32b,RV32;RV64,hdl,0,41,39,0,2,huancun/Utility/rocket-chip/src/main/scala/rocket/Instructions.scala;huancun/rocket-chip/src/main/scala/rocket/Instructions.scala;openLLC/openNCB/external/rocket-chip/src/main/scala/rocket/Instructions.scala;openLLC/utility/rocket-chip/src/main/scala/rocket/Instructions.scala;utility/rocket-chip/src/main/scala/rocket/Instructions.scala
vluxei64.v,Zvl32b,RV32;RV64,hdl,0,41,39,0,2,huancun/Utility/rocket-chip/src/main/scala/rocket/Instructions.scala;huancun/rocket-chip/src/main/scala/rocket/Instructions.scala;openLLC/openNCB/external/rocket-chip/src/main/scala/rocket/Instructions.scala;openLLC/utility/rocket-chip/src/main/scala/rocket/Instructions.scala;utility/rocket-chip/src/main/scala/rocket/Instructions.scala
vluxei8.v,Zvl32b,RV32;RV64,hdl,0,41,39,0,2,huancun/Utility/rocket-chip/src/main/scala/rocket/Instructions.scala;huancun/rocket-chip/src/main/scala/rocket/Instructions.scala;openLLC/openNCB/external/rocket-chip/src/main/scala/rocket/Instructions.scala;openLLC/utility/rocket-chip/src/main/scala/rocket/Instructions.scala;utility/rocket-chip/src/main/scala/rocket/Instructions.scala
vmacc.vv,Zvl32b,RV32;RV64,hdl,0,41,39,0,2,huancun/Utility/rocket-chip/src/main/scala/rocket/Instructions.scala;huancun/rocket-chip/src/main/scala/rocket/Instructions.scala;openLLC/openNCB/external/rocket-chip/src/main/scala/rocket/Instructions.scala;openLLC/utility/rocket-chip/src/main/scala/rocket/Instructions.scala;utility/rocket-chip/src/main/scala/rocket/Instructions.scala
vmacc.vx,Zvl32b,RV32;RV64,hdl,0,41,39,0,2,huancun/Utility/rocket-chip/src/main/scala/rocket/Instructions.scala;huancun/rocket-chip/src/main/scala/rocket/Instructions.scala;openLLC/openNCB/external/rocket-chip/src/main/scala/rocket/Instructions.scala;openLLC/utility/rocket-chip/src/main/scala/rocket/Instructions.scala;utility/rocket-chip/src/main/scala/rocket/Instructions.scala
vmadd.vv,Zvl32b,RV32;RV64,hdl,0,41,39,0,2,huancun/Utility/rocket-chip/src/main/scala/rocket/Instructions.scala;huancun/rocket-chip/src/main/scala/rocket/Instructions.scala;openLLC/openNCB/external/rocket-chip/src/main/scala/rocket/Instructions.scala;openLLC/utility/rocket-chip/src/main/scala/rocket/Instructions.scala;utility/rocket-chip/src/main/scala/rocket/Instructions.scala
vmadd.vx,Zvl32b,RV32;RV64,hdl,0,41,39,0,2,huancun/Utility/rocket-chip/src/main/scala/rocket/Instructions.scala;huancun/rocket-chip/src/main/scala/rocket/Instructions.scala;openLLC/openNCB/external/rocket-chip/src/main/scala/rocket/Instructions.scala;openLLC/utility/rocket-chip/src/main/scala/rocket/Instructions.scala;utility/rocket-chip/src/main/scala/rocket/Instructions.scala
vnmsac.vv,Zvl32b,RV32;RV64,hdl,0,41,39,0,2,huancun/Utility/rocket-chip/src/main/scala/rocket/Instructions.scala;huancun/rocket-chip/src/main/scala/rocket/Instructions.scala;openLLC/openNCB/external/rocket-chip/src/main/scala/rocket/Instructions.scala;openLLC/utility/rocket-chip/src/main/scala/rocket/Instructions.scala;utility/rocket-chip/src/main/scala/rocket/Instructions.scala
vnmsac.vx,Zvl32b,RV32;RV64,hdl,0,41,39,0,2,huancun/Utility/rocket-chip/src/main/scala/rocket/Instructions.scala;huancun/rocket-chip/src/main/scala/rocket/Instructions.scala;openLLC/openNCB/external/rocket-chip/src/main/scala/rocket/Instructions.scala;openLLC/utility/rocket-chip/src/main/scala/rocket/Instructions.scala;utility/rocket-chip/src/main/scala/rocket/Instructions.scala
vnmsub.vv,Zvl32b,RV32;RV64,hdl,0,41,39,0,2,huancun/Utility/rocket-chip/src/main/scala/rocket/Instructions.scala;huancun/rocket-chip/src/main/scala/rocket/Instructions.scala;openLLC/openNCB/external/rocket-chip/src/main/scala/rocket/Instructions.scala;openLLC/utility/rocket-chip/src/main/scala/rocket/Instructions.scala;utility/rocket-chip/src/main/scala/rocket/Instructions.scala
vnmsub.vx,Zvl32b,RV32;RV64,hdl,0,41,39,0,2,huancun/Utility/rocket-chip/src/main/scala/rocket/Instructions.scala;huancun/rocket-chip/src/main/scala/rocket/Instructions.scala;openLLC/openNCB/external/rocket-chip/src/main/scala/rocket/Instructions.scala;openLLC/utility/rocket-chip/src/main/scala/rocket/Instructions.scala;utility/rocket-chip/src/main/scala/rocket/Instructions.scala
vredand.vs,Zvl32b,RV32;RV64,hdl,0,41,39,0,2,huancun/Utility/rocket-chip/src/main/scala/rocket/Instructions.scala;huancun/rocket-chip/src/main/scala/rocket/Instructions.scala;openLLC/openNCB/external/rocket-chip/src/main/scala/rocket/Instructions.scala;openLLC/utility/rocket-chip/src/main/scala/rocket/Instructions.scala;utility/rocket-chip/src/main/scala/rocket/Instructions.scala
vredmax.vs,Zvl32b,RV32;RV64,hdl,0,41,39,0,2,huancun/Utility/rocket-chip/src/main/scala/rocket/Instructions.scala;huancun/rocket-chip/src/main/scala/rocket/Instructions.scala;openLLC/openNCB/external/rocket-chip/src/main/scala/rocket/Instructions.scala;openLLC/utility/rocket-chip/src/main/scala/rocket/Instructions.scala;utility/rocket-chip/src/main/scala/rocket/Instructions.scala
vredmaxu.vs,Zvl32b,RV32;RV64,hdl,0,41,39,0,2,huancun/Utility/rocket-chip/src/main/scala/rocket/Instructions.scala;huancun/rocket-chip/src/main/scala/rocket/Instructions.scala;openLLC/openNCB/external/rocket-chip/src/main/scala/rocket/Instructions.scala;openLLC/utility/rocket-chip/src/main/scala/rocket/Instructions.scala;utility/rocket-chip/src/main/scala/rocket/Instructions.scala
vredmin.vs,Zvl32b,RV32;RV64,hdl,0,41,39,0,2,huancun/Utility/rocket-chip/src/main/scala/rocket/Instructions.scala;huancun/rocket-chip/src/main/scala/rocket/Instructions.scala;openLLC/openNCB/external/rocket-chip/src/main/scala/rocket/Instructions.scala;openLLC/utility/rocket-chip/src/main/scala/rocket/Instructions.scala;utility/rocket-chip/src/main/scala/rocket/Instructions.scala
vredminu.vs,Zvl32b,RV32;RV64,hdl,0,41,39,0,2,huancun/Utility/rocket-chip/src/main/scala/rocket/Instructions.scala;huancun/rocket-chip/src/main/scala/rocket/Instructions.scala;openLLC/openNCB/external/rocket-chip/src/main/scala/rocket/Instructions.scala;openLLC/utility/rocket-chip/src/main/scala/rocket/Instructions.scala;utility/rocket-chip/src/main/scala/rocket/Instructions.scala
vredor.vs,Zvl32b,RV32;RV64,hdl,0,41,39,0,2,huancun/Utility/rocket-chip/src/main/scala/rocket/Instructions.scala;huancun/rocket-chip/src/main/scala/rocket/Instructions.scala;openLLC/openNCB/external/rocket-chip/src/main/scala/rocket/Instructions.scala;openLLC/utility/rocket-chip/src/main/scala/rocket/Instructions.scala;utility/rocket-chip/src/main/scala/rocket/Instructions.scala
vredsum.vs,Zvl32b,RV32;RV64,hdl,0,41,39,0,2,huancun/Utility/rocket-chip/src/main/scala/rocket/Instructions.scala;huancun/rocket-chip/src/main/scala/rocket/Instructions.scala;openLLC/openNCB/external/rocket-chip/src/main/scala/rocket/Instructions.scala;openLLC/utility/rocket-chip/src/main/scala/rocket/Instructions.scala;utility/rocket-chip/src/main/scala/rocket/Instructions.scala
vredxor.vs,Zvl32b,RV32;RV64,hdl,0,41,39,0,2,huancun/Utility/rocket-chip/src/main/scala/rocket/Instructions.scala;huancun/rocket-chip/src/main/scala/rocket/Instructions.scala;openLLC/openNCB/external/rocket-chip/src/main/scala/rocket/Instructions.scala;openLLC/utility/rocket-chip/src/main/scala/rocket/Instructions.scala;utility/rocket-chip/src/main/scala/rocket/Instructions.scala
vrsub.vi,Zvl32b,RV32;RV64,hdl,0,41,39,0,2,huancun/Utility/rocket-chip/src/main/scala/rocket/Instructions.scala;huancun/rocket-chip/src/main/scala/rocket/Instructions.scala;openLLC/openNCB/external/rocket-chip/src/main/scala/rocket/Instructions.scala;openLLC/utility/rocket-chip/src/main/scala/rocket/Instructions.scala;utility/rocket-chip/src/main/scala/rocket/Instructions.scala
vrsub.vx,Zvl32b,RV32;RV64,hdl,0,41,39,0,2,huancun/Utility/rocket-chip/src/main/scala/rocket/Instructions.scala;huancun/rocket-chip/src/main/scala/rocket/Instructions.scala;openLLC/openNCB/external/rocket-chip/src/main/scala/rocket/Instructions.scala;openLLC/utility/rocket-chip/src/main/scala/rocket/Instructions.scala;utility/rocket-chip/src/main/scala/rocket/Instructions.scala
vs1r.v,Zvl32b,RV32;RV64,hdl,0,41,39,0,2,huancun/Utility/rocket-chip/src/main/scala/rocket/Instructions.scala;huancun/rocket-chip/src/main/scala/rocket/Instructions.scala;openLLC/openNCB/external/rocket-chip/src/main/scala/rocket/Instructions.scala;openLLC/utility/rocket-chip/src/main/scala/rocket/Instructions.scala;utility/rocket-chip/src/main/scala/rocket/Instructions.scala
vs2r.v,Zvl32b,RV32;RV64,hdl,0,41,39,0,2,huancun/Utility/rocket-chip/src/main/scala/rocket/Instructions.scala;huancun/rocket-chip/src/main/scala/rocket/Instructions.scala;openLLC/openNCB/external/rocket-chip/src/main/scala/rocket/Instructions.scala;openLLC/utility/rocket-chip/src/main/scala/rocket/Instructions.scala;utility/rocket-chip/src/main/scala/rocket/Instructions.scala
vs4r.v,Zvl32b,RV32;RV64,hdl,0,41,39,0,2,huancun/Utility/rocket-chip/src/main/scala/rocket/Instructions.scala;huancun/rocket-chip/src/main/scala/rocket/Instructions.scala;openLLC/openNCB/external/rocket-chip/src/main/scala/rocket/Instructions.scala;openLLC/utility/rocket-chip/src/main/scala/rocket/Instructions.scala;utility/rocket-chip/src/main/scala/rocket/Instructions.scala
vs8r.v,Zvl32b,RV32;RV64,hdl,0,41,39,0,2,huancun/Utility/rocket-chip/src/main/scala/rocket/Instructions.scala;huancun/rocket-chip/src/main/scala/rocket/Instructions.scala;openLLC/openNCB/external/rocket-chip/src/main/scala/rocket/Instructions.scala;openLLC/utility/rocket-chip/src/main/scala/rocket/Instructions.scala;utility/rocket-chip/src/main/scala/rocket/Instructions.scala
vse16.v,Zvl32b,RV32;RV64,hdl,0,41,39,0,2,huancun/Utility/rocket-chip/src/main/scala/rocket/Instructions.scala;huancun/rocket-chip/src/main/scala/rocket/Instructions.scala;openLLC/openNCB/external/rocket-chip/src/main/scala/rocket/Instructions.scala;openLLC/utility/rocket-chip/src/main/scala/rocket/Instructions.scala;utility/rocket-chip/src/main/scala/rocket/Instructions.scala
vse32.v,Zvl32b,RV32;RV64,hdl,0,41,39,0,2,huancun/Utility/rocket-chip/src/main/scala/rocket/Instructions.scala;huancun/rocket-chip/src/main/scala/rocket/Instructions.scala;openLLC/openNCB/external/rocket-chip/src/main/scala/rocket/Instructions.scala;openLLC/utility/rocket-chip/src/main/scala/rocket/Instructions.scala;utility/rocket-chip/src/main/scala/rocket/Instructions.scala
vse64.v,Zvl32b,RV32;RV64,hdl,0,41,39,0,2,huancun/Utility/rocket-chip/src/main/scala/rocket/Instructions.scala;huancun/rocket-chip/src/main/scala/rocket/Instructions.scala;openLLC/openNCB/external/rocket-chip/src/main/scala/rocket/Instructions.scala;openLLC/utility/rocket-chip/src/main/scala/rocket/Instructions.scala;utility/rocket-chip/src/main/scala/rocket/Instructions.scala
vse8.v,Zvl32b,RV32;RV64,hdl,0,41,39,0,2,huancun/Utility/rocket-chip/src/main/scala/rocket/Instructions.scala;huancun/rocket-chip/src/main/scala/rocket/Instructions.scala;openLLC/openNCB/external/rocket-chip/src/main/scala/rocket/Instructions.scala;openLLC/utility/rocket-chip/src/main/scala/rocket/Instructions.scala;utility/rocket-chip/src/main/scala/rocket/Instructions.scala
vslideup.vi,Zvl32b,RV32;RV64,hdl,0,41,39,0,2,huancun/Utility/rocket-chip/src/main/scala/rocket/Instructions.scala;huancun/rocket-chip/src/main/scala/rocket/Instructions.scala;openLLC/openNCB/external/rocket-chip/src/main/scala/rocket/Instructions.scala;openLLC/utility/rocket-chip/src/main/scala/rocket/Instructions.scala;utility/rocket-chip/src/main/scala/rocket/Instructions.scala
vsm.v,Zvl32b,RV32;RV64,hdl,0,41,39,0,2,huancun/Utility/rocket-chip/src/main/scala/rocket/Instructions.scala;huancun/rocket-chip/src/main/scala/rocket/Instructions.scala;openLLC/openNCB/external/rocket-chip/src/main/scala/rocket/Instructions.scala;openLLC/utility/rocket-chip/src/main/scala/rocket/Instructions.scala;utility/rocket-chip/src/main/scala/rocket/Instructions.scala
vsoxei16.v,Zvl32b,RV32;RV64,hdl,0,41,39,0,2,huancun/Utility/rocket-chip/src/main/scala/rocket/Instructions.scala;huancun/rocket-chip/src/main/scala/rocket/Instructions.scala;openLLC/openNCB/external/rocket-chip/src/main/scala/rocket/Instructions.scala;openLLC/utility/rocket-chip/src/main/scala/rocket/Instructions.scala;utility/rocket-chip/src/main/scala/rocket/Instructions.scala
vsoxei32.v,Zvl32b,RV32;RV64,hdl,0,41,39,0,2,huancun/Utility/rocket-chip/src/main/scala/rocket/Instructions.scala;huancun/rocket-chip/src/main/scala/rocket/Instructions.scala;openLLC/openNCB/external/rocket-chip/src/main/scala/rocket/Instructions.scala;openLLC/utility/rocket-chip/src/main/scala/rocket/Instructions.scala;utility/rocket-chip/src/main/scala/rocket/Instructions.scala
vsoxei64.v,Zvl32b,RV32;RV64,hdl,0,41,39,0,2,huancun/Utility/rocket-chip/src/main/scala/rocket/Instructions.scala;huancun/rocket-chip/src/main/scala/rocket/Instructions.scala;openLLC/openNCB/external/rocket-chip/src/main/scala/rocket/Instructions.scala;openLLC/utility/rocket-chip/src/main/scala/rocket/Instructions.scala;utility/rocket-chip/src/main/scala/rocket/Instructions.scala
vsoxei8.v,Zvl32b,RV32;RV64,hdl,0,41,39,0,2,huancun/Utility/rocket-chip/src/main/scala/rocket/Instructions.scala;huancun/rocket-chip/src/main/scala/rocket/Instructions.scala;openLLC/openNCB/external/rocket-chip/src/main/scala/rocket/Instructions.scala;openLLC/utility/rocket-chip/src/main/scala/rocket/Instructions.scala;utility/rocket-chip/src/main/scala/rocket/Instructions.scala
vsse16.v,Zvl32b,RV32;RV64,hdl,0,41,39,0,2,huancun/Utility/rocket-chip/src/main/scala/rocket/Instructions.scala;huancun/rocket-chip/src/main/scala/rocket/Instructions.scala;openLLC/openNCB/external/rocket-chip/src/main/scala/rocket/Instructions.scala;openLLC/utility/rocket-chip/src/main/scala/rocket/Instructions.scala;utility/rocket-chip/src/main/scala/rocket/Instructions.scala
vsse32.v,Zvl32b,RV32;RV64,hdl,0,41,39,0,2,huancun/Utility/rocket-chip/src/main/scala/rocket/Instructions.scala;huancun/rocket-chip/src/main/scala/rocket/Instructions.scala;openLLC/openNCB/external/rocket-chip/src/main/scala/rocket/Instructions.scala;openLLC/utility/rocket-chip/src/main/scala/rocket/Instructions.scala;utility/rocket-chip/src/main/scala/rocket/Instructions.scala
vsse64.v,Zvl32b,RV32;RV64,hdl,0,41,39,0,2,huancun/Utility/rocket-chip/src/main/scala/rocket/Instructions.scala;huancun/rocket-chip/src/main/scala/rocket/Instructions.scala;openLLC/openNCB/external/rocket-chip/src/main/scala/rocket/Instructions.scala;openLLC/utility/rocket-chip/src/main/scala/rocket/Instructions.scala;utility/rocket-chip/src/main/scala/rocket/Instructions.scala
vsse8.v,Zvl32b,RV32;RV64,hdl,0,41,39,0,2,huancun/Utility/rocket-chip/src/main/scala/rocket/Instructions.scala;huancun/rocket-chip/src/main/scala/rocket/Instructions.scala;openLLC/openNCB/external/rocket-chip/src/main/scala/rocket/Instructions.scala;openLLC/utility/rocket-chip/src/main/scala/rocket/Instructions.scala;utility/rocket-chip/src/main/scala/rocket/Instructions.scala
vsuxei16.v,Zvl32b,RV32;RV64,hdl,0,41,39,0,2,huancun/Utility/rocket-chip/src/main/scala/rocket/Instructions.scala;huancun/rocket-chip/src/main/scala/rocket/Instructions.scala;openLLC/openNCB/external/rocket-chip/src/main/scala/rocket/Instructions.scala;openLLC/utility/rocket-chip/src/main/scala/rocket/Instructions.scala;utility/rocket-chip/src/main/scala/rocket/Instructions.scala
vsuxei32.v,Zvl32b,RV32;RV64,hdl,0,41,39,0,2,huancun/Utility/rocket-chip/src/main/scala/rocket/Instructions.scala;huancun/rocket-chip/src/main/scala/rocket/Instructions.scala;openLLC/openNCB/external/rocket-chip/src/main/scala/rocket/Instructions.scala;openLLC/utility/rocket-chip/src/main/scala/rocket/Instructions.scala;utility/rocket-chip/src/main/scala/rocket/Instructions.scala
vsuxei64.v,Zvl32b,RV32;RV64,hdl,0,41,39,0,2,huancun/Utility/rocket-chip/src/main/scala/rocket/Instructions.scala;huancun/rocket-chip/src/main/scala/rocket/Instructions.scala;openLLC/openNCB/external/rocket-chip/src/main/scala/rocket/Instructions.scala;openLLC/utility/rocket-chip/src/main/scala/rocket/Instructions.scala;utility/rocket-chip/src/main/scala/rocket/Instructions.scala
vsuxei8.v,Zvl32b,RV32;RV64,hdl,0,41,39,0,2,huancun/Utility/rocket-chip/src/main/scala/rocket/Instructions.scala;huancun/rocket-chip/src/main/scala/rocket/Instructions.scala;openLLC/openNCB/external/rocket-chip/src/main/scala/rocket/Instructions.scala;openLLC/utility/rocket-chip/src/main/scala/rocket/Instructions.scala;utility/rocket-chip/src/main/scala/rocket/Instructions.scala
vwadd.vv,Zvl32b,RV32;RV64,hdl,0,41,39,0,2,huancun/Utility/rocket-chip/src/main/scala/rocket/Instructions.scala;huancun/rocket-chip/src/main/scala/rocket/Instructions.scala;openLLC/openNCB/external/rocket-chip/src/main/scala/rocket/Instructions.scala;openLLC/utility/rocket-chip/src/main/scala/rocket/Instructions.scala;utility/rocket-chip/src/main/scala/rocket/Instructions.scala
vwadd.vx,Zvl32b,RV32;RV64,hdl,0,41,39,0,2,huancun/Utility/rocket-chip/src/main/scala/rocket/Instructions.scala;huancun/rocket-chip/src/main/scala/rocket/Instructions.scala;openLLC/openNCB/external/rocket-chip/src/main/scala/rocket/Instructions.scala;openLLC/utility/rocket-chip/src/main/scala/rocket/Instructions.scala;utility/rocket-chip/src/main/scala/rocket/Instructions.scala
vwaddu.vv,Zvl32b,RV32;RV64,hdl,0,41,39,0,2,huancun/Utility/rocket-chip/src/main/scala/rocket/Instructions.scala;huancun/rocket-chip/src/main/scala/rocket/Instructions.scala;openLLC/openNCB/external/rocket-chip/src/main/scala/rocket/Instructions.scala;openLLC/utility/rocket-chip/src/main/scala/rocket/Instructions.scala;utility/rocket-chip/src/main/scala/rocket/Instructions.scala
vwaddu.vx,Zvl32b,RV32;RV64,hdl,0,41,39,0,2,huancun/Utility/rocket-chip/src/main/scala/rocket/Instructions.scala;huancun/rocket-chip/src/main/scala/rocket/Instructions.scala;openLLC/openNCB/external/rocket-chip/src/main/scala/rocket/Instructions.scala;openLLC/utility/rocket-chip/src/main/scala/rocket/Instructions.scala;utility/rocket-chip/src/main/scala/rocket/Instructions.scala
vwmul.vv,Zvl32b,RV32;RV64,hdl,0,41,39,0,2,huancun/Utility/rocket-chip/src/main/scala/rocket/Instructions.scala;huancun/rocket-chip/src/main/scala/rocket/Instructions.scala;openLLC/openNCB/external/rocket-chip/src/main/scala/rocket/Instructions.scala;openLLC/utility/rocket-chip/src/main/scala/rocket/Instructions.scala;utility/rocket-chip/src/main/scala/rocket/Instructions.scala
vwmul.vx,Zvl32b,RV32;RV64,hdl,0,41,39,0,2,huancun/Utility/rocket-chip/src/main/scala/rocket/Instructions.scala;huancun/rocket-chip/src/main/scala/rocket/Instructions.scala;openLLC/openNCB/external/rocket-chip/src/main/scala/rocket/Instructions.scala;openLLC/utility/rocket-chip/src/main/scala/rocket/Instructions.scala;utility/rocket-chip/src/main/scala/rocket/Instructions.scala
vwmulsu.vv,Zvl32b,RV32;RV64,hdl,0,41,39,0,2,huancun/Utility/rocket-chip/src/main/scala/rocket/Instructions.scala;huancun/rocket-chip/src/main/scala/rocket/Instructions.scala;openLLC/openNCB/external/rocket-chip/src/main/scala/rocket/Instructions.scala;openLLC/utility/rocket-chip/src/main/scala/rocket/Instructions.scala;utility/rocket-chip/src/main/scala/rocket/Instructions.scala
vwmulsu.vx,Zvl32b,RV32;RV64,hdl,0,41,39,0,2,huancun/Utility/rocket-chip/src/main/scala/rocket/Instructions.scala;huancun/rocket-chip/src/main/scala/rocket/Instructions.scala;openLLC/openNCB/external/rocket-chip/src/main/scala/rocket/Instructions.scala;openLLC/utility/rocket-chip/src/main/scala/rocket/Instructions.scala;utility/rocket-chip/src/main/scala/rocket/Instructions.scala
vwmulu.vv,Zvl32b,RV32;RV64,hdl,0,41,39,0,2,huancun/Utility/rocket-chip/src/main/scala/rocket/Instructions.scala;huancun/rocket-chip/src/main/scala/rocket/Instructions.scala;openLLC/openNCB/external/rocket-chip/src/main/scala/rocket/Instructions.scala;openLLC/utility/rocket-chip/src/main/scala/rocket/Instructions.scala;utility/rocket-chip/src/main/scala/rocket/Instructions.scala
vwmulu.vx,Zvl32b,RV32;RV64,hdl,0,41,39,0,2,huancun/Utility/rocket-chip/src/main/scala/rocket/Instructions.scala;huancun/rocket-chip/src/main/scala/rocket/Instructions.scala;openLLC/openNCB/external/rocket-chip/src/main/scala/rocket/Instructions.scala;openLLC/utility/rocket-chip/src/main/scala/rocket/Instructions.scala;utility/rocket-chip/src/main/scala/rocket/Instructions.scala
vwredsum.vs,Zvl32b,RV32;RV64,hdl,0,41,39,0,2,huancun/Utility/rocket-chip/src/main/scala/rocket/Instructions.scala;huancun/rocket-chip/src/main/scala/rocket/Instructions.scala;openLLC/openNCB/external/rocket-chip/src/main/scala/rocket/Instructions.scala;openLLC/utility/rocket-chip/src/main/scala/rocket/Instructions.scala;utility/rocket-chip/src/main/scala/rocket/Instructions.scala
vwredsumu.vs,Zvl32b,RV32;RV64,hdl,0,41,39,0,2,huancun/Utility/rocket-chip/src/main/scala/rocket/Instructions.scala;huancun/rocket-chip/src/main/scala/rocket/Instructions.scala;openLLC/openNCB/external/rocket-chip/src/main/scala/rocket/Instructions.scala;openLLC/utility/rocket-chip/src/main/scala/rocket/Instructions.scala;utility/rocket-chip/src/main/scala/rocket/Instructions.scala
vwsub.vv,Zvl32b,RV32;RV64,hdl,0,41,39,0,2,huancun/Utility/rocket-chip/src/main/scala/rocket/Instructions.scala;huancun/rocket-chip/src/main/scala/rocket/Instructions.scala;openLLC/openNCB/external/rocket-chip/src/main/scala/rocket/Instructions.scala;openLLC/utility/rocket-chip/src/main/scala/rocket/Instructions.scala;utility/rocket-chip/src/main/scala/rocket/Instructions.scala
vwsub.vx,Zvl32b,RV32;RV64,hdl,0,41,39,0,2,huancun/Utility/rocket-chip/src/main/scala/rocket/Instructions.scala;huancun/rocket-chip/src/main/scala/rocket/Instructions.scala;openLLC/openNCB/external/rocket-chip/src/main/scala/rocket/Instructions.scala;openLLC/utility/rocket-chip/src/main/scala/rocket/Instructions.scala;utility/rocket-chip/src/main/scala/rocket/Instructions.scala
vwsubu.vv,Zvl32b,RV32;RV64,hdl,0,41,39,0,2,huancun/Utility/rocket-chip/src/main/scala/rocket/Instructions.scala;huancun/rocket-chip/src/main/scala/rocket/Instructions.scala;openLLC/openNCB/external/rocket-chip/src/main/scala/rocket/Instructions.scala;openLLC/utility/rocket-chip/src/main/scala/rocket/Instructions.scala;utility/rocket-chip/src/main/scala/rocket/Instructions.scala
vwsubu.vx,Zvl32b,RV32;RV64,hdl,0,41,39,0,2,huancun/Utility/rocket-chip/src/main/scala/rocket/Instructions.scala;huancun/rocket-chip/src/main/scala/rocket/Instructions.scala;openLLC/openNCB/external/rocket-chip/src/main/scala/rocket/Instructions.scala;openLLC/utility/rocket-chip/src/main/scala/rocket/Instructions.scala;utility/rocket-chip/src/main/scala/rocket/Instructions.scala
fcvtmod.w.d,Zfa,RV32;RV64,hdl,0,40,38,0,2,huancun/Utility/rocket-chip/src/main/scala/rocket/Instructions.scala;huancun/rocket-chip/src/main/scala/rocket/Instructions.scala;openLLC/openNCB/external/rocket-chip/src/main/scala/rocket/Instructions.scala;openLLC/utility/rocket-chip/src/main/scala/rocket/Instructions.scala;utility/rocket-chip/src/main/scala/rocket/Instructions.scala
fleq.h,Zfa,RV32;RV64,hdl,0,40,38,0,2,huancun/Utility/rocket-chip/src/main/scala/rocket/Instructions.scala;huancun/rocket-chip/src/main/scala/rocket/Instructions.scala;openLLC/openNCB/external/rocket-chip/src/main/scala/rocket/Instructions.scala;openLLC/utility/rocket-chip/src/main/scala/rocket/Instructions.scala;utility/rocket-chip/src/main/scala/rocket/Instructions.scala
fleq.s,Zfa,RV32;RV64,hdl,0,40,38,0,2,huancun/Utility/rocket-chip/src/main/scala/rocket/Instructions.scala;huancun/rocket-chip/src/main/scala/rocket/Instructions.scala;openLLC/openNCB/external/rocket-chip/src/main/scala/rocket/Instructions.scala;openLLC/utility/rocket-chip/src/main/scala/rocket/Instructions.scala;utility/rocket-chip/src/main/scala/rocket/Instructions.scala
fltq.h,Zfa,RV32;RV64,hdl,0,40,38,0,2,huancun/Utility/rocket-chip/src/main/scala/rocket/Instructions.scala;huancun/rocket-chip/src/main/scala/rocket/Instructions.scala;openLLC/openNCB/external/rocket-chip/src/main/scala/rocket/Instructions.scala;openLLC/utility/rocket-chip/src/main/scala/rocket/Instructions.scala;utility/rocket-chip/src/main/scala/rocket/Instructions.scala
fltq.s,Zfa,RV32;RV64,hdl,0,40,38,0,2,huancun/Utility/rocket-chip/src/main/scala/rocket/Instructions.scala;huancun/rocket-chip/src/main/scala/rocket/Instructions.scala;openLLC/openNCB/external/rocket-chip/src/main/scala/rocket/Instructions.scala;openLLC/utility/rocket-chip/src/main/scala/rocket/Instructions.scala;utility/rocket-chip/src/main/scala/rocket/Instructions.scala
fmaxm.h,Zfa,RV32;RV64,hdl,0,40,38,0,2,huancun/Utility/rocket-chip/src/main/scala/rocket/Instructions.scala;huancun/rocket-chip/src/main/scala/rocket/Instructions.scala;openLLC/openNCB/external/rocket-chip/src/main/scala/rocket/Instructions.scala;openLLC/utility/rocket-chip/src/main/scala/rocket/Instructions.scala;utility/rocket-chip/src/main/scala/rocket/Instructions.scala
fmaxm.s,Zfa,RV32;RV64,hdl,0,40,38,0,2,huancun/Utility/rocket-chip/src/main/scala/rocket/Instructions.scala;huancun/rocket-chip/src/main/scala/rocket/Instructions.scala;openLLC/openNCB/external/rocket-chip/src/main/scala/rocket/Instructions.scala;openLLC/utility/rocket-chip/src/main/scala/rocket/Instructions.scala;utility/rocket-chip/src/main/scala/rocket/Instructions.scala
fminm.h,Zfa,RV32;RV64,hdl,0,40,38,0,2,huancun/Utility/rocket-chip/src/main/scala/rocket/Instructions.scala;huancun/rocket-chip/src/main/scala/rocket/Instructions.scala;openLLC/openNCB/external/rocket-chip/src/main/scala/rocket/Instructions.scala;openLLC/utility/rocket-chip/src/main/scala/rocket/Instructions.scala;utility/rocket-chip/src/main/scala/rocket/Instructions.scala
fminm.s,Zfa,RV32;RV64,hdl,0,40,38,0,2,huancun/Utility/rocket-chip/src/main/scala/rocket/Instructions.scala;huancun/rocket-chip/src/main/scala/rocket/Instructions.scala;openLLC/openNCB/external/rocket-chip/src/main/scala/rocket/Instructions.scala;openLLC/utility/rocket-chip/src/main/scala/rocket/Instructions.scala;utility/rocket-chip/src/main/scala/rocket/Instructions.scala
fround.d,Zfa,RV32;RV64,hdl,0,40,38,0,2,huancun/Utility/rocket-chip/src/main/scala/rocket/Instructions.scala;huancun/rocket-chip/src/main/scala/rocket/Instructions.scala;openLLC/openNCB/external/rocket-chip/src/main/scala/rocket/Instructions.scala;openLLC/utility/rocket-chip/src/main/scala/rocket/Instructions.scala;utility/rocket-chip/src/main/scala/rocket/Instructions.scala
froundnx.d,Zfa,RV32;RV64,hdl,0,40,38,0,2,huancun/Utility/rocket-chip/src/main/scala/rocket/Instructions.scala;huancun/rocket-chip/src/main/scala/rocket/Instructions.scala;openLLC/openNCB/external/rocket-chip/src/main/scala/rocket/Instructions.scala;openLLC/utility/rocket-chip/src/main/scala/rocket/Instructions.scala;utility/rocket-chip/src/main/scala/rocket/Instructions.scala
hinval.gvma,Svinval,RV32;RV64,hdl,0,40,38,0,2,huancun/Utility/rocket-chip/src/main/scala/rocket/Instructions.scala;huancun/rocket-chip/src/main/scala/rocket/Instructions.scala;openLLC/openNCB/external/rocket-chip/src/main/scala/rocket/Instructions.scala;openLLC/utility/rocket-chip/src/main/scala/rocket/Instructions.scala;utility/rocket-chip/src/main/scala/rocket/Instructions.scala
hinval.vvma,Svinval,RV32;RV64,hdl,0,40,38,0,2,huancun/Utility/rocket-chip/src/main/scala/rocket/Instructions.scala;huancun/rocket-chip/src/main/scala/rocket/Instructions.scala;openLLC/openNCB/external/rocket-chip/src/main/scala/rocket/Instructions.scala;openLLC/utility/rocket-chip/src/main/scala/rocket/Instructions.scala;utility/rocket-chip/src/main/scala/rocket/Instructions.scala
sfence.inval.ir,Svinval,RV32;RV64,hdl,0,40,38,0,2,huancun/Utility/rocket-chip/src/main/scala/rocket/Instructions.scala;huancun/rocket-chip/src/main/scala/rocket/Instructions.scala;openLLC/openNCB/external/rocket-chip/src/main/scala/rocket/Instructions.scala;openLLC/utility/rocket-chip/src/main/scala/rocket/Instructions.scala;utility/rocket-chip/src/main/scala/rocket/Instructions.scala
sfence.w.inval,Svinval,RV32;RV64,hdl,0,40,38,0,2,huancun/Utility/rocket-chip/src/main/scala/rocket/Instructions.scala;huancun/rocket-chip/src/main/scala/rocket/Instructions.scala;openLLC/openNCB/external/rocket-chip/src/main/scala/rocket/Instructions.scala;openLLC/utility/rocket-chip/src/main/scala/rocket/Instructions.scala;utility/rocket-chip/src/main/scala/rocket/Instructions.scala
sinval.vma,Svinval,RV32;RV64,hdl,0,40,38,0,2,huancun/Utility/rocket-chip/src/main/scala/rocket/Instructions.scala;huancun/rocket-chip/src/main/scala/rocket/Instructions.scala;openLLC/openNCB/external/rocket-chip/src/main/scala/rocket/Instructions.scala;openLLC/utility/rocket-chip/src/main/scala/rocket/Instructions.scala;utility/rocket-chip/src/main/scala/rocket/Instructions.scala
vaadd.vv,Zvl32b,RV32;RV64,hdl,0,40,38,0,2,huancun/Utility/rocket-chip/src/main/scala/rocket/Instructions.scala;huancun/rocket-chip/src/main/scala/rocket/Instructions.scala;openLLC/openNCB/external/rocket-chip/src/main/scala/rocket/Instructions.scala;openLLC/utility/rocket-chip/src/main/scala/rocket/Instructions.scala;utility/rocket-chip/src/main/scala/rocket/Instructions.scala
vaadd.vx,Zvl32b,RV32;RV64,hdl,0,40,38,0,2,huancun/Utility/rocket-chip/src/main/scala/rocket/Instructions.scala;huancun/rocket-chip/src/main/scala/rocket/Instructions.scala;openLLC/openNCB/external/rocket-chip/src/main/scala/rocket/Instructions.scala;openLLC/utility/rocket-chip/src/main/scala/rocket/Instructions.scala;utility/rocket-chip/src/main/scala/rocket/Instructions.scala
vaaddu.vv,Zvl32b,RV32;RV64,hdl,0,40,38,0,2,huancun/Utility/rocket-chip/src/main/scala/rocket/Instructions.scala;huancun/rocket-chip/src/main/scala/rocket/Instructions.scala;openLLC/openNCB/external/rocket-chip/src/main/scala/rocket/Instructions.scala;openLLC/utility/rocket-chip/src/main/scala/rocket/Instructions.scala;utility/rocket-chip/src/main/scala/rocket/Instructions.scala
vaaddu.vx,Zvl32b,RV32;RV64,hdl,0,40,38,0,2,huancun/Utility/rocket-chip/src/main/scala/rocket/Instructions.scala;huancun/rocket-chip/src/main/scala/rocket/Instructions.scala;openLLC/openNCB/external/rocket-chip/src/main/scala/rocket/Instructions.scala;openLLC/utility/rocket-chip/src/main/scala/rocket/Instructions.scala;utility/rocket-chip/src/main/scala/rocket/Instructions.scala
vadc.vim,Zvl32b,RV32;RV64,hdl,0,40,38,0,2,huancun/Utility/rocket-chip/src/main/scala/rocket/Instructions.scala;huancun/rocket-chip/src/main/scala/rocket/Instructions.scala;openLLC/openNCB/external/rocket-chip/src/main/scala/rocket/Instructions.scala;openLLC/utility/rocket-chip/src/main/scala/rocket/Instructions.scala;utility/rocket-chip/src/main/scala/rocket/Instructions.scala
vadc.vvm,Zvl32b,RV32;RV64,hdl,0,40,38,0,2,huancun/Utility/rocket-chip/src/main/scala/rocket/Instructions.scala;huancun/rocket-chip/src/main/scala/rocket/Instructions.scala;openLLC/openNCB/external/rocket-chip/src/main/scala/rocket/Instructions.scala;openLLC/utility/rocket-chip/src/main/scala/rocket/Instructions.scala;utility/rocket-chip/src/main/scala/rocket/Instructions.scala
vadc.vxm,Zvl32b,RV32;RV64,hdl,0,40,38,0,2,huancun/Utility/rocket-chip/src/main/scala/rocket/Instructions.scala;huancun/rocket-chip/src/main/scala/rocket/Instructions.scala;openLLC/openNCB/external/rocket-chip/src/main/scala/rocket/Instructions.scala;openLLC/utility/rocket-chip/src/main/scala/rocket/Instructions.scala;utility/rocket-chip/src/main/scala/rocket/Instructions.scala
vadd.vi,Zvl32b,RV32;RV64,hdl,0,40,38,0,2,huancun/Utility/rocket-chip/src/main/scala/rocket/Instructions.scala;huancun/rocket-chip/src/main/scala/rocket/Instructions.scala;openLLC/openNCB/external/rocket-chip/src/main/scala/rocket/Instructions.scala;openLLC/utility/rocket-chip/src/main/scala/rocket/Instructions.scala;utility/rocket-chip/src/main/scala/rocket/Instructions.scala
vadd.vv,Zvl32b,RV32;RV64,hdl,0,40,38,0,2,huancun/Utility/rocket-chip/src/main/scala/rocket/Instructions.scala;huancun/rocket-chip/src/main/scala/rocket/Instructions.scala;openLLC/openNCB/external/rocket-chip/src/main/scala/rocket/Instructions.scala;openLLC/utility/rocket-chip/src/main/scala/rocket/Instructions.scala;utility/rocket-chip/src/main/scala/rocket/Instructions.scala
vadd.vx,Zvl32b,RV32;RV64,hdl,0,40,38,0,2,huancun/Utility/rocket-chip/src/main/scala/rocket/Instructions.scala;huancun/rocket-chip/src/main/scala/rocket/Instructions.scala;openLLC/openNCB/external/rocket-chip/src/main/scala/rocket/Instructions.scala;openLLC/utility/rocket-chip/src/main/scala/rocket/Instructions.scala;utility/rocket-chip/src/main/scala/rocket/Instructions.scala
vand.vi,Zvl32b,RV32;RV64,hdl,0,40,38,0,2,huancun/Utility/rocket-chip/src/main/scala/rocket/Instructions.scala;huancun/rocket-chip/src/main/scala/rocket/Instructions.scala;openLLC/openNCB/external/rocket-chip/src/main/scala/rocket/Instructions.scala;openLLC/utility/rocket-chip/src/main/scala/rocket/Instructions.scala;utility/rocket-chip/src/main/scala/rocket/Instructions.scala
vand.vv,Zvl32b,RV32;RV64,hdl,0,40,38,0,2,huancun/Utility/rocket-chip/src/main/scala/rocket/Instructions.scala;huancun/rocket-chip/src/main/scala/rocket/Instructions.scala;openLLC/openNCB/external/rocket-chip/src/main/scala/rocket/Instructions.scala;openLLC/utility/rocket-chip/src/main/scala/rocket/Instructions.scala;utility/rocket-chip/src/main/scala/rocket/Instructions.scala
vand.vx,Zvl32b,RV32;RV64,hdl,0,40,38,0,2,huancun/Utility/rocket-chip/src/main/scala/rocket/Instructions.scala;huancun/rocket-chip/src/main/scala/rocket/Instructions.scala;openLLC/openNCB/external/rocket-chip/src/main/scala/rocket/Instructions.scala;openLLC/utility/rocket-chip/src/main/scala/rocket/Instructions.scala;utility/rocket-chip/src/main/scala/rocket/Instructions.scala
vasub.vv,Zvl32b,RV32;RV64,hdl,0,40,38,0,2,huancun/Utility/rocket-chip/src/main/scala/rocket/Instructions.scala;huancun/rocket-chip/src/main/scala/rocket/Instructions.scala;openLLC/openNCB/external/rocket-chip/src/main/scala/rocket/Instructions.scala;openLLC/utility/rocket-chip/src/main/scala/rocket/Instructions.scala;utility/rocket-chip/src/main/scala/rocket/Instructions.scala
vasub.vx,Zvl32b,RV32;RV64,hdl,0,40,38,0,2,huancun/Utility/rocket-chip/src/main/scala/rocket/Instructions.scala;huancun/rocket-chip/src/main/scala/rocket/Instructions.scala;openLLC/openNCB/external/rocket-chip/src/main/scala/rocket/Instructions.scala;openLLC/utility/rocket-chip/src/main/scala/rocket/Instructions.scala;utility/rocket-chip/src/main/scala/rocket/Instructions.scala
vasubu.vv,Zvl32b,RV32;RV64,hdl,0,40,38,0,2,huancun/Utility/rocket-chip/src/main/scala/rocket/Instructions.scala;huancun/rocket-chip/src/main/scala/rocket/Instructions.scala;openLLC/openNCB/external/rocket-chip/src/main/scala/rocket/Instructions.scala;openLLC/utility/rocket-chip/src/main/scala/rocket/Instructions.scala;utility/rocket-chip/src/main/scala/rocket/Instructions.scala
vasubu.vx,Zvl32b,RV32;RV64,hdl,0,40,38,0,2,huancun/Utility/rocket-chip/src/main/scala/rocket/Instructions.scala;huancun/rocket-chip/src/main/scala/rocket/Instructions.scala;openLLC/openNCB/external/rocket-chip/src/main/scala/rocket/Instructions.scala;openLLC/utility/rocket-chip/src/main/scala/rocket/Instructions.scala;utility/rocket-chip/src/main/scala/rocket/Instructions.scala
vdiv.vv,Zvl32b,RV32;RV64,hdl,0,40,38,0,2,huancun/Utility/rocket-chip/src/main/scala/rocket/Instructions.scala;huancun/rocket-chip/src/main/scala/rocket/Instructions.scala;openLLC/openNCB/external/rocket-chip/src/main/scala/rocket/Instructions.scala;openLLC/utility/rocket-chip/src/main/scala/rocket/Instructions.scala;utility/rocket-chip/src/main/scala/rocket/Instructions.scala
vdiv.vx,Zvl32b,RV32;RV64,hdl,0,40,38,0,2,huancun/Utility/rocket-chip/src/main/scala/rocket/Instructions.scala;huancun/rocket-chip/src/main/scala/rocket/Instructions.scala;openLLC/openNCB/external/rocket-chip/src/main/scala/rocket/Instructions.scala;openLLC/utility/rocket-chip/src/main/scala/rocket/Instructions.scala;utility/rocket-chip/src/main/scala/rocket/Instructions.scala
vdivu.vv,Zvl32b,RV32;RV64,hdl,0,40,38,0,2,huancun/Utility/rocket-chip/src/main/scala/rocket/Instructions.scala;huancun/rocket-chip/src/main/scala/rocket/Instructions.scala;openLLC/openNCB/external/rocket-chip/src/main/scala/rocket/Instructions.scala;openLLC/utility/rocket-chip/src/main/scala/rocket/Instructions.scala;utility/rocket-chip/src/main/scala/rocket/Instructions.scala
vdivu.vx,Zvl32b,RV32;RV64,hdl,0,40,38,0,2,huancun/Utility/rocket-chip/src/main/scala/rocket/Instructions.scala;huancun/rocket-chip/src/main/scala/rocket/Instructions.scala;openLLC/openNCB/external/rocket-chip/src/main/scala/rocket/Instructions.scala;openLLC/utility/rocket-chip/src/main/scala/rocket/Instructions.scala;utility/rocket-chip/src/main/scala/rocket/Instructions.scala
vfclass.v,Zvl32b,RV32;RV64,hdl,0,40,38,0,2,huancun/Utility/rocket-chip/src/main/scala/rocket/Instructions.scala;huancun/rocket-chip/src/main/scala/rocket/Instructions.scala;openLLC/openNCB/external/rocket-chip/src/main/scala/rocket/Instructions.scala;openLLC/utility/rocket-chip/src/main/scala/rocket/Instructions.scala;utility/rocket-chip/src/main/scala/rocket/Instructions.scala
vfmerge.vfm,Zvl32b,RV32;RV64,hdl,0,40,38,0,2,huancun/Utility/rocket-chip/src/main/scala/rocket/Instructions.scala;huancun/rocket-chip/src/main/scala/rocket/Instructions.scala;openLLC/openNCB/external/rocket-chip/src/main/scala/rocket/Instructions.scala;openLLC/utility/rocket-chip/src/main/scala/rocket/Instructions.scala;utility/rocket-chip/src/main/scala/rocket/Instructions.scala
vmax.vv,Zvl32b,RV32;RV64,hdl,0,40,38,0,2,huancun/Utility/rocket-chip/src/main/scala/rocket/Instructions.scala;huancun/rocket-chip/src/main/scala/rocket/Instructions.scala;openLLC/openNCB/external/rocket-chip/src/main/scala/rocket/Instructions.scala;openLLC/utility/rocket-chip/src/main/scala/rocket/Instructions.scala;utility/rocket-chip/src/main/scala/rocket/Instructions.scala
vmax.vx,Zvl32b,RV32;RV64,hdl,0,40,38,0,2,huancun/Utility/rocket-chip/src/main/scala/rocket/Instructions.scala;huancun/rocket-chip/src/main/scala/rocket/Instructions.scala;openLLC/openNCB/external/rocket-chip/src/main/scala/rocket/Instructions.scala;openLLC/utility/rocket-chip/src/main/scala/rocket/Instructions.scala;utility/rocket-chip/src/main/scala/rocket/Instructions.scala
vmaxu.vv,Zvl32b,RV32;RV64,hdl,0,40,38,0,2,huancun/Utility/rocket-chip/src/main/scala/rocket/Instructions.scala;huancun/rocket-chip/src/main/scala/rocket/Instructions.scala;openLLC/openNCB/external/rocket-chip/src/main/scala/rocket/Instructions.scala;openLLC/utility/rocket-chip/src/main/scala/rocket/Instructions.scala;utility/rocket-chip/src/main/scala/rocket/Instructions.scala
vmaxu.vx,Zvl32b,RV32;RV64,hdl,0,40,38,0,2,huancun/Utility/rocket-chip/src/main/scala/rocket/Instructions.scala;huancun/rocket-chip/src/main/scala/rocket/Instructions.scala;openLLC/openNCB/external/rocket-chip/src/main/scala/rocket/Instructions.scala;openLLC/utility/rocket-chip/src/main/scala/rocket/Instructions.scala;utility/rocket-chip/src/main/scala/rocket/Instructions.scala
vmerge.vim,Zvl32b,RV32;RV64,hdl,0,40,38,0,2,huancun/Utility/rocket-chip/src/main/scala/rocket/Instructions.scala;huancun/rocket-chip/src/main/scala/rocket/Instructions.scala;openLLC/openNCB/external/rocket-chip/src/main/scala/rocket/Instructions.scala;openLLC/utility/rocket-chip/src/main/scala/rocket/Instructions.scala;utility/rocket-chip/src/main/scala/rocket/Instructions.scala
vmerge.vvm,Zvl32b,RV32;RV64,hdl,0,40,38,0,2,huancun/Utility/rocket-chip/src/main/scala/rocket/Instructions.scala;huancun/rocket-chip/src/main/scala/rocket/Instructions.scala;openLLC/openNCB/external/rocket-chip/src/main/scala/rocket/Instructions.scala;openLLC/utility/rocket-chip/src/main/scala/rocket/Instructions.scala;utility/rocket-chip/src/main/scala/rocket/Instructions.scala
vmerge.vxm,Zvl32b,RV32;RV64,hdl,0,40,38,0,2,huancun/Utility/rocket-chip/src/main/scala/rocket/Instructions.scala;huancun/rocket-chip/src/main/scala/rocket/Instructions.scala;openLLC/openNCB/external/rocket-chip/src/main/scala/rocket/Instructions.scala;openLLC/utility/rocket-chip/src/main/scala/rocket/Instructions.scala;utility/rocket-chip/src/main/scala/rocket/Instructions.scala
vmin.vv,Zvl32b,RV32;RV64,hdl,0,40,38,0,2,huancun/Utility/rocket-chip/src/main/scala/rocket/Instructions.scala;huancun/rocket-chip/src/main/scala/rocket/Instructions.scala;openLLC/openNCB/external/rocket-chip/src/main/scala/rocket/Instructions.scala;openLLC/utility/rocket-chip/src/main/scala/rocket/Instructions.scala;utility/rocket-chip/src/main/scala/rocket/Instructions.scala
vmin.vx,Zvl32b,RV32;RV64,hdl,0,40,38,0,2,huancun/Utility/rocket-chip/src/main/scala/rocket/Instructions.scala;huancun/rocket-chip/src/main/scala/rocket/Instructions.scala;openLLC/openNCB/external/rocket-chip/src/main/scala/rocket/Instructions.scala;openLLC/utility/rocket-chip/src/main/scala/rocket/Instructions.scala;utility/rocket-chip/src/main/scala/rocket/Instructions.scala
vminu.vv,Zvl32b,RV32;RV64,hdl,0,40,38,0,2,huancun/Utility/rocket-chip/src/main/scala/rocket/Instructions.scala;huancun/rocket-chip/src/main/scala/rocket/Instructions.scala;openLLC/openNCB/external/rocket-chip/src/main/scala/rocket/Instructions.scala;openLLC/utility/rocket-chip/src/main/scala/rocket/Instructions.scala;utility/rocket-chip/src/main/scala/rocket/Instructions.scala
vminu.vx,Zvl32b,RV32;RV64,hdl,0,40,38,0,2,huancun/Utility/rocket-chip/src/main/scala/rocket/Instructions.scala;huancun/rocket-chip/src/main/scala/rocket/Instructions.scala;openLLC/openNCB/external/rocket-chip/src/main/scala/rocket/Instructions.scala;openLLC/utility/rocket-chip/src/main/scala/rocket/Instructions.scala;utility/rocket-chip/src/main/scala/rocket/Instructions.scala
vmul.vv,Zvl32b,RV32;RV64,hdl,0,40,38,0,2,huancun/Utility/rocket-chip/src/main/scala/rocket/Instructions.scala;huancun/rocket-chip/src/main/scala/rocket/Instructions.scala;openLLC/openNCB/external/rocket-chip/src/main/scala/rocket/Instructions.scala;openLLC/utility/rocket-chip/src/main/scala/rocket/Instructions.scala;utility/rocket-chip/src/main/scala/rocket/Instructions.scala
vmul.vx,Zvl32b,RV32;RV64,hdl,0,40,38,0,2,huancun/Utility/rocket-chip/src/main/scala/rocket/Instructions.scala;huancun/rocket-chip/src/main/scala/rocket/Instructions.scala;openLLC/openNCB/external/rocket-chip/src/main/scala/rocket/Instructions.scala;openLLC/utility/rocket-chip/src/main/scala/rocket/Instructions.scala;utility/rocket-chip/src/main/scala/rocket/Instructions.scala
vmulh.vv,Zvl32b,RV32;RV64,hdl,0,40,38,0,2,huancun/Utility/rocket-chip/src/main/scala/rocket/Instructions.scala;huancun/rocket-chip/src/main/scala/rocket/Instructions.scala;openLLC/openNCB/external/rocket-chip/src/main/scala/rocket/Instructions.scala;openLLC/utility/rocket-chip/src/main/scala/rocket/Instructions.scala;utility/rocket-chip/src/main/scala/rocket/Instructions.scala
vmulh.vx,Zvl32b,RV32;RV64,hdl,0,40,38,0,2,huancun/Utility/rocket-chip/src/main/scala/rocket/Instructions.scala;huancun/rocket-chip/src/main/scala/rocket/Instructions.scala;openLLC/openNCB/external/rocket-chip/src/main/scala/rocket/Instructions.scala;openLLC/utility/rocket-chip/src/main/scala/rocket/Instructions.scala;utility/rocket-chip/src/main/scala/rocket/Instructions.scala
vmulhsu.vv,Zvl32b,RV32;RV64,hdl,0,40,38,0,2,huancun/Utility/rocket-chip/src/main/scala/rocket/Instructions.scala;huancun/rocket-chip/src/main/scala/rocket/Instructions.scala;openLLC/openNCB/external/rocket-chip/src/main/scala/rocket/Instructions.scala;openLLC/utility/rocket-chip/src/main/scala/rocket/Instructions.scala;utility/rocket-chip/src/main/scala/rocket/Instructions.scala
vmulhsu.vx,Zvl32b,RV32;RV64,hdl,0,40,38,0,2,huancun/Utility/rocket-chip/src/main/scala/rocket/Instructions.scala;huancun/rocket-chip/src/main/scala/rocket/Instructions.scala;openLLC/openNCB/external/rocket-chip/src/main/scala/rocket/Instructions.scala;openLLC/utility/rocket-chip/src/main/scala/rocket/Instructions.scala;utility/rocket-chip/src/main/scala/rocket/Instructions.scala
vmulhu.vv,Zvl32b,RV32;RV64,hdl,0,40,38,0,2,huancun/Utility/rocket-chip/src/main/scala/rocket/Instructions.scala;huancun/rocket-chip/src/main/scala/rocket/Instructions.scala;openLLC/openNCB/external/rocket-chip/src/main/scala/rocket/Instructions.scala;openLLC/utility/rocket-chip/src/main/scala/rocket/Instructions.scala;utility/rocket-chip/src/main/scala/rocket/Instructions.scala
vmulhu.vx,Zvl32b,RV32;RV64,hdl,0,40,38,0,2,huancun/Utility/rocket-chip/src/main/scala/rocket/Instructions.scala;huancun/rocket-chip/src/main/scala/rocket/Instructions.scala;openLLC/openNCB/external/rocket-chip/src/main/scala/rocket/Instructions.scala;openLLC/utility/rocket-chip/src/main/scala/rocket/Instructions.scala;utility/rocket-chip/src/main/scala/rocket/Instructions.scala
vmv.v.i,Zvl32b,RV32;RV64,hdl,0,40,38,0,2,huancun/Utility/rocket-chip/src/main/scala/rocket/Instructions.scala;huancun/rocket-chip/src/main/scala/rocket/Instructions.scala;openLLC/openNCB/external/rocket-chip/src/main/scala/rocket/Instructions.scala;openLLC/utility/rocket-chip/src/main/scala/rocket/Instructions.scala;utility/rocket-chip/src/main/scala/rocket/Instructions.scala
vmv.v.v,Zvl32b,RV32;RV64,hdl,0,40,38,0,2,huancun/Utility/rocket-chip/src/main/scala/rocket/Instructions.scala;huancun/rocket-chip/src/main/scala/rocket/Instructions.scala;openLLC/openNCB/external/rocket-chip/src/main/scala/rocket/Instructions.scala;openLLC/utility/rocket-chip/src/main/scala/rocket/Instructions.scala;utility/rocket-chip/src/main/scala/rocket/Instructions.scala
vmv.v.x,Zvl32b,RV32;RV64,hdl,0,40,38,0,2,huancun/Utility/rocket-chip/src/main/scala/rocket/Instructions.scala;huancun/rocket-chip/src/main/scala/rocket/Instructions.scala;openLLC/openNCB/external/rocket-chip/src/main/scala/rocket/Instructions.scala;openLLC/utility/rocket-chip/src/main/scala/rocket/Instructions.scala;utility/rocket-chip/src/main/scala/rocket/Instructions.scala
vor.vi,Zvl32b,RV32;RV64,hdl,0,40,38,0,2,huancun/Utility/rocket-chip/src/main/scala/rocket/Instructions.scala;huancun/rocket-chip/src/main/scala/rocket/Instructions.scala;openLLC/openNCB/external/rocket-chip/src/main/scala/rocket/Instructions.scala;openLLC/utility/rocket-chip/src/main/scala/rocket/Instructions.scala;utility/rocket-chip/src/main/scala/rocket/Instructions.scala
vor.vv,Zvl32b,RV32;RV64,hdl,0,40,38,0,2,huancun/Utility/rocket-chip/src/main/scala/rocket/Instructions.scala;huancun/rocket-chip/src/main/scala/rocket/Instructions.scala;openLLC/openNCB/external/rocket-chip/src/main/scala/rocket/Instructions.scala;openLLC/utility/rocket-chip/src/main/scala/rocket/Instructions.scala;utility/rocket-chip/src/main/scala/rocket/Instructions.scala
vor.vx,Zvl32b,RV32;RV64,hdl,0,40,38,0,2,huancun/Utility/rocket-chip/src/main/scala/rocket/Instructions.scala;huancun/rocket-chip/src/main/scala/rocket/Instructions.scala;openLLC/openNCB/external/rocket-chip/src/main/scala/rocket/Instructions.scala;openLLC/utility/rocket-chip/src/main/scala/rocket/Instructions.scala;utility/rocket-chip/src/main/scala/rocket/Instructions.scala
vrem.vv,Zvl32b,RV32;RV64,hdl,0,40,38,0,2,huancun/Utility/rocket-chip/src/main/scala/rocket/Instructions.scala;huancun/rocket-chip/src/main/scala/rocket/Instructions.scala;openLLC/openNCB/external/rocket-chip/src/main/scala/rocket/Instructions.scala;openLLC/utility/rocket-chip/src/main/scala/rocket/Instructions.scala;utility/rocket-chip/src/main/scala/rocket/Instructions.scala
vrem.vx,Zvl32b,RV32;RV64,hdl,0,40,38,0,2,huancun/Utility/rocket-chip/src/main/scala/rocket/Instructions.scala;huancun/rocket-chip/src/main/scala/rocket/Instructions.scala;openLLC/openNCB/external/rocket-chip/src/main/scala/rocket/Instructions.scala;openLLC/utility/rocket-chip/src/main/scala/rocket/Instructions.scala;utility/rocket-chip/src/main/scala/rocket/Instructions.scala
vremu.vv,Zvl32b,RV32;RV64,hdl,0,40,38,0,2,huancun/Utility/rocket-chip/src/main/scala/rocket/Instructions.scala;huancun/rocket-chip/src/main/scala/rocket/Instructions.scala;openLLC/openNCB/external/rocket-chip/src/main/scala/rocket/Instructions.scala;openLLC/utility/rocket-chip/src/main/scala/rocket/Instructions.scala;utility/rocket-chip/src/main/scala/rocket/Instructions.scala
vremu.vx,Zvl32b,RV32;RV64,hdl,0,40,38,0,2,huancun/Utility/rocket-chip/src/main/scala/rocket/Instructions.scala;huancun/rocket-chip/src/main/scala/rocket/Instructions.scala;openLLC/openNCB/external/rocket-chip/src/main/scala/rocket/Instructions.scala;openLLC/utility/rocket-chip/src/main/scala/rocket/Instructions.scala;utility/rocket-chip/src/main/scala/rocket/Instructions.scala
vsadd.vi,Zvl32b,RV32;RV64,hdl,0,40,38,0,2,huancun/Utility/rocket-chip/src/main/scala/rocket/Instructions.scala;huancun/rocket-chip/src/main/scala/rocket/Instructions.scala;openLLC/openNCB/external/rocket-chip/src/main/scala/rocket/Instructions.scala;openLLC/utility/rocket-chip/src/main/scala/rocket/Instructions.scala;utility/rocket-chip/src/main/scala/rocket/Instructions.scala
vsadd.vv,Zvl32b,RV32;RV64,hdl,0,40,38,0,2,huancun/Utility/rocket-chip/src/main/scala/rocket/Instructions.scala;huancun/rocket-chip/src/main/scala/rocket/Instructions.scala;openLLC/openNCB/external/rocket-chip/src/main/scala/rocket/Instructions.scala;openLLC/utility/rocket-chip/src/main/scala/rocket/Instructions.scala;utility/rocket-chip/src/main/scala/rocket/Instructions.scala
vsadd.vx,Zvl32b,RV32;RV64,hdl,0,40,38,0,2,huancun/Utility/rocket-chip/src/main/scala/rocket/Instructions.scala;huancun/rocket-chip/src/main/scala/rocket/Instructions.scala;openLLC/openNCB/external/rocket-chip/src/main/scala/rocket/Instructions.scala;openLLC/utility/rocket-chip/src/main/scala/rocket/Instructions.scala;utility/rocket-chip/src/main/scala/rocket/Instructions.scala
vsaddu.vi,Zvl32b,RV32;RV64,hdl,0,40,38,0,2,huancun/Utility/rocket-chip/src/main/scala/rocket/Instructions.scala;huancun/rocket-chip/src/main/scala/rocket/Instructions.scala;openLLC/openNCB/external/rocket-chip/src/main/scala/rocket/Instructions.scala;openLLC/utility/rocket-chip/src/main/scala/rocket/Instructions.scala;utility/rocket-chip/src/main/scala/rocket/Instructions.scala
vsaddu.vv,Zvl32b,RV32;RV64,hdl,0,40,38,0,2,huancun/Utility/rocket-chip/src/main/scala/rocket/Instructions.scala;huancun/rocket-chip/src/main/scala/rocket/Instructions.scala;openLLC/openNCB/external/rocket-chip/src/main/scala/rocket/Instructions.scala;openLLC/utility/rocket-chip/src/main/scala/rocket/Instructions.scala;utility/rocket-chip/src/main/scala/rocket/Instructions.scala
vsaddu.vx,Zvl32b,RV32;RV64,hdl,0,40,38,0,2,huancun/Utility/rocket-chip/src/main/scala/rocket/Instructions.scala;huancun/rocket-chip/src/main/scala/rocket/Instructions.scala;openLLC/openNCB/external/rocket-chip/src/main/scala/rocket/Instructions.scala;openLLC/utility/rocket-chip/src/main/scala/rocket/Instructions.scala;utility/rocket-chip/src/main/scala/rocket/Instructions.scala
vsbc.vvm,Zvl32b,RV32;RV64,hdl,0,40,38,0,2,huancun/Utility/rocket-chip/src/main/scala/rocket/Instructions.scala;huancun/rocket-chip/src/main/scala/rocket/Instructions.scala;openLLC/openNCB/external/rocket-chip/src/main/scala/rocket/Instructions.scala;openLLC/utility/rocket-chip/src/main/scala/rocket/Instructions.scala;utility/rocket-chip/src/main/scala/rocket/Instructions.scala
vsbc.vxm,Zvl32b,RV32;RV64,hdl,0,40,38,0,2,huancun/Utility/rocket-chip/src/main/scala/rocket/Instructions.scala;huancun/rocket-chip/src/main/scala/rocket/Instructions.scala;openLLC/openNCB/external/rocket-chip/src/main/scala/rocket/Instructions.scala;openLLC/utility/rocket-chip/src/main/scala/rocket/Instructions.scala;utility/rocket-chip/src/main/scala/rocket/Instructions.scala
vslidedown.vi,Zvl32b,RV32;RV64,hdl,0,40,38,0,2,huancun/Utility/rocket-chip/src/main/scala/rocket/Instructions.scala;huancun/rocket-chip/src/main/scala/rocket/Instructions.scala;openLLC/openNCB/external/rocket-chip/src/main/scala/rocket/Instructions.scala;openLLC/utility/rocket-chip/src/main/scala/rocket/Instructions.scala;utility/rocket-chip/src/main/scala/rocket/Instructions.scala
vsll.vi,Zvl32b,RV32;RV64,hdl,0,40,38,0,2,huancun/Utility/rocket-chip/src/main/scala/rocket/Instructions.scala;huancun/rocket-chip/src/main/scala/rocket/Instructions.scala;openLLC/openNCB/external/rocket-chip/src/main/scala/rocket/Instructions.scala;openLLC/utility/rocket-chip/src/main/scala/rocket/Instructions.scala;utility/rocket-chip/src/main/scala/rocket/Instructions.scala
vsll.vv,Zvl32b,RV32;RV64,hdl,0,40,38,0,2,huancun/Utility/rocket-chip/src/main/scala/rocket/Instructions.scala;huancun/rocket-chip/src/main/scala/rocket/Instructions.scala;openLLC/openNCB/external/rocket-chip/src/main/scala/rocket/Instructions.scala;openLLC/utility/rocket-chip/src/main/scala/rocket/Instructions.scala;utility/rocket-chip/src/main/scala/rocket/Instructions.scala
vsll.vx,Zvl32b,RV32;RV64,hdl,0,40,38,0,2,huancun/Utility/rocket-chip/src/main/scala/rocket/Instructions.scala;huancun/rocket-chip/src/main/scala/rocket/Instructions.scala;openLLC/openNCB/external/rocket-chip/src/main/scala/rocket/Instructions.scala;openLLC/utility/rocket-chip/src/main/scala/rocket/Instructions.scala;utility/rocket-chip/src/main/scala/rocket/Instructions.scala
vsmul.vv,Zvl32b,RV32;RV64,hdl,0,40,38,0,2,huancun/Utility/rocket-chip/src/main/scala/rocket/Instructions.scala;huancun/rocket-chip/src/main/scala/rocket/Instructions.scala;openLLC/openNCB/external/rocket-chip/src/main/scala/rocket/Instructions.scala;openLLC/utility/rocket-chip/src/main/scala/rocket/Instructions.scala;utility/rocket-chip/src/main/scala/rocket/Instructions.scala
vsmul.vx,Zvl32b,RV32;RV64,hdl,0,40,38,0,2,huancun/Utility/rocket-chip/src/main/scala/rocket/Instructions.scala;huancun/rocket-chip/src/main/scala/rocket/Instructions.scala;openLLC/openNCB/external/rocket-chip/src/main/scala/rocket/Instructions.scala;openLLC/utility/rocket-chip/src/main/scala/rocket/Instructions.scala;utility/rocket-chip/src/main/scala/rocket/Instructions.scala
vsra.vi,Zvl32b,RV32;RV64,hdl,0,40,38,0,2,huancun/Utility/rocket-chip/src/main/scala/rocket/Instructions.scala;huancun/rocket-chip/src/main/scala/rocket/Instructions.scala;openLLC/openNCB/external/rocket-chip/src/main/scala/rocket/Instructions.scala;openLLC/utility/rocket-chip/src/main/scala/rocket/Instructions.scala;utility/rocket-chip/src/main/scala/rocket/Instructions.scala
vsra.vv,Zvl32b,RV32;RV64,hdl,0,40,38,0,2,huancun/Utility/rocket-chip/src/main/scala/rocket/Instructions.scala;huancun/rocket-chip/src/main/scala/rocket/Instructions.scala;openLLC/openNCB/external/rocket-chip/src/main/scala/rocket/Instructions.scala;openLLC/utility/rocket-chip/src/main/scala/rocket/Instructions.scala;utility/rocket-chip/src/main/scala/rocket/Instructions.scala
vsra.vx,Zvl32b,RV32;RV64,hdl,0,40,38,0,2,huancun/Utility/rocket-chip/src/main/scala/rocket/Instructions.scala;huancun/rocket-chip/src/main/scala/rocket/Instructions.scala;openLLC/openNCB/external/rocket-chip/src/main/scala/rocket/Instructions.scala;openLLC/utility/rocket-chip/src/main/scala/rocket/Instructions.scala;utility/rocket-chip/src/main/scala/rocket/Instructions.scala
vsrl.vi,Zvl32b,RV32;RV64,hdl,0,40,38,0,2,huancun/Utility/rocket-chip/src/main/scala/rocket/Instructions.scala;huancun/rocket-chip/src/main/scala/rocket/Instructions.scala;openLLC/openNCB/external/rocket-chip/src/main/scala/rocket/Instructions.scala;openLLC/utility/rocket-chip/src/main/scala/rocket/Instructions.scala;utility/rocket-chip/src/main/scala/rocket/Instructions.scala
vsrl.vv,Zvl32b,RV32;RV64,hdl,0,40,38,0,2,huancun/Utility/rocket-chip/src/main/scala/rocket/Instructions.scala;huancun/rocket-chip/src/main/scala/rocket/Instructions.scala;openLLC/openNCB/external/rocket-chip/src/main/scala/rocket/Instructions.scala;openLLC/utility/rocket-chip/src/main/scala/rocket/Instructions.scala;utility/rocket-chip/src/main/scala/rocket/Instructions.scala
vsrl.vx,Zvl32b,RV32;RV64,hdl,0,40,38,0,2,huancun/Utility/rocket-chip/src/main/scala/rocket/Instructions.scala;huancun/rocket-chip/src/main/scala/rocket/Instructions.scala;openLLC/openNCB/external/rocket-chip/src/main/scala/rocket/Instructions.scala;openLLC/utility/rocket-chip/src/main/scala/rocket/Instructions.scala;utility/rocket-chip/src/main/scala/rocket/Instructions.scala
vssra.vi,Zvl32b,RV32;RV64,hdl,0,40,38,0,2,huancun/Utility/rocket-chip/src/main/scala/rocket/Instructions.scala;huancun/rocket-chip/src/main/scala/rocket/Instructions.scala;openLLC/openNCB/external/rocket-chip/src/main/scala/rocket/Instructions.scala;openLLC/utility/rocket-chip/src/main/scala/rocket/Instructions.scala;utility/rocket-chip/src/main/scala/rocket/Instructions.scala
vssra.vv,Zvl32b,RV32;RV64,hdl,0,40,38,0,2,huancun/Utility/rocket-chip/src/main/scala/rocket/Instructions.scala;huancun/rocket-chip/src/main/scala/rocket/Instructions.scala;openLLC/openNCB/external/rocket-chip/src/main/scala/rocket/Instructions.scala;openLLC/utility/rocket-chip/src/main/scala/rocket/Instructions.scala;utility/rocket-chip/src/main/scala/rocket/Instructions.scala
vssra.vx,Zvl32b,RV32;RV64,hdl,0,40,38,0,2,huancun/Utility/rocket-chip/src/main/scala/rocket/Instructions.scala;huancun/rocket-chip/src/main/scala/rocket/Instructions.scala;openLLC/openNCB/external/rocket-chip/src/main/scala/rocket/Instructions.scala;openLLC/utility/rocket-chip/src/main/scala/rocket/Instructions.scala;utility/rocket-chip/src/main/scala/rocket/Instructions.scala
vssrl.vi,Zvl32b,RV32;RV64,hdl,0,40,38,0,2,huancun/Utility/rocket-chip/src/main/scala/rocket/Instructions.scala;huancun/rocket-chip/src/main/scala/rocket/Instructions.scala;openLLC/openNCB/external/rocket-chip/src/main/scala/rocket/Instructions.scala;openLLC/utility/rocket-chip/src/main/scala/rocket/Instructions.scala;utility/rocket-chip/src/main/scala/rocket/Instructions.scala
vssrl.vv,Zvl32b,RV32;RV64,hdl,0,40,38,0,2,huancun/Utility/rocket-chip/src/main/scala/rocket/Instructions.scala;huancun/rocket-chip/src/main/scala/rocket/Instructions.scala;openLLC/openNCB/external/rocket-chip/src/main/scala/rocket/Instructions.scala;openLLC/utility/rocket-chip/src/main/scala/rocket/Instructions.scala;utility/rocket-chip/src/main/scala/rocket/Instructions.scala
vssrl.vx,Zvl32b,RV32;RV64,hdl,0,40,38,0,2,huancun/Utility/rocket-chip/src/main/scala/rocket/Instructions.scala;huancun/rocket-chip/src/main/scala/rocket/Instructions.scala;openLLC/openNCB/external/rocket-chip/src/main/scala/rocket/Instructions.scala;openLLC/utility/rocket-chip/src/main/scala/rocket/Instructions.scala;utility/rocket-chip/src/main/scala/rocket/Instructions.scala
vssub.vv,Zvl32b,RV32;RV64,hdl,0,40,38,0,2,huancun/Utility/rocket-chip/src/main/scala/rocket/Instructions.scala;huancun/rocket-chip/src/main/scala/rocket/Instructions.scala;openLLC/openNCB/external/rocket-chip/src/main/scala/rocket/Instructions.scala;openLLC/utility/rocket-chip/src/main/scala/rocket/Instructions.scala;utility/rocket-chip/src/main/scala/rocket/Instructions.scala
vssub.vx,Zvl32b,RV32;RV64,hdl,0,40,38,0,2,huancun/Utility/rocket-chip/src/main/scala/rocket/Instructions.scala;huancun/rocket-chip/src/main/scala/rocket/Instructions.scala;openLLC/openNCB/external/rocket-chip/src/main/scala/rocket/Instructions.scala;openLLC/utility/rocket-chip/src/main/scala/rocket/Instructions.scala;utility/rocket-chip/src/main/scala/rocket/Instructions.scala
vssubu.vv,Zvl32b,RV32;RV64,hdl,0,40,38,0,2,huancun/Utility/rocket-chip/src/main/scala/rocket/Instructions.scala;huancun/rocket-chip/src/main/scala/rocket/Instructions.scala;openLLC/openNCB/external/rocket-chip/src/main/scala/rocket/Instructions.scala;openLLC/utility/rocket-chip/src/main/scala/rocket/Instructions.scala;utility/rocket-chip/src/main/scala/rocket/Instructions.scala
vssubu.vx,Zvl32b,RV32;RV64,hdl,0,40,38,0,2,huancun/Utility/rocket-chip/src/main/scala/rocket/Instructions.scala;huancun/rocket-chip/src/main/scala/rocket/Instructions.scala;openLLC/openNCB/external/rocket-chip/src/main/scala/rocket/Instructions.scala;openLLC/utility/rocket-chip/src/main/scala/rocket/Instructions.scala;utility/rocket-chip/src/main/scala/rocket/Instructions.scala
vsub.vv,Zvl32b,RV32;RV64,hdl,0,40,38,0,2,huancun/Utility/rocket-chip/src/main/scala/rocket/Instructions.scala;huancun/rocket-chip/src/main/scala/rocket/Instructions.scala;openLLC/openNCB/external/rocket-chip/src/main/scala/rocket/Instructions.scala;openLLC/utility/rocket-chip/src/main/scala/rocket/Instructions.scala;utility/rocket-chip/src/main/scala/rocket/Instructions.scala
vsub.vx,Zvl32b,RV32;RV64,hdl,0,40,38,0,2,huancun/Utility/rocket-chip/src/main/scala/rocket/Instructions.scala;huancun/rocket-chip/src/main/scala/rocket/Instructions.scala;openLLC/openNCB/external/rocket-chip/src/main/scala/rocket/Instructions.scala;openLLC/utility/rocket-chip/src/main/scala/rocket/Instructions.scala;utility/rocket-chip/src/main/scala/rocket/Instructions.scala
vxor.vi,Zvl32b,RV32;RV64,hdl,0,40,38,0,2,huancun/Utility/rocket-chip/src/main/scala/rocket/Instructions.scala;huancun/rocket-chip/src/main/scala/rocket/Instructions.scala;openLLC/openNCB/external/rocket-chip/src/main/scala/rocket/Instructions.scala;openLLC/utility/rocket-chip/src/main/scala/rocket/Instructions.scala;utility/rocket-chip/src/main/scala/rocket/Instructions.scala
vxor.vv,Zvl32b,RV32;RV64,hdl,0,40,38,0,2,huancun/Utility/rocket-chip/src/main/scala/rocket/Instructions.scala;huancun/rocket-chip/src/main/scala/rocket/Instructions.scala;openLLC/openNCB/external/rocket-chip/src/main/scala/rocket/Instructions.scala;openLLC/utility/rocket-chip/src/main/scala/rocket/Instructions.scala;utility/rocket-chip/src/main/scala/rocket/Instructions.scala
vxor.vx,Zvl32b,RV32;RV64,hdl,0,40,38,0,2,huancun/Utility/rocket-chip/src/main/scala/rocket/Instructions.scala;huancun/rocket-chip/src/main/scala/rocket/Instructions.scala;openLLC/openNCB/external/rocket-chip/src/main/scala/rocket/Instructions.scala;openLLC/utility/rocket-chip/src/main/scala/rocket/Instructions.scala;utility/rocket-chip/src/main/scala/rocket/Instructions.scala
fleq.d,Zfa,RV32;RV64,hdl,0,39,37,0,2,huancun/Utility/rocket-chip/src/main/scala/rocket/Instructions.scala;huancun/rocket-chip/src/main/scala/rocket/Instructions.scala;openLLC/openNCB/external/rocket-chip/src/main/scala/rocket/Instructions.scala;openLLC/utility/rocket-chip/src/main/scala/rocket/Instructions.scala;utility/rocket-chip/src/main/scala/rocket/Instructions.scala
fltq.d,Zfa,RV32;RV64,hdl,0,39,37,0,2,huancun/Utility/rocket-chip/src/main/scala/rocket/Instructions.scala;huancun/rocket-chip/src/main/scala/rocket/Instructions.scala;openLLC/openNCB/external/rocket-chip/src/main/scala/rocket/Instructions.scala;openLLC/utility/rocket-chip/src/main/scala/rocket/Instructions.scala;utility/rocket-chip/src/main/scala/rocket/Instructions.scala
fmaxm.d,Zfa,RV32;RV64,hdl,0,39,37,0,2,huancun/Utility/rocket-chip/src/main/scala/rocket/Instructions.scala;huancun/rocket-chip/src/main/scala/rocket/Instructions.scala;openLLC/openNCB/external/rocket-chip/src/main/scala/rocket/Instructions.scala;openLLC/utility/rocket-chip/src/main/scala/rocket/Instructions.scala;utility/rocket-chip/src/main/scala/rocket/Instructions.scala
fminm.d,Zfa,RV32;RV64,hdl,0,39,37,0,2,huancun/Utility/rocket-chip/src/main/scala/rocket/Instructions.scala;huancun/rocket-chip/src/main/scala/rocket/Instructions.scala;openLLC/openNCB/external/rocket-chip/src/main/scala/rocket/Instructions.scala;openLLC/utility/rocket-chip/src/main/scala/rocket/Instructions.scala;utility/rocket-chip/src/main/scala/rocket/Instructions.scala
c.slli,Zca,RV32;RV64,hdl,0,38,36,0,2,huancun/Utility/rocket-chip/src/main/scala/rocket/Instructions.scala;huancun/Utility/rocket-chip/src/main/scala/rocket/Instructions32.scala;huancun/rocket-chip/src/main/scala/rocket/Instructions32.scala;utility/rocket-chip/src/main/scala/rocket/Instructions.scala;utility/rocket-chip/src/main/scala/rocket/Instructions32.scala
c.srai,Zca,RV32;RV64,hdl,0,38,36,0,2,huancun/Utility/rocket-chip/src/main/scala/rocket/Instructions.scala;huancun/Utility/rocket-chip/src/main/scala/rocket/Instructions32.scala;huancun/rocket-chip/src/main/scala/rocket/Instructions32.scala;utility/rocket-chip/src/main/scala/rocket/Instructions.scala;utility/rocket-chip/src/main/scala/rocket/Instructions32.scala
c.srli,Zca,RV32;RV64,hdl,0,38,36,0,2,huancun/Utility/rocket-chip/src/main/scala/rocket/Instructions.scala;huancun/Utility/rocket-chip/src/main/scala/rocket/Instructions32.scala;huancun/rocket-chip/src/main/scala/rocket/Instructions32.scala;utility/rocket-chip/src/main/scala/rocket/Instructions.scala;utility/rocket-chip/src/main/scala/rocket/Instructions32.scala
fadd.q,Q,RV32;RV64,hdl,0,38,36,0,2,huancun/Utility/rocket-chip/src/main/scala/rocket/Instructions.scala;huancun/rocket-chip/src/main/scala/rocket/Instructions.scala;openLLC/openNCB/external/rocket-chip/src/main/scala/rocket/Instructions.scala;openLLC/utility/rocket-chip/src/main/scala/rocket/Instructions.scala;utility/rocket-chip/src/main/scala/rocket/Instructions.scala
fclass.q,Q,RV32;RV64,hdl,0,38,36,0,2,huancun/Utility/rocket-chip/src/main/scala/rocket/Instructions.scala;huancun/rocket-chip/src/main/scala/rocket/Instructions.scala;openLLC/openNCB/external/rocket-chip/src/main/scala/rocket/Instructions.scala;openLLC/utility/rocket-chip/src/main/scala/rocket/Instructions.scala;utility/rocket-chip/src/main/scala/rocket/Instructions.scala
fcvt.d.q,Q,RV32;RV64,hdl,0,38,36,0,2,huancun/Utility/rocket-chip/src/main/scala/rocket/Instructions.scala;huancun/rocket-chip/src/main/scala/rocket/Instructions.scala;openLLC/openNCB/external/rocket-chip/src/main/scala/rocket/Instructions.scala;openLLC/utility/rocket-chip/src/main/scala/rocket/Instructions.scala;utility/rocket-chip/src/main/scala/rocket/Instructions.scala
fcvt.h.q,Q,RV32;RV64,hdl,0,38,36,0,2,huancun/Utility/rocket-chip/src/main/scala/rocket/Instructions.scala;huancun/rocket-chip/src/main/scala/rocket/Instructions.scala;openLLC/openNCB/external/rocket-chip/src/main/scala/rocket/Instructions.scala;openLLC/utility/rocket-chip/src/main/scala/rocket/Instructions.scala;utility/rocket-chip/src/main/scala/rocket/Instructions.scala
fcvt.l.q,Q,RV64,hdl,0,38,36,0,2,huancun/Utility/rocket-chip/src/main/scala/rocket/Instructions.scala;huancun/rocket-chip/src/main/scala/rocket/Instructions.scala;openLLC/openNCB/external/rocket-chip/src/main/scala/rocket/Instructions.scala;openLLC/utility/rocket-chip/src/main/scala/rocket/Instructions.scala;utility/rocket-chip/src/main/scala/rocket/Instructions.scala
fcvt.lu.q,Q,RV64,hdl,0,38,36,0,2,huancun/Utility/rocket-chip/src/main/scala/rocket/Instructions.scala;huancun/rocket-chip/src/main/scala/rocket/Instructions.scala;openLLC/openNCB/external/rocket-chip/src/main/scala/rocket/Instructions.scala;openLLC/utility/rocket-chip/src/main/scala/rocket/Instructions.scala;utility/rocket-chip/src/main/scala/rocket/Instructions.scala
fcvt.q.d,Q,RV32;RV64,hdl,0,38,36,0,2,huancun/Utility/rocket-chip/src/main/scala/rocket/Instructions.scala;huancun/rocket-chip/src/main/scala/rocket/Instructions.scala;openLLC/openNCB/external/rocket-chip/src/main/scala/rocket/Instructions.scala;openLLC/utility/rocket-chip/src/main/scala/rocket/Instructions.scala;utility/rocket-chip/src/main/scala/rocket/Instructions.scala
fcvt.q.h,Q,RV32;RV64,hdl,0,38,36,0,2,huancun/Utility/rocket-chip/src/main/scala/rocket/Instructions.scala;huancun/rocket-chip/src/main/scala/rocket/Instructions.scala;openLLC/openNCB/external/rocket-chip/src/main/scala/rocket/Instructions.scala;openLLC/utility/rocket-chip/src/main/scala/rocket/Instructions.scala;utility/rocket-chip/src/main/scala/rocket/Instructions.scala
fcvt.q.l,Q,RV64,hdl,0,38,36,0,2,huancun/Utility/rocket-chip/src/main/scala/rocket/Instructions.scala;huancun/rocket-chip/src/main/scala/rocket/Instructions.scala;openLLC/openNCB/external/rocket-chip/src/main/scala/rocket/Instructions.scala;openLLC/utility/rocket-chip/src/main/scala/rocket/Instructions.scala;utility/rocket-chip/src/main/scala/rocket/Instructions.scala
fcvt.q.lu,Q,RV64,hdl,0,38,36,0,2,huancun/Utility/rocket-chip/src/main/scala/rocket/Instructions.scala;huancun/rocket-chip/src/main/scala/rocket/Instructions.scala;openLLC/openNCB/external/rocket-chip/src/main/scala/rocket/Instructions.scala;openLLC/utility/rocket-chip/src/main/scala/rocket/Instructions.scala;utility/rocket-chip/src/main/scala/rocket/Instructions.scala
fcvt.q.s,Q,RV32;RV64,hdl,0,38,36,0,2,huancun/Utility/rocket-chip/src/main/scala/rocket/Instructions.scala;huancun/rocket-chip/src/main/scala/rocket/Instructions.scala;openLLC/openNCB/external/rocket-chip/src/main/scala/rocket/Instructions.scala;openLLC/utility/rocket-chip/src/main/scala/rocket/Instructions.scala;utility/rocket-chip/src/main/scala/rocket/Instructions.scala
fcvt.q.w,Q,RV32;RV64,hdl,0,38,36,0,2,huancun/Utility/rocket-chip/src/main/scala/rocket/Instructions.scala;huancun/rocket-chip/src/main/scala/rocket/Instructions.scala;openLLC/openNCB/external/rocket-chip/src/main/scala/rocket/Instructions.scala;openLLC/utility/rocket-chip/src/main/scala/rocket/Instructions.scala;utility/rocket-chip/src/main/scala/rocket/Instructions.scala
fcvt.q.wu,Q,RV32;RV64,hdl,0,38,36,0,2,huancun/Utility/rocket-chip/src/main/scala/rocket/Instructions.scala;huancun/rocket-chip/src/main/scala/rocket/Instructions.scala;openLLC/openNCB/external/rocket-chip/src/main/scala/rocket/Instructions.scala;openLLC/utility/rocket-chip/src/main/scala/rocket/Instructions.scala;utility/rocket-chip/src/main/scala/rocket/Instructions.scala
fcvt.s.q,Q,RV32;RV64,hdl,0,38,36,0,2,huancun/Utility/rocket-chip/src/main/scala/rocket/Instructions.scala;huancun/rocket-chip/src/main/scala/rocket/Instructions.scala;openLLC/openNCB/external/rocket-chip/src/main/scala/rocket/Instructions.scala;openLLC/utility/rocket-chip/src/main/scala/rocket/Instructions.scala;utility/rocket-chip/src/main/scala/rocket/Instructions.scala
fcvt.w.q,Q,RV32;RV64,hdl,0,38,36,0,2,huancun/Utility/rocket-chip/src/main/scala/rocket/Instructions.scala;huancun/rocket-chip/src/main/scala/rocket/Instructions.scala;openLLC/openNCB/external/rocket-chip/src/main/scala/rocket/Instructions.scala;openLLC/utility/rocket-chip/src/main/scala/rocket/Instructions.scala;utility/rocket-chip/src/main/scala/rocket/Instructions.scala
fcvt.wu.q,Q,RV32;RV64,hdl,0,38,36,0,2,huancun/Utility/rocket-chip/src/main/scala/rocket/Instructions.scala;huancun/rocket-chip/src/main/scala/rocket/Instructions.scala;openLLC/openNCB/external/rocket-chip/src/main/scala/rocket/Instructions.scala;openLLC/utility/rocket-chip/src/main/scala/rocket/Instructions.scala;utility/rocket-chip/src/main/scala/rocket/Instructions.scala
fdiv.q,Q,RV32;RV64,hdl,0,38,36,0,2,huancun/Utility/rocket-chip/src/main/scala/rocket/Instructions.scala;huancun/rocket-chip/src/main/scala/rocket/Instructions.scala;openLLC/openNCB/external/rocket-chip/src/main/scala/rocket/Instructions.scala;openLLC/utility/rocket-chip/src/main/scala/rocket/Instructions.scala;utility/rocket-chip/src/main/scala/rocket/Instructions.scala
feq.q,Q,RV32;RV64,hdl,0,38,36,0,2,huancun/Utility/rocket-chip/src/main/scala/rocket/Instructions.scala;huancun/rocket-chip/src/main/scala/rocket/Instructions.scala;openLLC/openNCB/external/rocket-chip/src/main/scala/rocket/Instructions.scala;openLLC/utility/rocket-chip/src/main/scala/rocket/Instructions.scala;utility/rocket-chip/src/main/scala/rocket/Instructions.scala
fle.q,Q,RV32;RV64,hdl,0,38,36,0,2,huancun/Utility/rocket-chip/src/main/scala/rocket/Instructions.scala;huancun/rocket-chip/src/main/scala/rocket/Instructions.scala;openLLC/openNCB/external/rocket-chip/src/main/scala/rocket/Instructions.scala;openLLC/utility/rocket-chip/src/main/scala/rocket/Instructions.scala;utility/rocket-chip/src/main/scala/rocket/Instructions.scala
fli.d,Zfa,RV32;RV64,hdl,0,38,36,0,2,huancun/Utility/rocket-chip/src/main/scala/rocket/Instructions.scala;huancun/rocket-chip/src/main/scala/rocket/Instructions.scala;openLLC/openNCB/external/rocket-chip/src/main/scala/rocket/Instructions.scala;openLLC/utility/rocket-chip/src/main/scala/rocket/Instructions.scala;utility/rocket-chip/src/main/scala/rocket/Instructions.scala
fli.h,Zfa,RV32;RV64,hdl,0,38,36,0,2,huancun/Utility/rocket-chip/src/main/scala/rocket/Instructions.scala;huancun/rocket-chip/src/main/scala/rocket/Instructions.scala;openLLC/openNCB/external/rocket-chip/src/main/scala/rocket/Instructions.scala;openLLC/utility/rocket-chip/src/main/scala/rocket/Instructions.scala;utility/rocket-chip/src/main/scala/rocket/Instructions.scala
fli.s,Zfa,RV32;RV64,hdl,0,38,36,0,2,huancun/Utility/rocket-chip/src/main/scala/rocket/Instructions.scala;huancun/rocket-chip/src/main/scala/rocket/Instructions.scala;openLLC/openNCB/external/rocket-chip/src/main/scala/rocket/Instructions.scala;openLLC/utility/rocket-chip/src/main/scala/rocket/Instructions.scala;utility/rocket-chip/src/main/scala/rocket/Instructions.scala
flq,Q,RV32;RV64,hdl,0,38,36,0,2,huancun/Utility/rocket-chip/src/main/scala/rocket/Instructions.scala;huancun/rocket-chip/src/main/scala/rocket/Instructions.scala;openLLC/openNCB/external/rocket-chip/src/main/scala/rocket/Instructions.scala;openLLC/utility/rocket-chip/src/main/scala/rocket/Instructions.scala;utility/rocket-chip/src/main/scala/rocket/Instructions.scala
flt.q,Q,RV32;RV64,hdl,0,38,36,0,2,huancun/Utility/rocket-chip/src/main/scala/rocket/Instructions.scala;huancun/rocket-chip/src/main/scala/rocket/Instructions.scala;openLLC/openNCB/external/rocket-chip/src/main/scala/rocket/Instructions.scala;openLLC/utility/rocket-chip/src/main/scala/rocket/Instructions.scala;utility/rocket-chip/src/main/scala/rocket/Instructions.scala
fmadd.q,Q,RV32;RV64,hdl,0,38,36,0,2,huancun/Utility/rocket-chip/src/main/scala/rocket/Instructions.scala;huancun/rocket-chip/src/main/scala/rocket/Instructions.scala;openLLC/openNCB/external/rocket-chip/src/main/scala/rocket/Instructions.scala;openLLC/utility/rocket-chip/src/main/scala/rocket/Instructions.scala;utility/rocket-chip/src/main/scala/rocket/Instructions.scala
fmax.q,Q,RV32;RV64,hdl,0,38,36,0,2,huancun/Utility/rocket-chip/src/main/scala/rocket/Instructions.scala;huancun/rocket-chip/src/main/scala/rocket/Instructions.scala;openLLC/openNCB/external/rocket-chip/src/main/scala/rocket/Instructions.scala;openLLC/utility/rocket-chip/src/main/scala/rocket/Instructions.scala;utility/rocket-chip/src/main/scala/rocket/Instructions.scala
fmin.q,Q,RV32;RV64,hdl,0,38,36,0,2,huancun/Utility/rocket-chip/src/main/scala/rocket/Instructions.scala;huancun/rocket-chip/src/main/scala/rocket/Instructions.scala;openLLC/openNCB/external/rocket-chip/src/main/scala/rocket/Instructions.scala;openLLC/utility/rocket-chip/src/main/scala/rocket/Instructions.scala;utility/rocket-chip/src/main/scala/rocket/Instructions.scala
fmsub.q,Q,RV32;RV64,hdl,0,38,36,0,2,huancun/Utility/rocket-chip/src/main/scala/rocket/Instructions.scala;huancun/rocket-chip/src/main/scala/rocket/Instructions.scala;openLLC/openNCB/external/rocket-chip/src/main/scala/rocket/Instructions.scala;openLLC/utility/rocket-chip/src/main/scala/rocket/Instructions.scala;utility/rocket-chip/src/main/scala/rocket/Instructions.scala
fmul.q,Q,RV32;RV64,hdl,0,38,36,0,2,huancun/Utility/rocket-chip/src/main/scala/rocket/Instructions.scala;huancun/rocket-chip/src/main/scala/rocket/Instructions.scala;openLLC/openNCB/external/rocket-chip/src/main/scala/rocket/Instructions.scala;openLLC/utility/rocket-chip/src/main/scala/rocket/Instructions.scala;utility/rocket-chip/src/main/scala/rocket/Instructions.scala
fnmadd.q,Q,RV32;RV64,hdl,0,38,36,0,2,huancun/Utility/rocket-chip/src/main/scala/rocket/Instructions.scala;huancun/rocket-chip/src/main/scala/rocket/Instructions.scala;openLLC/openNCB/external/rocket-chip/src/main/scala/rocket/Instructions.scala;openLLC/utility/rocket-chip/src/main/scala/rocket/Instructions.scala;utility/rocket-chip/src/main/scala/rocket/Instructions.scala
fnmsub.q,Q,RV32;RV64,hdl,0,38,36,0,2,huancun/Utility/rocket-chip/src/main/scala/rocket/Instructions.scala;huancun/rocket-chip/src/main/scala/rocket/Instructions.scala;openLLC/openNCB/external/rocket-chip/src/main/scala/rocket/Instructions.scala;openLLC/utility/rocket-chip/src/main/scala/rocket/Instructions.scala;utility/rocket-chip/src/main/scala/rocket/Instructions.scala
fsgnj.q,Q,RV32;RV64,hdl,0,38,36,0,2,huancun/Utility/rocket-chip/src/main/scala/rocket/Instructions.scala;huancun/rocket-chip/src/main/scala/rocket/Instructions.scala;openLLC/openNCB/external/rocket-chip/src/main/scala/rocket/Instructions.scala;openLLC/utility/rocket-chip/src/main/scala/rocket/Instructions.scala;utility/rocket-chip/src/main/scala/rocket/Instructions.scala
fsgnjn.q,Q,RV32;RV64,hdl,0,38,36,0,2,huancun/Utility/rocket-chip/src/main/scala/rocket/Instructions.scala;huancun/rocket-chip/src/main/scala/rocket/Instructions.scala;openLLC/openNCB/external/rocket-chip/src/main/scala/rocket/Instructions.scala;openLLC/utility/rocket-chip/src/main/scala/rocket/Instructions.scala;utility/rocket-chip/src/main/scala/rocket/Instructions.scala
fsgnjx.q,Q,RV32;RV64,hdl,0,38,36,0,2,huancun/Utility/rocket-chip/src/main/scala/rocket/Instructions.scala;huancun/rocket-chip/src/main/scala/rocket/Instructions.scala;openLLC/openNCB/external/rocket-chip/src/main/scala/rocket/Instructions.scala;openLLC/utility/rocket-chip/src/main/scala/rocket/Instructions.scala;utility/rocket-chip/src/main/scala/rocket/Instructions.scala
fsq,Q,RV32;RV64,hdl,0,38,36,0,2,huancun/Utility/rocket-chip/src/main/scala/rocket/Instructions.scala;huancun/rocket-chip/src/main/scala/rocket/Instructions.scala;openLLC/openNCB/external/rocket-chip/src/main/scala/rocket/Instructions.scala;openLLC/utility/rocket-chip/src/main/scala/rocket/Instructions.scala;utility/rocket-chip/src/main/scala/rocket/Instructions.scala
fsqrt.q,Q,RV32;RV64,hdl,0,38,36,0,2,huancun/Utility/rocket-chip/src/main/scala/rocket/Instructions.scala;huancun/rocket-chip/src/main/scala/rocket/Instructions.scala;openLLC/openNCB/external/rocket-chip/src/main/scala/rocket/Instructions.scala;openLLC/utility/rocket-chip/src/main/scala/rocket/Instructions.scala;utility/rocket-chip/src/main/scala/rocket/Instructions.scala
fsub.q,Q,RV32;RV64,hdl,0,38,36,0,2,huancun/Utility/rocket-chip/src/main/scala/rocket/Instructions.scala;huancun/rocket-chip/src/main/scala/rocket/Instructions.scala;openLLC/openNCB/external/rocket-chip/src/main/scala/rocket/Instructions.scala;openLLC/utility/rocket-chip/src/main/scala/rocket/Instructions.scala;utility/rocket-chip/src/main/scala/rocket/Instructions.scala
amocas.d,Zacas,RV32;RV64,hdl,0,36,34,0,2,huancun/Utility/rocket-chip/src/main/scala/rocket/Instructions.scala;huancun/rocket-chip/src/main/scala/rocket/Instructions.scala;openLLC/openNCB/external/rocket-chip/src/main/scala/rocket/Instructions.scala;openLLC/utility/rocket-chip/src/main/scala/rocket/Instructions.scala;utility/rocket-chip/src/main/scala/rocket/Instructions.scala
amocas.w,Zacas,RV32;RV64,hdl,0,36,34,0,2,huancun/Utility/rocket-chip/src/main/scala/rocket/Instructions.scala;huancun/rocket-chip/src/main/scala/rocket/Instructions.scala;openLLC/openNCB/external/rocket-chip/src/main/scala/rocket/Instructions.scala;openLLC/utility/rocket-chip/src/main/scala/rocket/Instructions.scala;utility/rocket-chip/src/main/scala/rocket/Instructions.scala
wrs.nto,Zawrs,RV32;RV64,hdl,0,36,34,0,2,huancun/Utility/rocket-chip/src/main/scala/rocket/Instructions.scala;huancun/rocket-chip/src/main/scala/rocket/Instructions.scala;openLLC/openNCB/external/rocket-chip/src/main/scala/rocket/Instructions.scala;openLLC/utility/rocket-chip/src/main/scala/rocket/Instructions.scala;utility/rocket-chip/src/main/scala/rocket/Instructions.scala
wrs.sto,Zawrs,RV32;RV64,hdl,0,36,34,0,2,huancun/Utility/rocket-chip/src/main/scala/rocket/Instructions.scala;huancun/rocket-chip/src/main/scala/rocket/Instructions.scala;openLLC/openNCB/external/rocket-chip/src/main/scala/rocket/Instructions.scala;openLLC/utility/rocket-chip/src/main/scala/rocket/Instructions.scala;utility/rocket-chip/src/main/scala/rocket/Instructions.scala
c.ebreak,Zca,RV32;RV64,hdl,0,22,21,0,1,huancun/Utility/rocket-chip/src/main/scala/rocket/Instructions.scala;huancun/rocket-chip/src/main/scala/rocket/Instructions.scala;openLLC/openNCB/external/rocket-chip/src/main/scala/rocket/Instructions.scala;openLLC/utility/rocket-chip/src/main/scala/rocket/Instructions.scala;utility/rocket-chip/src/main/scala/rocket/Instructions.scala
c.jalr,Zca,RV32;RV64,hdl,0,22,21,0,1,huancun/Utility/rocket-chip/src/main/scala/rocket/Instructions.scala;huancun/rocket-chip/src/main/scala/rocket/Instructions.scala;openLLC/openNCB/external/rocket-chip/src/main/scala/rocket/Instructions.scala;openLLC/utility/rocket-chip/src/main/scala/rocket/Instructions.scala;utility/rocket-chip/src/main/scala/rocket/Instructions.scala
c.j,Zca,RV32;RV64,hdl,0,21,20,0,1,huancun/Utility/rocket-chip/src/main/scala/rocket/Instructions.scala;huancun/rocket-chip/src/main/scala/rocket/Instructions.scala;openLLC/openNCB/external/rocket-chip/src/main/scala/rocket/Instructions.scala;openLLC/utility/rocket-chip/src/main/scala/rocket/Instructions.scala;utility/rocket-chip/src/main/scala/rocket/Instructions.scala
c.li,Zca,RV32;RV64,hdl,0,21,20,0,1,huancun/Utility/rocket-chip/src/main/scala/rocket/Instructions.scala;huancun/rocket-chip/src/main/scala/rocket/Instructions.scala;openLLC/openNCB/external/rocket-chip/src/main/scala/rocket/Instructions.scala;openLLC/utility/rocket-chip/src/main/scala/rocket/Instructions.scala;utility/rocket-chip/src/main/scala/rocket/Instructions.scala
c.jal,C,RV32,hdl,0,20,19,0,1,huancun/Utility/rocket-chip/src/main/scala/rocket/Instructions32.scala;huancun/rocket-chip/src/main/scala/rocket/Instructions32.scala;openLLC/openNCB/external/rocket-chip/src/main/scala/rocket/Instructions32.scala;openLLC/utility/rocket-chip/src/main/scala/rocket/Instructions32.scala;utility/rocket-chip/src/main/scala/rocket/Instructions32.scala
c.add,Zca,RV32;RV64,hdl,0,19,18,0,1,huancun/Utility/rocket-chip/src/main/scala/rocket/Instructions.scala;huancun/rocket-chip/src/main/scala/rocket/Instructions.scala;openLLC/openNCB/external/rocket-chip/src/main/scala/rocket/Instructions.scala;openLLC/utility/rocket-chip/src/main/scala/rocket/Instructions.scala;utility/rocket-chip/src/main/scala/rocket/Instructions.scala
c.addi,Zca,RV32;RV64,hdl,0,19,18,0,1,huancun/Utility/rocket-chip/src/main/scala/rocket/Instructions.scala;huancun/rocket-chip/src/main/scala/rocket/Instructions.scala;openLLC/openNCB/external/rocket-chip/src/main/scala/rocket/Instructions.scala;openLLC/utility/rocket-chip/src/main/scala/rocket/Instructions.scala;utility/rocket-chip/src/main/scala/rocket/Instructions.scala
c.addi16sp,Zca,RV32;RV64,hdl,0,19,18,0,1,huancun/Utility/rocket-chip/src/main/scala/rocket/Instructions.scala;huancun/rocket-chip/src/main/scala/rocket/Instructions.scala;openLLC/openNCB/external/rocket-chip/src/main/scala/rocket/Instructions.scala;openLLC/utility/rocket-chip/src/main/scala/rocket/Instructions.scala;utility/rocket-chip/src/main/scala/rocket/Instructions.scala
c.addi4spn,Zca,RV32;RV64,hdl,0,19,18,0,1,huancun/Utility/rocket-chip/src/main/scala/rocket/Instructions.scala;huancun/rocket-chip/src/main/scala/rocket/Instructions.scala;openLLC/openNCB/external/rocket-chip/src/main/scala/rocket/Instructions.scala;openLLC/utility/rocket-chip/src/main/scala/rocket/Instructions.scala;utility/rocket-chip/src/main/scala/rocket/Instructions.scala
c.addiw,C,RV64,hdl,0,19,18,0,1,huancun/Utility/rocket-chip/src/main/scala/rocket/Instructions.scala;huancun/rocket-chip/src/main/scala/rocket/Instructions.scala;openLLC/openNCB/external/rocket-chip/src/main/scala/rocket/Instructions.scala;openLLC/utility/rocket-chip/src/main/scala/rocket/Instructions.scala;utility/rocket-chip/src/main/scala/rocket/Instructions.scala
c.addw,C,RV64,hdl,0,19,18,0,1,huancun/Utility/rocket-chip/src/main/scala/rocket/Instructions.scala;huancun/rocket-chip/src/main/scala/rocket/Instructions.scala;openLLC/openNCB/external/rocket-chip/src/main/scala/rocket/Instructions.scala;openLLC/utility/rocket-chip/src/main/scala/rocket/Instructions.scala;utility/rocket-chip/src/main/scala/rocket/Instructions.scala
c.and,Zca,RV32;RV64,hdl,0,19,18,0,1,huancun/Utility/rocket-chip/src/main/scala/rocket/Instructions.scala;huancun/rocket-chip/src/main/scala/rocket/Instructions.scala;openLLC/openNCB/external/rocket-chip/src/main/scala/rocket/Instructions.scala;openLLC/utility/rocket-chip/src/main/scala/rocket/Instructions.scala;utility/rocket-chip/src/main/scala/rocket/Instructions.scala
c.andi,Zca,RV32;RV64,hdl,0,19,18,0,1,huancun/Utility/rocket-chip/src/main/scala/rocket/Instructions.scala;huancun/rocket-chip/src/main/scala/rocket/Instructions.scala;openLLC/openNCB/external/rocket-chip/src/main/scala/rocket/Instructions.scala;openLLC/utility/rocket-chip/src/main/scala/rocket/Instructions.scala;utility/rocket-chip/src/main/scala/rocket/Instructions.scala
c.beqz,Zca,RV32;RV64,hdl,0,19,18,0,1,huancun/Utility/rocket-chip/src/main/scala/rocket/Instructions.scala;huancun/rocket-chip/src/main/scala/rocket/Instructions.scala;openLLC/openNCB/external/rocket-chip/src/main/scala/rocket/Instructions.scala;openLLC/utility/rocket-chip/src/main/scala/rocket/Instructions.scala;utility/rocket-chip/src/main/scala/rocket/Instructions.scala
c.bnez,Zca,RV32;RV64,hdl,0,19,18,0,1,huancun/Utility/rocket-chip/src/main/scala/rocket/Instructions.scala;huancun/rocket-chip/src/main/scala/rocket/Instructions.scala;openLLC/openNCB/external/rocket-chip/src/main/scala/rocket/Instructions.scala;openLLC/utility/rocket-chip/src/main/scala/rocket/Instructions.scala;utility/rocket-chip/src/main/scala/rocket/Instructions.scala
c.fld,Zcd,RV32;RV64,hdl,0,19,18,0,1,huancun/Utility/rocket-chip/src/main/scala/rocket/Instructions.scala;huancun/rocket-chip/src/main/scala/rocket/Instructions.scala;openLLC/openNCB/external/rocket-chip/src/main/scala/rocket/Instructions.scala;openLLC/utility/rocket-chip/src/main/scala/rocket/Instructions.scala;utility/rocket-chip/src/main/scala/rocket/Instructions.scala
c.fldsp,Zcd,RV32;RV64,hdl,0,19,18,0,1,huancun/Utility/rocket-chip/src/main/scala/rocket/Instructions.scala;huancun/rocket-chip/src/main/scala/rocket/Instructions.scala;openLLC/openNCB/external/rocket-chip/src/main/scala/rocket/Instructions.scala;openLLC/utility/rocket-chip/src/main/scala/rocket/Instructions.scala;utility/rocket-chip/src/main/scala/rocket/Instructions.scala
c.flw,Zcf,RV32,hdl,0,19,18,0,1,huancun/Utility/rocket-chip/src/main/scala/rocket/Instructions32.scala;huancun/rocket-chip/src/main/scala/rocket/Instructions32.scala;openLLC/openNCB/external/rocket-chip/src/main/scala/rocket/Instructions32.scala;openLLC/utility/rocket-chip/src/main/scala/rocket/Instructions32.scala;utility/rocket-chip/src/main/scala/rocket/Instructions32.scala
c.flwsp,Zcf,RV32,hdl,0,19,18,0,1,huancun/Utility/rocket-chip/src/main/scala/rocket/Instructions32.scala;huancun/rocket-chip/src/main/scala/rocket/Instructions32.scala;openLLC/openNCB/external/rocket-chip/src/main/scala/rocket/Instructions32.scala;openLLC/utility/rocket-chip/src/main/scala/rocket/Instructions32.scala;utility/rocket-chip/src/main/scala/rocket/Instructions32.scala
c.fsd,Zcd,RV32;RV64,hdl,0,19,18,0,1,huancun/Utility/rocket-chip/src/main/scala/rocket/Instructions.scala;huancun/rocket-chip/src/main/scala/rocket/Instructions.scala;openLLC/openNCB/external/rocket-chip/src/main/scala/rocket/Instructions.scala;openLLC/utility/rocket-chip/src/main/scala/rocket/Instructions.scala;utility/rocket-chip/src/main/scala/rocket/Instructions.scala
c.fsdsp,Zcd,RV32;RV64,hdl,0,19,18,0,1,huancun/Utility/rocket-chip/src/main/scala/rocket/Instructions.scala;huancun/rocket-chip/src/main/scala/rocket/Instructions.scala;openLLC/openNCB/external/rocket-chip/src/main/scala/rocket/Instructions.scala;openLLC/utility/rocket-chip/src/main/scala/rocket/Instructions.scala;utility/rocket-chip/src/main/scala/rocket/Instructions.scala
c.fsw,Zcf,RV32,hdl,0,19,18,0,1,huancun/Utility/rocket-chip/src/main/scala/rocket/Instructions32.scala;huancun/rocket-chip/src/main/scala/rocket/Instructions32.scala;openLLC/openNCB/external/rocket-chip/src/main/scala/rocket/Instructions32.scala;openLLC/utility/rocket-chip/src/main/scala/rocket/Instructions32.scala;utility/rocket-chip/src/main/scala/rocket/Instructions32.scala
c.fswsp,Zcf,RV32,hdl,0,19,18,0,1,huancun/Utility/rocket-chip/src/main/scala/rocket/Instructions32.scala;huancun/rocket-chip/src/main/scala/rocket/Instructions32.scala;openLLC/openNCB/external/rocket-chip/src/main/scala/rocket/Instructions32.scala;openLLC/utility/rocket-chip/src/main/scala/rocket/Instructions32.scala;utility/rocket-chip/src/main/scala/rocket/Instructions32.scala
c.jr,Zca,RV32;RV64,hdl,0,19,18,0,1,huancun/Utility/rocket-chip/src/main/scala/rocket/Instructions.scala;huancun/rocket-chip/src/main/scala/rocket/Instructions.scala;openLLC/openNCB/external/rocket-chip/src/main/scala/rocket/Instructions.scala;openLLC/utility/rocket-chip/src/main/scala/rocket/Instructions.scala;utility/rocket-chip/src/main/scala/rocket/Instructions.scala
c.ld,C,RV64,hdl,0,19,18,0,1,huancun/Utility/rocket-chip/src/main/scala/rocket/Instructions.scala;huancun/rocket-chip/src/main/scala/rocket/Instructions.scala;openLLC/openNCB/external/rocket-chip/src/main/scala/rocket/Instructions.scala;openLLC/utility/rocket-chip/src/main/scala/rocket/Instructions.scala;utility/rocket-chip/src/main/scala/rocket/Instructions.scala
c.ldsp,C,RV32;RV64,hdl,0,19,18,0,1,huancun/Utility/rocket-chip/src/main/scala/rocket/Instructions.scala;huancun/rocket-chip/src/main/scala/rocket/Instructions.scala;openLLC/openNCB/external/rocket-chip/src/main/scala/rocket/Instructions.scala;openLLC/utility/rocket-chip/src/main/scala/rocket/Instructions.scala;utility/rocket-chip/src/main/scala/rocket/Instructions.scala
c.lui,Zca,RV32;RV64,hdl,0,19,18,0,1,huancun/Utility/rocket-chip/src/main/scala/rocket/Instructions.scala;huancun/rocket-chip/src/main/scala/rocket/Instructions.scala;openLLC/openNCB/external/rocket-chip/src/main/scala/rocket/Instructions.scala;openLLC/utility/rocket-chip/src/main/scala/rocket/Instructions.scala;utility/rocket-chip/src/main/scala/rocket/Instructions.scala
c.lw,Zca,RV32;RV64,hdl,0,19,18,0,1,huancun/Utility/rocket-chip/src/main/scala/rocket/Instructions.scala;huancun/rocket-chip/src/main/scala/rocket/Instructions.scala;openLLC/openNCB/external/rocket-chip/src/main/scala/rocket/Instructions.scala;openLLC/utility/rocket-chip/src/main/scala/rocket/Instructions.scala;utility/rocket-chip/src/main/scala/rocket/Instructions.scala
c.lwsp,Zca,RV32;RV64,hdl,0,19,18,0,1,huancun/Utility/rocket-chip/src/main/scala/rocket/Instructions.scala;huancun/rocket-chip/src/main/scala/rocket/Instructions.scala;openLLC/openNCB/external/rocket-chip/src/main/scala/rocket/Instructions.scala;openLLC/utility/rocket-chip/src/main/scala/rocket/Instructions.scala;utility/rocket-chip/src/main/scala/rocket/Instructions.scala
c.mv,Zca,RV32;RV64,hdl,0,19,18,0,1,huancun/Utility/rocket-chip/src/main/scala/rocket/Instructions.scala;huancun/rocket-chip/src/main/scala/rocket/Instructions.scala;openLLC/openNCB/external/rocket-chip/src/main/scala/rocket/Instructions.scala;openLLC/utility/rocket-chip/src/main/scala/rocket/Instructions.scala;utility/rocket-chip/src/main/scala/rocket/Instructions.scala
c.nop,Zca,RV32;RV64,hdl,0,19,18,0,1,huancun/Utility/rocket-chip/src/main/scala/rocket/Instructions.scala;huancun/rocket-chip/src/main/scala/rocket/Instructions.scala;openLLC/openNCB/external/rocket-chip/src/main/scala/rocket/Instructions.scala;openLLC/utility/rocket-chip/src/main/scala/rocket/Instructions.scala;utility/rocket-chip/src/main/scala/rocket/Instructions.scala
c.or,Zca,RV32;RV64,hdl,0,19,18,0,1,huancun/Utility/rocket-chip/src/main/scala/rocket/Instructions.scala;huancun/rocket-chip/src/main/scala/rocket/Instructions.scala;openLLC/openNCB/external/rocket-chip/src/main/scala/rocket/Instructions.scala;openLLC/utility/rocket-chip/src/main/scala/rocket/Instructions.scala;utility/rocket-chip/src/main/scala/rocket/Instructions.scala
c.sd,C,RV64,hdl,0,19,18,0,1,huancun/Utility/rocket-chip/src/main/scala/rocket/Instructions.scala;huancun/rocket-chip/src/main/scala/rocket/Instructions.scala;openLLC/openNCB/external/rocket-chip/src/main/scala/rocket/Instructions.scala;openLLC/utility/rocket-chip/src/main/scala/rocket/Instructions.scala;utility/rocket-chip/src/main/scala/rocket/Instructions.scala
c.sdsp,C,RV64,hdl,0,19,18,0,1,huancun/Utility/rocket-chip/src/main/scala/rocket/Instructions.scala;huancun/rocket-chip/src/main/scala/rocket/Instructions.scala;openLLC/openNCB/external/rocket-chip/src/main/scala/rocket/Instructions.scala;openLLC/utility/rocket-chip/src/main/scala/rocket/Instructions.scala;utility/rocket-chip/src/main/scala/rocket/Instructions.scala
c.sub,Zca,RV32;RV64,hdl,0,19,18,0,1,huancun/Utility/rocket-chip/src/main/scala/rocket/Instructions.scala;huancun/rocket-chip/src/main/scala/rocket/Instructions.scala;openLLC/openNCB/external/rocket-chip/src/main/scala/rocket/Instructions.scala;openLLC/utility/rocket-chip/src/main/scala/rocket/Instructions.scala;utility/rocket-chip/src/main/scala/rocket/Instructions.scala
c.subw,C,RV64,hdl,0,19,18,0,1,huancun/Utility/rocket-chip/src/main/scala/rocket/Instructions.scala;huancun/rocket-chip/src/main/scala/rocket/Instructions.scala;openLLC/openNCB/external/rocket-chip/src/main/scala/rocket/Instructions.scala;openLLC/utility/rocket-chip/src/main/scala/rocket/Instructions.scala;utility/rocket-chip/src/main/scala/rocket/Instructions.scala
c.sw,Zca,RV32;RV64,hdl,0,19,18,0,1,huancun/Utility/rocket-chip/src/main/scala/rocket/Instructions.scala;huancun/rocket-chip/src/main/scala/rocket/Instructions.scala;openLLC/openNCB/external/rocket-chip/src/main/scala/rocket/Instructions.scala;openLLC/utility/rocket-chip/src/main/scala/rocket/Instructions.scala;utility/rocket-chip/src/main/scala/rocket/Instructions.scala
c.swsp,Zca,RV32;RV64,hdl,0,19,18,0,1,huancun/Utility/rocket-chip/src/main/scala/rocket/Instructions.scala;huancun/rocket-chip/src/main/scala/rocket/Instructions.scala;openLLC/openNCB/external/rocket-chip/src/main/scala/rocket/Instructions.scala;openLLC/utility/rocket-chip/src/main/scala/rocket/Instructions.scala;utility/rocket-chip/src/main/scala/rocket/Instructions.scala
c.xor,Zca,RV32;RV64,hdl,0,19,18,0,1,huancun/Utility/rocket-chip/src/main/scala/rocket/Instructions.scala;huancun/rocket-chip/src/main/scala/rocket/Instructions.scala;openLLC/openNCB/external/rocket-chip/src/main/scala/rocket/Instructions.scala;openLLC/utility/rocket-chip/src/main/scala/rocket/Instructions.scala;utility/rocket-chip/src/main/scala/rocket/Instructions.scala
c.zext.w,Zcb,RV64,hdl,0,18,17,0,1,huancun/Utility/rocket-chip/src/main/scala/rocket/RVC.scala;huancun/rocket-chip/src/main/scala/rocket/RVC.scala;openLLC/openNCB/external/rocket-chip/src/main/scala/rocket/RVC.scala;openLLC/utility/rocket-chip/src/main/scala/rocket/RVC.scala;utility/rocket-chip/src/main/scala/rocket/RVC.scala
vror.vi,Zvbb,RV32;RV64,hdl,0,18,18,0,0,src/main/scala/xiangshan/backend/decode/DecodeUnit.scala;src/main/scala/xiangshan/backend/decode/Instructions.scala;src/main/scala/xiangshan/backend/decode/VecDecoder.scala;src/main/scala/xiangshan/backend/fu/FuConfig.scala;src/main/scala/xiangshan/package.scala
vwsll.vi,Zvbb,RV32;RV64,hdl,0,5,5,0,0,src/main/scala/xiangshan/backend/decode/Instructions.scala;src/main/scala/xiangshan/backend/decode/VecDecoder.scala;src/main/scala/xiangshan/backend/decode/VecExceptionGen.scala
vwsll.vv,Zvbb,RV32;RV64,hdl,0,5,5,0,0,src/main/scala/xiangshan/backend/decode/Instructions.scala;src/main/scala/xiangshan/backend/decode/VecDecoder.scala;src/main/scala/xiangshan/backend/decode/VecExceptionGen.scala
vwsll.vx,Zvbb,RV32;RV64,hdl,0,5,5,0,0,src/main/scala/xiangshan/backend/decode/Instructions.scala;src/main/scala/xiangshan/backend/decode/VecDecoder.scala;src/main/scala/xiangshan/backend/decode/VecExceptionGen.scala
vandn.vv,Zvbb,RV32;RV64,hdl,0,4,4,0,0,src/main/scala/xiangshan/backend/decode/Instructions.scala;src/main/scala/xiangshan/backend/decode/VecDecoder.scala
vandn.vx,Zvbb,RV32;RV64,hdl,0,4,4,0,0,src/main/scala/xiangshan/backend/decode/Instructions.scala;src/main/scala/xiangshan/backend/decode/VecDecoder.scala
vbrev.v,Zvbb,RV32;RV64,hdl,0,4,4,0,0,src/main/scala/xiangshan/backend/decode/Instructions.scala;src/main/scala/xiangshan/backend/decode/VecDecoder.scala
vbrev8.v,Zvbb,RV32;RV64,hdl,0,4,4,0,0,src/main/scala/xiangshan/backend/decode/Instructions.scala;src/main/scala/xiangshan/backend/decode/VecDecoder.scala
vclz.v,Zvbb,RV32;RV64,hdl,0,4,4,0,0,src/main/scala/xiangshan/backend/decode/Instructions.scala;src/main/scala/xiangshan/backend/decode/VecDecoder.scala
vcpop.v,Zvbb,RV32;RV64,hdl,0,4,4,0,0,src/main/scala/xiangshan/backend/decode/Instructions.scala;src/main/scala/xiangshan/backend/decode/VecDecoder.scala
vctz.v,Zvbb,RV32;RV64,hdl,0,4,4,0,0,src/main/scala/xiangshan/backend/decode/Instructions.scala;src/main/scala/xiangshan/backend/decode/VecDecoder.scala
vrev8.v,Zvbb,RV32;RV64,hdl,0,4,4,0,0,src/main/scala/xiangshan/backend/decode/Instructions.scala;src/main/scala/xiangshan/backend/decode/VecDecoder.scala
vrol.vv,Zvbb,RV32;RV64,hdl,0,4,4,0,0,src/main/scala/xiangshan/backend/decode/Instructions.scala;src/main/scala/xiangshan/backend/decode/VecDecoder.scala
vrol.vx,Zvbb,RV32;RV64,hdl,0,4,4,0,0,src/main/scala/xiangshan/backend/decode/Instructions.scala;src/main/scala/xiangshan/backend/decode/VecDecoder.scala
vror.vv,Zvbb,RV32;RV64,hdl,0,4,4,0,0,src/main/scala/xiangshan/backend/decode/Instructions.scala;src/main/scala/xiangshan/backend/decode/VecDecoder.scala
vror.vx,Zvbb,RV32;RV64,hdl,0,4,4,0,0,src/main/scala/xiangshan/backend/decode/Instructions.scala;src/main/scala/xiangshan/backend/decode/VecDecoder.scala
prefetch.i,Zicbop,RV32;RV64,hdl,0,1,1,0,0,src/main/scala/xiangshan/mem/pipeline/LoadUnit.scala
