instruction,extension,isa_bases,evidence_kind,asm_occurrences,hdl_occurrences,core_hits,tests_hits,vendor_hits,sample_files
or,I,RV32;RV64,hdl,0,714,635,3,0,sims/verilator/generated-src/chipyard.harness.TestHarness.CXBoomSmallV3TraceConfig/gen-collateral/BoomMSHRFile.sv;sims/verilator/generated-src/chipyard.harness.TestHarness.CXBoomSmallV3TraceConfig/gen-collateral/TLAtomicAutomata_cbus.sv;sims/verilator/generated-src/chipyard.harness.TestHarness.CXBoomSmallV3TraceConfig/gen-collateral/TLXbar_MasterXbar_BoomTile_i2_o1_a32d64s3k3z4c.sv;sims/verilator/generated-src/chipyard.harness.TestHarness.CXBoomSmallV3TraceConfig/gen-collateral/TLXbar_cbus_out_i1_o8_a29d64s7k1z4u.sv;sims/verilator/generated-src/chipyard.harness.TestHarness.CXBoomSmallV3TraceConfig/gen-collateral/TLXbar_prcibus_i1_o2_a21d64s7k1z3u.sv
add,I,RV32;RV64,asm;hdl,37,283,289,1,0,software/embench/embench-iot/config/riscv32/boards/rv32wallyverilog/startup/crt0.S;software/firemarshal/test/bare/crt.S;software/firemarshal/test/rocc/crt.S;software/firesim-paper-workloads/check-rtc/crt.S;software/firesim-paper-workloads/network-benchmarks/common/crt.S
and,I,RV32;RV64,asm;hdl,6,285,273,9,0,software/embench/embench-iot/config/riscv32/boards/rv32wallyverilog/startup/crt0.S;software/firemarshal/test/bare/crt.S;software/firemarshal/test/rocc/crt.S;software/firesim-paper-workloads/check-rtc/crt.S;software/firesim-paper-workloads/network-benchmarks/common/crt.S
div,M,RV32;RV64,hdl,0,99,99,0,0,generators/boom/src/main/scala/v4/exu/decode.scala;generators/chipyard/src/main/resources/vsrc/ClockDividerN.sv;generators/chipyard/src/main/scala/clocking/ClockDividerN.scala;generators/hardfloat/hardfloat/tests/src/FMATester.scala;generators/rocket-chip-blocks/src/main/scala/devices/uart/UART.scala
addi,I,RV32;RV64,asm;hdl,58,38,44,0,0,software/firemarshal/boards/firechip/base-workloads/br-base/trigger/end.S;software/firemarshal/boards/firechip/base-workloads/br-base/trigger/start.S;software/firemarshal/test/rocc/crt.S;software/firesim-paper-workloads/check-rtc/crt.S;software/firesim-paper-workloads/network-benchmarks/common/crt.S
jalr,I,RV32;RV64,asm;hdl,2,88,89,0,0,generators/boom/src/main/scala/v4/ifu/frontend.scala;generators/shuttle/src/main/scala/ifu/Frontend.scala;generators/testchipip/src/main/scala/serdes/PeripheryTLSerial.scala;generators/testchipip/src/main/scala/serdes/old/PeripheryTLSerial.scala;sims/verilator/generated-src/chipyard.harness.TestHarness.CXBoomMediumV3TraceConfig/gen-collateral/ALUUnit_1.sv
xor,I,RV32;RV64,hdl,0,88,88,0,0,generators/boom/src/main/scala/v4/exu/decode.scala;generators/boom/src/main/scala/v4/util/util.scala;generators/rocket-chip-blocks/src/main/scala/devices/gpio/GPIO.scala;generators/rocket-chip-inclusive-cache/design/craft/inclusivecache/src/SourceD.scala;generators/shuttle/src/main/scala/dmem/IOHandler.scala
jal,I,RV32;RV64,asm;hdl,9,56,60,0,0,software/embench/embench-iot/config/riscv32/boards/rv32wallyverilog/startup/crt0.S;software/firemarshal/test/bare/crt.S;software/firemarshal/test/rocc/crt.S;software/firesim-paper-workloads/check-rtc/crt.S;software/firesim-paper-workloads/network-benchmarks/common/crt.S
sw,I,RV32;RV64,asm;hdl,35,29,42,0,0,software/embench/embench-iot/config/riscv32/boards/rv32wallyverilog/startup/crt0.S;software/firemarshal/test/bare/crt.S;software/firemarshal/test/rocc/crt.S;software/firesim-paper-workloads/check-rtc/crt.S;software/firesim-paper-workloads/network-benchmarks/common/crt.S
mul,M,RV32;RV64,hdl,0,62,62,0,0,generators/boom/src/main/scala/v4/common/consts.scala;generators/boom/src/main/scala/v4/exu/decode.scala;generators/boom/src/main/scala/v4/exu/execution-units/execution-unit.scala;generators/boom/src/main/scala/v4/exu/issue-units/issue-unit-age-ordered.scala;generators/hardfloat/hardfloat/tests/src/FMATester.scala
sb,I,RV32;RV64,asm;hdl,4,52,37,15,0,generators/boom/src/main/scala/v4/exu/decode.scala;generators/shuttle/src/main/scala/exu/Core.scala;generators/shuttle/src/main/scala/ifu/FetchBuffer.scala;sims/firesim/sim/midas/src/main/scala/midas/passes/partition/SkidBuffer.scala;software/baremetal-ide/driver/national-semiconductor/ns16550a/ns16550a.S
sub,I,RV32;RV64,hdl,0,56,56,0,0,generators/boom/src/main/scala/v3/common/consts.scala;generators/boom/src/main/scala/v3/exu/decode.scala;generators/boom/src/main/scala/v3/exu/register-read/func-unit-decode.scala;generators/boom/src/main/scala/v4/exu/decode.scala;generators/rocket-chip/src/main/scala/tilelink/SRAM.scala
ld,I,RV32;RV64,asm;hdl,5,48,49,0,0,generators/testchipip/src/main/resources/testchipip/bootrom/bootrom.S;software/baremetal-ide/platform/bearlyml23/startup/bootrom.S;software/baremetal-ide/platform/eaglex/boot/bootrom.S;software/baremetal-ide/platform/fe310/boot/bootrom.S;software/baremetal-ide/platform/robo23/startup/bootrom.S
min,Zbb,RV32;RV64,hdl,0,52,50,2,0,generators/boom/src/main/scala/v4/exu/decode.scala;generators/boom/src/main/scala/v4/lsu/mshrs.scala;generators/rocket-chip-inclusive-cache/design/craft/inclusivecache/src/SourceD.scala;generators/shuttle/src/main/scala/dmem/IOHandler.scala;sims/firesim/sim/midas/src/main/scala/midas/models/dram/DramCommon.scala
max,Zbb,RV32;RV64,hdl,0,49,47,2,0,generators/boom/src/main/scala/v4/exu/decode.scala;generators/rocket-chip-inclusive-cache/design/craft/inclusivecache/src/SourceD.scala;generators/shuttle/src/main/scala/dmem/IOHandler.scala;sims/firesim/sim/midas/src/main/scala/midas/models/dram/DramCommon.scala;sims/firesim/sim/midas/src/main/scala/midas/widgets/AXI4AddressTranslation.scala
beq,I,RV32;RV64,asm;hdl,13,35,39,0,0,software/baremetal-ide/platform/bearlyml23/startup/startup.S;software/baremetal-ide/platform/eaglex/boot/startup.S;software/baremetal-ide/platform/fe310/boot/startup.S;software/baremetal-ide/platform/qemuvirt/boot/startup.S;software/baremetal-ide/platform/robo23/startup/startup.S
sll,I,RV32;RV64,asm;hdl,22,25,29,0,0,software/baremetal-ide/platform/robo23/startup/startup.S;software/firemarshal/test/bare/crt.S;software/firemarshal/test/rocc/crt.S;software/firesim-paper-workloads/check-rtc/crt.S;software/firesim-paper-workloads/network-benchmarks/common/crt.S
bgeu,I,RV32;RV64,asm;hdl,11,33,34,0,0,software/baremetal-ide/platform/robo23/startup/startup.S;software/firemarshal/test/bare/crt.S;software/firemarshal/test/rocc/crt.S;software/firesim-paper-workloads/check-rtc/crt.S;software/firesim-paper-workloads/network-benchmarks/common/crt.S
bne,I,RV32;RV64,asm;hdl,11,33,37,0,0,software/baremetal-ide/platform/eaglex/boot/startup.S;software/baremetal-ide/platform/fe310/boot/startup.S;software/baremetal-ide/platform/qemuvirt/boot/startup.S;software/baremetal-ide/platform/robo23/startup/startup.S;software/embench/embench-iot/config/riscv32/boards/rv32wallyverilog/startup/crt0.S
blt,I,RV32;RV64,asm;hdl,10,33,33,0,0,software/baremetal-ide/platform/eaglex/boot/startup.S;software/baremetal-ide/platform/fe310/boot/startup.S;software/baremetal-ide/platform/qemuvirt/boot/startup.S;software/baremetal-ide/platform/robo23/startup/startup.S;software/embench/embench-iot/config/riscv32/boards/rv32wallyverilog/startup/crt0.S
bge,I,RV32;RV64,asm;hdl,9,33,33,0,0,software/baremetal-ide/platform/bearlyml23/startup/startup.S;software/baremetal-ide/platform/eaglex/boot/startup.S;software/baremetal-ide/platform/fe310/boot/startup.S;software/baremetal-ide/platform/qemuvirt/boot/startup.S;software/baremetal-ide/platform/robo23/startup/startup.S
minu,Zbb,RV32;RV64,hdl,0,42,42,0,0,generators/boom/src/main/scala/v3/exu/decode.scala;generators/boom/src/main/scala/v4/exu/decode.scala;generators/boom/src/main/scala/v4/lsu/mshrs.scala;generators/rocket-chip-inclusive-cache/design/craft/inclusivecache/src/SourceD.scala;generators/shuttle/src/main/scala/dmem/IOHandler.scala
lw,I,RV32;RV64,asm;hdl,23,18,24,0,0,software/baremetal-ide/platform/eaglex/boot/bootrom.S;software/baremetal-ide/platform/fe310/boot/bootrom.S;software/baremetal-ide/platform/qemuvirt/boot/startup.S;software/baremetal-ide/platform/robo23/startup/bootrom.S;software/embench/embench-iot/config/riscv32/boards/rv32wallyverilog/startup/crt0.S
maxu,Zbb,RV32;RV64,hdl,0,40,40,0,0,generators/boom/src/main/scala/v3/exu/decode.scala;generators/boom/src/main/scala/v4/exu/decode.scala;generators/boom/src/main/scala/v4/lsu/mshrs.scala;generators/rocket-chip-inclusive-cache/design/craft/inclusivecache/src/SourceD.scala;generators/shuttle/src/main/scala/dmem/IOHandler.scala
sra,I,RV32;RV64,hdl,0,40,40,0,0,generators/boom/src/main/scala/v3/common/consts.scala;generators/boom/src/main/scala/v3/exu/decode.scala;generators/boom/src/main/scala/v3/exu/register-read/func-unit-decode.scala;generators/boom/src/main/scala/v4/exu/decode.scala;generators/rocket-chip/src/main/scala/system/RocketTestSuite.scala
bltu,I,RV32;RV64,asm;hdl,6,33,33,0,0,software/baremetal-ide/platform/bearlyml23/startup/startup.S;software/baremetal-ide/platform/eaglex/boot/startup.S;software/baremetal-ide/platform/fe310/boot/startup.S;software/baremetal-ide/platform/qemuvirt/boot/startup.S;software/baremetal-ide/platform/robo23/startup/startup.S
slli,I,RV32;RV64,asm;hdl,8,31,33,0,0,software/embench/embench-iot/config/riscv32/boards/rv32wallyverilog/startup/crt0.S;software/firemarshal/test/bare/crt.S;software/firemarshal/test/rocc/crt.S;software/firesim-paper-workloads/check-rtc/crt.S;software/firesim-paper-workloads/network-benchmarks/common/crt.S
rem,M,RV32;RV64,hdl,0,38,38,0,0,generators/boom/src/main/scala/v3/common/consts.scala;generators/boom/src/main/scala/v3/exu/decode.scala;generators/boom/src/main/scala/v3/exu/register-read/func-unit-decode.scala;generators/boom/src/main/scala/v4/exu/decode.scala;generators/rocket-chip/src/main/scala/system/RocketTestSuite.scala
srai,I,RV32;RV64,asm;hdl,5,31,32,0,0,generators/testchipip/src/main/resources/testchipip/bootrom/bootrom.S;software/baremetal-ide/platform/bearlyml23/startup/bootrom.S;software/baremetal-ide/platform/eaglex/boot/bootrom.S;software/baremetal-ide/platform/fe310/boot/bootrom.S;software/baremetal-ide/platform/robo23/startup/bootrom.S
slt,I,RV32;RV64,hdl,0,35,35,0,0,generators/boom/src/main/scala/v3/common/consts.scala;generators/boom/src/main/scala/v3/exu/decode.scala;generators/boom/src/main/scala/v3/exu/register-read/func-unit-decode.scala;generators/boom/src/main/scala/v4/exu/decode.scala;generators/rocket-chip/src/main/scala/system/RocketTestSuite.scala
sltu,I,RV32;RV64,hdl,0,34,34,0,0,generators/boom/src/main/scala/v3/common/consts.scala;generators/boom/src/main/scala/v3/exu/decode.scala;generators/boom/src/main/scala/v3/exu/register-read/func-unit-decode.scala;generators/boom/src/main/scala/v4/exu/decode.scala;generators/rocket-chip/src/main/scala/system/RocketTestSuite.scala
wfi,Sm,RV32;RV64,asm;hdl,7,26,28,0,0,software/baremetal-ide/glossy/src/startup/secondary.c;software/baremetal-ide/platform/bearlyml23/startup/bootrom.S;software/baremetal-ide/platform/eaglex/boot/bootrom.S;software/baremetal-ide/platform/fe310/boot/bootrom.S;software/baremetal-ide/platform/robo23/startup/bootrom.S
andi,I,RV32;RV64,asm;hdl,11,21,26,0,0,software/baremetal-ide/driver/national-semiconductor/ns16550a/ns16550a.S;software/baremetal-ide/platform/eaglex/boot/bootrom.S;software/baremetal-ide/platform/fe310/boot/bootrom.S;software/baremetal-ide/platform/robo23/startup/bootrom.S;software/embench/embench-iot/config/riscv32/boards/rv32wallyverilog/startup/crt0.S
srli,I,RV32;RV64,hdl,0,31,31,0,0,generators/boom/src/main/scala/v3/common/consts.scala;generators/boom/src/main/scala/v3/exu/decode.scala;generators/boom/src/main/scala/v3/exu/register-read/func-unit-decode.scala;generators/boom/src/main/scala/v4/exu/decode.scala;generators/rocket-chip/src/main/scala/system/RocketTestSuite.scala
lui,I,RV32;RV64,asm;hdl,2,28,28,0,0,generators/boom/src/main/scala/v3/exu/decode.scala;generators/boom/src/main/scala/v3/exu/register-read/func-unit-decode.scala;generators/boom/src/main/scala/v4/common/consts.scala;generators/boom/src/main/scala/v4/exu/decode.scala;software/baremetal-ide/platform/qemuvirt/boot/startup.S
mret,Sm,RV32;RV64,asm;hdl,17,13,16,0,0,software/baremetal-ide/platform/robo23/startup/startup.S;software/firemarshal/test/bare/crt.S;software/firemarshal/test/rocc/crt.S;software/firesim-paper-workloads/check-rtc/crt.S;software/firesim-paper-workloads/network-benchmarks/common/crt.S
divu,M,RV32;RV64,hdl,0,26,26,0,0,generators/boom/src/main/scala/v3/common/consts.scala;generators/boom/src/main/scala/v3/exu/decode.scala;generators/boom/src/main/scala/v3/exu/register-read/func-unit-decode.scala;generators/boom/src/main/scala/v4/exu/decode.scala;generators/rocket-chip/src/main/scala/system/RocketTestSuite.scala
fence,I,RV32;RV64,asm;hdl,5,21,23,0,0,generators/boom/src/main/scala/v3/exu/decode.scala;generators/boom/src/main/scala/v4/exu/decode.scala;generators/boom/src/main/scala/v4/lsu/mshrs.scala;software/baremetal-ide/driver/htif/atomic.h;software/baremetal-ide/platform/qemuvirt/boot/startup.S
remu,M,RV32;RV64,hdl,0,26,26,0,0,generators/boom/src/main/scala/v3/common/consts.scala;generators/boom/src/main/scala/v3/exu/decode.scala;generators/boom/src/main/scala/v3/exu/register-read/func-unit-decode.scala;generators/boom/src/main/scala/v4/exu/decode.scala;generators/rocket-chip/src/main/scala/system/RocketTestSuite.scala
mulh,M,RV32;RV64,hdl,0,25,25,0,0,generators/boom/src/main/scala/v3/common/consts.scala;generators/boom/src/main/scala/v3/exu/decode.scala;generators/boom/src/main/scala/v3/exu/register-read/func-unit-decode.scala;generators/boom/src/main/scala/v4/exu/decode.scala;generators/rocket-chip/src/main/scala/system/RocketTestSuite.scala
mulhsu,M,RV32;RV64,hdl,0,25,25,0,0,generators/boom/src/main/scala/v3/common/consts.scala;generators/boom/src/main/scala/v3/exu/decode.scala;generators/boom/src/main/scala/v3/exu/register-read/func-unit-decode.scala;generators/boom/src/main/scala/v4/exu/decode.scala;generators/rocket-chip/src/main/scala/system/RocketTestSuite.scala
mulhu,M,RV32;RV64,hdl,0,25,25,0,0,generators/boom/src/main/scala/v3/common/consts.scala;generators/boom/src/main/scala/v3/exu/decode.scala;generators/boom/src/main/scala/v3/exu/register-read/func-unit-decode.scala;generators/boom/src/main/scala/v4/exu/decode.scala;generators/rocket-chip/src/main/scala/system/RocketTestSuite.scala
addw,I,RV64,hdl,0,23,23,0,0,generators/boom/src/main/scala/v3/common/consts.scala;generators/boom/src/main/scala/v3/exu/decode.scala;generators/boom/src/main/scala/v3/exu/register-read/func-unit-decode.scala;generators/boom/src/main/scala/v4/exu/decode.scala;generators/rocket-chip/src/main/scala/devices/debug/Debug.scala
ebreak,I,RV32;RV64,asm;hdl,3,20,21,0,0,generators/boom/src/main/scala/v3/exu/decode.scala;generators/boom/src/main/scala/v4/exu/decode.scala;generators/rocket-chip/scripts/debug_rom/debug_rom.S;software/firemarshal/boards/firechip/base-workloads/br-base/trigger/end.S;software/firemarshal/boards/firechip/base-workloads/br-base/trigger/start.S
sraiw,I,RV64,hdl,0,23,23,0,0,generators/boom/src/main/scala/v3/exu/decode.scala;generators/boom/src/main/scala/v3/exu/register-read/func-unit-decode.scala;generators/boom/src/main/scala/v4/common/consts.scala;generators/boom/src/main/scala/v4/exu/decode.scala;generators/shuttle/src/main/scala/common/Consts.scala
addiw,I,RV64,hdl,0,22,22,0,0,generators/boom/src/main/scala/v3/common/consts.scala;generators/boom/src/main/scala/v3/exu/decode.scala;generators/boom/src/main/scala/v3/exu/register-read/func-unit-decode.scala;generators/boom/src/main/scala/v4/exu/decode.scala;generators/rocket-chip/src/main/scala/devices/debug/Debug.scala
srl,I,RV32;RV64,hdl,0,22,22,0,0,generators/boom/src/main/scala/v3/common/consts.scala;generators/boom/src/main/scala/v3/exu/decode.scala;generators/boom/src/main/scala/v3/exu/register-read/func-unit-decode.scala;generators/boom/src/main/scala/v4/exu/decode.scala;generators/rocket-chip/src/main/scala/system/RocketTestSuite.scala
subw,I,RV64,hdl,0,22,22,0,0,generators/boom/src/main/scala/v3/common/consts.scala;generators/boom/src/main/scala/v3/exu/decode.scala;generators/boom/src/main/scala/v3/exu/register-read/func-unit-decode.scala;generators/boom/src/main/scala/v4/exu/decode.scala;generators/rocket-chip/src/main/scala/system/RocketTestSuite.scala
csrrw,Zicsr,RV32;RV64,asm;hdl,4,17,19,0,0,generators/boom/src/main/scala/v3/common/consts.scala;generators/boom/src/main/scala/v3/exu/decode.scala;generators/boom/src/main/scala/v3/exu/register-read/func-unit-decode.scala;generators/boom/src/main/scala/v4/exu/decode.scala;generators/rocket-chip/scripts/debug_rom/debug_rom_nonzero.S
ror,B,RV32;RV64,hdl,0,21,21,0,0,generators/boom/src/main/scala/v4/exu/decode.scala;generators/rocket-chip/src/main/scala/rocket/ALU.scala;generators/rocket-chip/src/main/scala/rocket/IDecode.scala;generators/rocket-chip/src/main/scala/rocket/Instructions.scala;generators/rocket-chip/src/main/scala/system/RocketTestSuite.scala
fsgnj.d,D,RV32;RV64,hdl,0,20,20,0,0,generators/boom/src/main/scala/v3/common/consts.scala;generators/boom/src/main/scala/v3/exu/decode.scala;generators/boom/src/main/scala/v3/exu/execution-units/fpu.scala;generators/boom/src/main/scala/v3/exu/register-read/func-unit-decode.scala;generators/boom/src/main/scala/v4/exu/decode.scala
fsgnj.s,F,RV32;RV64,hdl,0,20,20,0,0,generators/boom/src/main/scala/v3/common/consts.scala;generators/boom/src/main/scala/v3/exu/decode.scala;generators/boom/src/main/scala/v3/exu/execution-units/fpu.scala;generators/boom/src/main/scala/v3/exu/register-read/func-unit-decode.scala;generators/boom/src/main/scala/v4/exu/decode.scala
ori,I,RV32;RV64,hdl,0,20,20,0,0,generators/boom/src/main/scala/v3/common/consts.scala;generators/boom/src/main/scala/v3/exu/decode.scala;generators/boom/src/main/scala/v3/exu/register-read/func-unit-decode.scala;generators/boom/src/main/scala/v4/exu/decode.scala;generators/rocket-chip/src/main/scala/system/RocketTestSuite.scala
sh,I,RV32;RV64,hdl,0,20,20,0,0,generators/boom/src/main/scala/v3/exu/decode.scala;generators/boom/src/main/scala/v4/common/consts.scala;generators/boom/src/main/scala/v4/exu/core.scala;generators/boom/src/main/scala/v4/exu/decode.scala;generators/boom/src/main/scala/v4/exu/execution-units/execution-unit.scala
slliw,I,RV64,hdl,0,20,20,0,0,generators/boom/src/main/scala/v3/common/consts.scala;generators/boom/src/main/scala/v3/exu/decode.scala;generators/boom/src/main/scala/v3/exu/register-read/func-unit-decode.scala;generators/boom/src/main/scala/v4/exu/decode.scala;generators/rocket-chip/src/main/scala/system/RocketTestSuite.scala
sllw,I,RV64,hdl,0,20,20,0,0,generators/boom/src/main/scala/v3/common/consts.scala;generators/boom/src/main/scala/v3/exu/decode.scala;generators/boom/src/main/scala/v3/exu/register-read/func-unit-decode.scala;generators/boom/src/main/scala/v4/exu/decode.scala;generators/rocket-chip/src/main/scala/system/RocketTestSuite.scala
slti,I,RV32;RV64,hdl,0,20,20,0,0,generators/boom/src/main/scala/v3/common/consts.scala;generators/boom/src/main/scala/v3/exu/decode.scala;generators/boom/src/main/scala/v3/exu/register-read/func-unit-decode.scala;generators/boom/src/main/scala/v4/exu/decode.scala;generators/rocket-chip/src/main/scala/system/RocketTestSuite.scala
sltiu,I,RV32;RV64,hdl,0,20,20,0,0,generators/boom/src/main/scala/v3/common/consts.scala;generators/boom/src/main/scala/v3/exu/decode.scala;generators/boom/src/main/scala/v3/exu/register-read/func-unit-decode.scala;generators/boom/src/main/scala/v4/exu/decode.scala;generators/rocket-chip/src/main/scala/system/RocketTestSuite.scala
sraw,I,RV64,hdl,0,20,20,0,0,generators/boom/src/main/scala/v3/common/consts.scala;generators/boom/src/main/scala/v3/exu/decode.scala;generators/boom/src/main/scala/v3/exu/register-read/func-unit-decode.scala;generators/boom/src/main/scala/v4/exu/decode.scala;generators/rocket-chip/src/main/scala/system/RocketTestSuite.scala
srliw,I,RV64,hdl,0,20,20,0,0,generators/boom/src/main/scala/v3/common/consts.scala;generators/boom/src/main/scala/v3/exu/decode.scala;generators/boom/src/main/scala/v3/exu/register-read/func-unit-decode.scala;generators/boom/src/main/scala/v4/exu/decode.scala;generators/rocket-chip/src/main/scala/system/RocketTestSuite.scala
srlw,I,RV64,hdl,0,20,20,0,0,generators/boom/src/main/scala/v3/common/consts.scala;generators/boom/src/main/scala/v3/exu/decode.scala;generators/boom/src/main/scala/v3/exu/register-read/func-unit-decode.scala;generators/boom/src/main/scala/v4/exu/decode.scala;generators/rocket-chip/src/main/scala/system/RocketTestSuite.scala
xori,I,RV32;RV64,hdl,0,20,20,0,0,generators/boom/src/main/scala/v3/common/consts.scala;generators/boom/src/main/scala/v3/exu/decode.scala;generators/boom/src/main/scala/v3/exu/register-read/func-unit-decode.scala;generators/boom/src/main/scala/v4/exu/decode.scala;generators/rocket-chip/src/main/scala/system/RocketTestSuite.scala
auipc,I,RV32;RV64,asm;hdl,1,18,18,0,0,generators/boom/src/main/scala/v3/exu/decode.scala;generators/boom/src/main/scala/v3/exu/register-read/func-unit-decode.scala;generators/boom/src/main/scala/v4/common/consts.scala;generators/boom/src/main/scala/v4/exu/decode.scala;software/baremetal-ide/platform/qemuvirt/boot/startup.S
fadd.d,D,RV32;RV64,hdl,0,19,19,0,0,generators/boom/src/main/scala/v3/common/consts.scala;generators/boom/src/main/scala/v3/exu/decode.scala;generators/boom/src/main/scala/v3/exu/execution-units/fpu.scala;generators/boom/src/main/scala/v3/exu/register-read/func-unit-decode.scala;generators/boom/src/main/scala/v4/exu/decode.scala
fadd.s,F,RV32;RV64,hdl,0,19,19,0,0,generators/boom/src/main/scala/v3/common/consts.scala;generators/boom/src/main/scala/v3/exu/decode.scala;generators/boom/src/main/scala/v3/exu/execution-units/fpu.scala;generators/boom/src/main/scala/v3/exu/register-read/func-unit-decode.scala;generators/boom/src/main/scala/v4/exu/decode.scala
fmadd.d,D,RV32;RV64,hdl,0,19,19,0,0,generators/boom/src/main/scala/v3/common/consts.scala;generators/boom/src/main/scala/v3/exu/decode.scala;generators/boom/src/main/scala/v3/exu/execution-units/fpu.scala;generators/boom/src/main/scala/v3/exu/register-read/func-unit-decode.scala;generators/boom/src/main/scala/v4/exu/decode.scala
fmadd.s,F,RV32;RV64,hdl,0,19,19,0,0,generators/boom/src/main/scala/v3/common/consts.scala;generators/boom/src/main/scala/v3/exu/decode.scala;generators/boom/src/main/scala/v3/exu/execution-units/fpu.scala;generators/boom/src/main/scala/v3/exu/register-read/func-unit-decode.scala;generators/boom/src/main/scala/v4/exu/decode.scala
fmsub.d,D,RV32;RV64,hdl,0,19,19,0,0,generators/boom/src/main/scala/v3/common/consts.scala;generators/boom/src/main/scala/v3/exu/decode.scala;generators/boom/src/main/scala/v3/exu/execution-units/fpu.scala;generators/boom/src/main/scala/v3/exu/register-read/func-unit-decode.scala;generators/boom/src/main/scala/v4/exu/decode.scala
fmsub.s,F,RV32;RV64,hdl,0,19,19,0,0,generators/boom/src/main/scala/v3/common/consts.scala;generators/boom/src/main/scala/v3/exu/decode.scala;generators/boom/src/main/scala/v3/exu/execution-units/fpu.scala;generators/boom/src/main/scala/v3/exu/register-read/func-unit-decode.scala;generators/boom/src/main/scala/v4/exu/decode.scala
fmul.d,D,RV32;RV64,hdl,0,19,19,0,0,generators/boom/src/main/scala/v3/common/consts.scala;generators/boom/src/main/scala/v3/exu/decode.scala;generators/boom/src/main/scala/v3/exu/execution-units/fpu.scala;generators/boom/src/main/scala/v3/exu/register-read/func-unit-decode.scala;generators/boom/src/main/scala/v4/exu/decode.scala
fmul.s,F,RV32;RV64,hdl,0,19,19,0,0,generators/boom/src/main/scala/v3/common/consts.scala;generators/boom/src/main/scala/v3/exu/decode.scala;generators/boom/src/main/scala/v3/exu/execution-units/fpu.scala;generators/boom/src/main/scala/v3/exu/register-read/func-unit-decode.scala;generators/boom/src/main/scala/v4/exu/decode.scala
fmv.d.x,D,RV64,hdl,0,19,19,0,0,generators/boom/src/main/scala/v3/common/consts.scala;generators/boom/src/main/scala/v3/exu/decode.scala;generators/boom/src/main/scala/v3/exu/execution-units/fpu.scala;generators/boom/src/main/scala/v3/exu/register-read/func-unit-decode.scala;generators/boom/src/main/scala/v4/exu/decode.scala
fnmadd.d,D,RV32;RV64,hdl,0,19,19,0,0,generators/boom/src/main/scala/v3/common/consts.scala;generators/boom/src/main/scala/v3/exu/decode.scala;generators/boom/src/main/scala/v3/exu/execution-units/fpu.scala;generators/boom/src/main/scala/v3/exu/register-read/func-unit-decode.scala;generators/boom/src/main/scala/v4/exu/decode.scala
fnmadd.s,F,RV32;RV64,hdl,0,19,19,0,0,generators/boom/src/main/scala/v3/common/consts.scala;generators/boom/src/main/scala/v3/exu/decode.scala;generators/boom/src/main/scala/v3/exu/execution-units/fpu.scala;generators/boom/src/main/scala/v3/exu/register-read/func-unit-decode.scala;generators/boom/src/main/scala/v4/exu/decode.scala
fnmsub.d,D,RV32;RV64,hdl,0,19,19,0,0,generators/boom/src/main/scala/v3/common/consts.scala;generators/boom/src/main/scala/v3/exu/decode.scala;generators/boom/src/main/scala/v3/exu/execution-units/fpu.scala;generators/boom/src/main/scala/v3/exu/register-read/func-unit-decode.scala;generators/boom/src/main/scala/v4/exu/decode.scala
fnmsub.s,F,RV32;RV64,hdl,0,19,19,0,0,generators/boom/src/main/scala/v3/common/consts.scala;generators/boom/src/main/scala/v3/exu/decode.scala;generators/boom/src/main/scala/v3/exu/execution-units/fpu.scala;generators/boom/src/main/scala/v3/exu/register-read/func-unit-decode.scala;generators/boom/src/main/scala/v4/exu/decode.scala
fsub.d,D,RV32;RV64,hdl,0,19,19,0,0,generators/boom/src/main/scala/v3/common/consts.scala;generators/boom/src/main/scala/v3/exu/decode.scala;generators/boom/src/main/scala/v3/exu/execution-units/fpu.scala;generators/boom/src/main/scala/v3/exu/register-read/func-unit-decode.scala;generators/boom/src/main/scala/v4/exu/decode.scala
fsub.s,F,RV32;RV64,hdl,0,19,19,0,0,generators/boom/src/main/scala/v3/common/consts.scala;generators/boom/src/main/scala/v3/exu/decode.scala;generators/boom/src/main/scala/v3/exu/execution-units/fpu.scala;generators/boom/src/main/scala/v3/exu/register-read/func-unit-decode.scala;generators/boom/src/main/scala/v4/exu/decode.scala
fcvt.d.s,D,RV32;RV64,hdl,0,18,18,0,0,generators/boom/src/main/scala/v3/common/consts.scala;generators/boom/src/main/scala/v3/exu/decode.scala;generators/boom/src/main/scala/v3/exu/execution-units/fpu.scala;generators/boom/src/main/scala/v3/exu/register-read/func-unit-decode.scala;generators/boom/src/main/scala/v4/exu/decode.scala
fcvt.s.d,D,RV32;RV64,hdl,0,18,18,0,0,generators/boom/src/main/scala/v3/common/consts.scala;generators/boom/src/main/scala/v3/exu/decode.scala;generators/boom/src/main/scala/v3/exu/execution-units/fpu.scala;generators/boom/src/main/scala/v3/exu/register-read/func-unit-decode.scala;generators/boom/src/main/scala/v4/exu/decode.scala
fdiv.d,D,RV32;RV64,hdl,0,18,18,0,0,generators/boom/src/main/scala/v3/common/consts.scala;generators/boom/src/main/scala/v3/exu/decode.scala;generators/boom/src/main/scala/v3/exu/execution-units/fdiv.scala;generators/boom/src/main/scala/v3/exu/register-read/func-unit-decode.scala;generators/boom/src/main/scala/v4/exu/decode.scala
fdiv.s,F,RV32;RV64,hdl,0,18,18,0,0,generators/boom/src/main/scala/v3/common/consts.scala;generators/boom/src/main/scala/v3/exu/decode.scala;generators/boom/src/main/scala/v3/exu/execution-units/fdiv.scala;generators/boom/src/main/scala/v3/exu/register-read/func-unit-decode.scala;generators/boom/src/main/scala/v4/exu/decode.scala
fmv.x.d,D,RV64,hdl,0,18,18,0,0,generators/boom/src/main/scala/v3/common/consts.scala;generators/boom/src/main/scala/v3/exu/decode.scala;generators/boom/src/main/scala/v3/exu/execution-units/fpu.scala;generators/boom/src/main/scala/v3/exu/register-read/func-unit-decode.scala;generators/boom/src/main/scala/v4/exu/decode.scala
fsqrt.d,D,RV32;RV64,hdl,0,18,18,0,0,generators/boom/src/main/scala/v3/common/consts.scala;generators/boom/src/main/scala/v3/exu/decode.scala;generators/boom/src/main/scala/v3/exu/execution-units/fdiv.scala;generators/boom/src/main/scala/v3/exu/register-read/func-unit-decode.scala;generators/boom/src/main/scala/v4/exu/decode.scala
fsqrt.s,F,RV32;RV64,hdl,0,18,18,0,0,generators/boom/src/main/scala/v3/common/consts.scala;generators/boom/src/main/scala/v3/exu/decode.scala;generators/boom/src/main/scala/v3/exu/execution-units/fdiv.scala;generators/boom/src/main/scala/v3/exu/register-read/func-unit-decode.scala;generators/boom/src/main/scala/v4/exu/decode.scala
lbu,I,RV32;RV64,asm;hdl,4,14,16,0,0,generators/boom/src/main/scala/v3/exu/decode.scala;generators/boom/src/main/scala/v4/exu/decode.scala;generators/rocket-chip/scripts/debug_rom/debug_rom.S;generators/rocket-chip/scripts/debug_rom/debug_rom_nonzero.S;software/baremetal-ide/driver/national-semiconductor/ns16550a/ns16550a.S
lh,I,RV32;RV64,hdl,0,18,18,0,0,generators/boom/src/main/scala/v3/exu/decode.scala;generators/boom/src/main/scala/v3/lsu/lsu.scala;generators/boom/src/main/scala/v4/exu/decode.scala;generators/boom/src/main/scala/v4/lsu/lsu.scala;generators/rocket-chip/src/main/scala/system/RocketTestSuite.scala
andn,B,RV32;RV64,hdl,0,17,17,0,0,generators/boom/src/main/scala/v4/exu/decode.scala;generators/rocket-chip/src/main/scala/rocket/ALU.scala;generators/rocket-chip/src/main/scala/rocket/IDecode.scala;generators/rocket-chip/src/main/scala/rocket/Instructions.scala;generators/rocket-chip/src/main/scala/system/RocketTestSuite.scala
sd,I,RV32;RV64,hdl,0,17,17,0,0,generators/boom/src/main/scala/v3/exu/decode.scala;generators/boom/src/main/scala/v4/exu/decode.scala;generators/rocket-chip/src/main/scala/devices/debug/Debug.scala;generators/rocket-chip/src/main/scala/rocket/IDecode.scala;generators/rocket-chip/src/main/scala/system/RocketTestSuite.scala
bext,Zbs,RV32;RV64,hdl,0,16,16,0,0,generators/boom/src/main/scala/v4/exu/decode.scala;generators/rocket-chip/src/main/scala/rocket/ALU.scala;generators/rocket-chip/src/main/scala/rocket/IDecode.scala;generators/rocket-chip/src/main/scala/rocket/Instructions.scala;generators/rocket-chip/src/main/scala/system/RocketTestSuite.scala
divuw,M,RV64,hdl,0,16,16,0,0,generators/boom/src/main/scala/v3/common/consts.scala;generators/boom/src/main/scala/v3/exu/decode.scala;generators/boom/src/main/scala/v3/exu/register-read/func-unit-decode.scala;generators/boom/src/main/scala/v4/exu/decode.scala;generators/rocket-chip/src/main/scala/system/RocketTestSuite.scala
divw,M,RV64,hdl,0,16,16,0,0,generators/boom/src/main/scala/v3/common/consts.scala;generators/boom/src/main/scala/v3/exu/decode.scala;generators/boom/src/main/scala/v3/exu/register-read/func-unit-decode.scala;generators/boom/src/main/scala/v4/exu/decode.scala;generators/rocket-chip/src/main/scala/system/RocketTestSuite.scala
fld,D,RV32;RV64,hdl,0,16,16,0,0,generators/boom/src/main/scala/v3/exu/decode.scala;generators/boom/src/main/scala/v4/exu/decode.scala;generators/rocket-chip/src/main/scala/rocket/IDecode.scala;generators/rocket-chip/src/main/scala/rocket/Instructions.scala;generators/rocket-chip/src/main/scala/tile/FPU.scala
fsd,D,RV32;RV64,hdl,0,16,16,0,0,generators/boom/src/main/scala/v3/exu/decode.scala;generators/boom/src/main/scala/v4/exu/decode.scala;generators/rocket-chip/src/main/scala/rocket/IDecode.scala;generators/rocket-chip/src/main/scala/rocket/Instructions.scala;generators/rocket-chip/src/main/scala/tile/FPU.scala
lb,I,RV32;RV64,hdl,0,16,16,0,0,generators/boom/src/main/scala/v3/exu/decode.scala;generators/boom/src/main/scala/v4/exu/decode.scala;generators/rocket-chip/src/main/scala/rocket/IDecode.scala;generators/rocket-chip/src/main/scala/rocket/RocketCore.scala;generators/rocket-chip/src/main/scala/system/RocketTestSuite.scala
mulw,M,RV64,hdl,0,16,16,0,0,generators/boom/src/main/scala/v3/common/consts.scala;generators/boom/src/main/scala/v3/exu/decode.scala;generators/boom/src/main/scala/v3/exu/register-read/func-unit-decode.scala;generators/boom/src/main/scala/v4/exu/decode.scala;generators/rocket-chip/src/main/scala/system/RocketTestSuite.scala
remuw,M,RV64,hdl,0,16,16,0,0,generators/boom/src/main/scala/v3/common/consts.scala;generators/boom/src/main/scala/v3/exu/decode.scala;generators/boom/src/main/scala/v3/exu/register-read/func-unit-decode.scala;generators/boom/src/main/scala/v4/exu/decode.scala;generators/rocket-chip/src/main/scala/system/RocketTestSuite.scala
remw,M,RV64,hdl,0,16,16,0,0,generators/boom/src/main/scala/v3/common/consts.scala;generators/boom/src/main/scala/v3/exu/decode.scala;generators/boom/src/main/scala/v3/exu/register-read/func-unit-decode.scala;generators/boom/src/main/scala/v4/exu/decode.scala;generators/rocket-chip/src/main/scala/system/RocketTestSuite.scala
rol,B,RV32;RV64,hdl,0,16,16,0,0,generators/boom/src/main/scala/v4/exu/decode.scala;generators/rocket-chip/src/main/scala/rocket/ALU.scala;generators/rocket-chip/src/main/scala/rocket/IDecode.scala;generators/rocket-chip/src/main/scala/rocket/Instructions.scala;generators/rocket-chip/src/main/scala/system/RocketTestSuite.scala
dret,Sdext,RV32;RV64,asm;hdl,2,13,15,0,0,generators/boom/src/main/scala/v3/exu/decode.scala;generators/boom/src/main/scala/v4/exu/decode.scala;generators/rocket-chip/scripts/debug_rom/debug_rom.S;generators/rocket-chip/scripts/debug_rom/debug_rom_nonzero.S;generators/rocket-chip/src/main/scala/rocket/IDecode.scala
ecall,I,RV32;RV64,asm;hdl,2,13,13,0,0,generators/boom/src/main/scala/v3/exu/decode.scala;generators/boom/src/main/scala/v4/exu/decode.scala;generators/rocket-chip/src/main/scala/rocket/IDecode.scala;software/firemarshal/boards/firechip/base-workloads/br-base/trigger/end.S;software/firemarshal/boards/firechip/base-workloads/br-base/trigger/start.S
flw,F,RV32;RV64,hdl,0,15,15,0,0,generators/boom/src/main/scala/v3/exu/decode.scala;generators/boom/src/main/scala/v4/exu/decode.scala;generators/rocket-chip/src/main/scala/rocket/IDecode.scala;generators/rocket-chip/src/main/scala/rocket/Instructions32.scala;generators/rocket-chip/src/main/scala/tile/FPU.scala
fmv.w.x,F,RV32;RV64,hdl,0,15,15,0,0,generators/boom/src/main/scala/v3/common/consts.scala;generators/boom/src/main/scala/v3/exu/decode.scala;generators/boom/src/main/scala/v3/exu/execution-units/fpu.scala;generators/boom/src/main/scala/v3/exu/register-read/func-unit-decode.scala;generators/boom/src/main/scala/v4/exu/decode.scala
fmv.x.w,F,RV32;RV64,hdl,0,15,15,0,0,generators/boom/src/main/scala/v3/common/consts.scala;generators/boom/src/main/scala/v3/exu/decode.scala;generators/boom/src/main/scala/v3/exu/execution-units/fpu.scala;generators/boom/src/main/scala/v3/exu/register-read/func-unit-decode.scala;generators/boom/src/main/scala/v4/exu/decode.scala
fsw,F,RV32;RV64,hdl,0,15,15,0,0,generators/boom/src/main/scala/v3/exu/decode.scala;generators/boom/src/main/scala/v4/exu/decode.scala;generators/rocket-chip/src/main/scala/rocket/IDecode.scala;generators/rocket-chip/src/main/scala/rocket/Instructions32.scala;generators/rocket-chip/src/main/scala/tile/FPU.scala
sret,S,RV32;RV64,asm;hdl,1,14,14,0,0,generators/boom/src/main/scala/v3/common/consts.scala;generators/boom/src/main/scala/v3/exu/decode.scala;generators/boom/src/main/scala/v4/exu/decode.scala;generators/rocket-chip/src/main/scala/rocket/CSR.scala;generators/rocket-chip/src/main/scala/rocket/IDecode.scala
csrrci,Zicsr,RV32;RV64,asm;hdl,1,13,13,0,0,generators/boom/src/main/scala/v3/common/consts.scala;generators/boom/src/main/scala/v3/exu/decode.scala;generators/boom/src/main/scala/v3/exu/register-read/func-unit-decode.scala;generators/boom/src/main/scala/v4/exu/decode.scala;software/baremetal-ide/glossy/src/trap/trap.S
csrrsi,Zicsr,RV32;RV64,asm;hdl,1,13,13,0,0,generators/boom/src/main/scala/v3/common/consts.scala;generators/boom/src/main/scala/v3/exu/decode.scala;generators/boom/src/main/scala/v3/exu/register-read/func-unit-decode.scala;generators/boom/src/main/scala/v4/exu/decode.scala;software/baremetal-ide/glossy/src/trap/trap.S
fclass.d,D,RV32;RV64,hdl,0,14,14,0,0,generators/boom/src/main/scala/v3/common/consts.scala;generators/boom/src/main/scala/v3/exu/decode.scala;generators/boom/src/main/scala/v3/exu/execution-units/fpu.scala;generators/boom/src/main/scala/v3/exu/register-read/func-unit-decode.scala;generators/boom/src/main/scala/v4/exu/decode.scala
fclass.s,F,RV32;RV64,hdl,0,14,14,0,0,generators/boom/src/main/scala/v3/common/consts.scala;generators/boom/src/main/scala/v3/exu/decode.scala;generators/boom/src/main/scala/v3/exu/execution-units/fpu.scala;generators/boom/src/main/scala/v3/exu/register-read/func-unit-decode.scala;generators/boom/src/main/scala/v4/exu/decode.scala
fcvt.d.l,D,RV64,hdl,0,14,14,0,0,generators/boom/src/main/scala/v3/exu/decode.scala;generators/boom/src/main/scala/v4/exu/decode.scala;generators/rocket-chip/src/main/scala/rocket/IDecode.scala;generators/rocket-chip/src/main/scala/rocket/Instructions.scala;generators/rocket-chip/src/main/scala/tile/FPU.scala
fcvt.d.lu,D,RV64,hdl,0,14,14,0,0,generators/boom/src/main/scala/v3/exu/decode.scala;generators/boom/src/main/scala/v4/exu/decode.scala;generators/rocket-chip/src/main/scala/rocket/IDecode.scala;generators/rocket-chip/src/main/scala/rocket/Instructions.scala;generators/rocket-chip/src/main/scala/tile/FPU.scala
fcvt.d.w,D,RV32;RV64,hdl,0,14,14,0,0,generators/boom/src/main/scala/v3/exu/decode.scala;generators/boom/src/main/scala/v4/exu/decode.scala;generators/rocket-chip/src/main/scala/rocket/IDecode.scala;generators/rocket-chip/src/main/scala/rocket/Instructions.scala;generators/rocket-chip/src/main/scala/tile/FPU.scala
fcvt.d.wu,D,RV32;RV64,hdl,0,14,14,0,0,generators/boom/src/main/scala/v3/exu/decode.scala;generators/boom/src/main/scala/v4/exu/decode.scala;generators/rocket-chip/src/main/scala/rocket/IDecode.scala;generators/rocket-chip/src/main/scala/rocket/Instructions.scala;generators/rocket-chip/src/main/scala/tile/FPU.scala
fcvt.l.d,D,RV64,hdl,0,14,14,0,0,generators/boom/src/main/scala/v3/exu/decode.scala;generators/boom/src/main/scala/v4/exu/decode.scala;generators/rocket-chip/src/main/scala/rocket/IDecode.scala;generators/rocket-chip/src/main/scala/rocket/Instructions.scala;generators/rocket-chip/src/main/scala/tile/FPU.scala
fcvt.l.s,F,RV64,hdl,0,14,14,0,0,generators/boom/src/main/scala/v3/exu/decode.scala;generators/boom/src/main/scala/v4/exu/decode.scala;generators/rocket-chip/src/main/scala/rocket/IDecode.scala;generators/rocket-chip/src/main/scala/rocket/Instructions.scala;generators/rocket-chip/src/main/scala/tile/FPU.scala
fcvt.lu.d,D,RV64,hdl,0,14,14,0,0,generators/boom/src/main/scala/v3/exu/decode.scala;generators/boom/src/main/scala/v4/exu/decode.scala;generators/rocket-chip/src/main/scala/rocket/IDecode.scala;generators/rocket-chip/src/main/scala/rocket/Instructions.scala;generators/rocket-chip/src/main/scala/tile/FPU.scala
fcvt.lu.s,F,RV64,hdl,0,14,14,0,0,generators/boom/src/main/scala/v3/exu/decode.scala;generators/boom/src/main/scala/v4/exu/decode.scala;generators/rocket-chip/src/main/scala/rocket/IDecode.scala;generators/rocket-chip/src/main/scala/rocket/Instructions.scala;generators/rocket-chip/src/main/scala/tile/FPU.scala
fcvt.s.l,F,RV64,hdl,0,14,14,0,0,generators/boom/src/main/scala/v3/exu/decode.scala;generators/boom/src/main/scala/v4/exu/decode.scala;generators/rocket-chip/src/main/scala/rocket/IDecode.scala;generators/rocket-chip/src/main/scala/rocket/Instructions.scala;generators/rocket-chip/src/main/scala/tile/FPU.scala
fcvt.s.lu,F,RV64,hdl,0,14,14,0,0,generators/boom/src/main/scala/v3/exu/decode.scala;generators/boom/src/main/scala/v4/exu/decode.scala;generators/rocket-chip/src/main/scala/rocket/IDecode.scala;generators/rocket-chip/src/main/scala/rocket/Instructions.scala;generators/rocket-chip/src/main/scala/tile/FPU.scala
fcvt.s.w,F,RV32;RV64,hdl,0,14,14,0,0,generators/boom/src/main/scala/v3/exu/decode.scala;generators/boom/src/main/scala/v4/exu/decode.scala;generators/rocket-chip/src/main/scala/rocket/IDecode.scala;generators/rocket-chip/src/main/scala/rocket/Instructions.scala;generators/rocket-chip/src/main/scala/tile/FPU.scala
fcvt.s.wu,F,RV32;RV64,hdl,0,14,14,0,0,generators/boom/src/main/scala/v3/exu/decode.scala;generators/boom/src/main/scala/v4/exu/decode.scala;generators/rocket-chip/src/main/scala/rocket/IDecode.scala;generators/rocket-chip/src/main/scala/rocket/Instructions.scala;generators/rocket-chip/src/main/scala/tile/FPU.scala
fcvt.w.d,D,RV32;RV64,hdl,0,14,14,0,0,generators/boom/src/main/scala/v3/exu/decode.scala;generators/boom/src/main/scala/v4/exu/decode.scala;generators/rocket-chip/src/main/scala/rocket/IDecode.scala;generators/rocket-chip/src/main/scala/rocket/Instructions.scala;generators/rocket-chip/src/main/scala/tile/FPU.scala
fcvt.w.s,F,RV32;RV64,hdl,0,14,14,0,0,generators/boom/src/main/scala/v3/exu/decode.scala;generators/boom/src/main/scala/v4/exu/decode.scala;generators/rocket-chip/src/main/scala/rocket/IDecode.scala;generators/rocket-chip/src/main/scala/rocket/Instructions.scala;generators/rocket-chip/src/main/scala/tile/FPU.scala
fcvt.wu.d,D,RV32;RV64,hdl,0,14,14,0,0,generators/boom/src/main/scala/v3/exu/decode.scala;generators/boom/src/main/scala/v4/exu/decode.scala;generators/rocket-chip/src/main/scala/rocket/IDecode.scala;generators/rocket-chip/src/main/scala/rocket/Instructions.scala;generators/rocket-chip/src/main/scala/tile/FPU.scala
fcvt.wu.s,F,RV32;RV64,hdl,0,14,14,0,0,generators/boom/src/main/scala/v3/exu/decode.scala;generators/boom/src/main/scala/v4/exu/decode.scala;generators/rocket-chip/src/main/scala/rocket/IDecode.scala;generators/rocket-chip/src/main/scala/rocket/Instructions.scala;generators/rocket-chip/src/main/scala/tile/FPU.scala
fence.i,Zifencei,RV32;RV64,asm;hdl,1,13,14,0,0,generators/boom/src/main/scala/v3/common/consts.scala;generators/boom/src/main/scala/v3/exu/decode.scala;generators/boom/src/main/scala/v4/exu/decode.scala;generators/rocket-chip/src/main/scala/rocket/IDecode.scala;generators/rocket-chip/src/main/scala/rocket/Instructions.scala
feq.d,D,RV32;RV64,hdl,0,14,14,0,0,generators/boom/src/main/scala/v3/exu/decode.scala;generators/boom/src/main/scala/v4/exu/decode.scala;generators/rocket-chip/src/main/scala/rocket/IDecode.scala;generators/rocket-chip/src/main/scala/rocket/Instructions.scala;generators/rocket-chip/src/main/scala/tile/FPU.scala
feq.s,F,RV32;RV64,hdl,0,14,14,0,0,generators/boom/src/main/scala/v3/exu/decode.scala;generators/boom/src/main/scala/v4/exu/decode.scala;generators/rocket-chip/src/main/scala/rocket/IDecode.scala;generators/rocket-chip/src/main/scala/rocket/Instructions.scala;generators/rocket-chip/src/main/scala/tile/FPU.scala
fle.d,D,RV32;RV64,hdl,0,14,14,0,0,generators/boom/src/main/scala/v3/exu/decode.scala;generators/boom/src/main/scala/v4/exu/decode.scala;generators/rocket-chip/src/main/scala/rocket/IDecode.scala;generators/rocket-chip/src/main/scala/rocket/Instructions.scala;generators/rocket-chip/src/main/scala/tile/FPU.scala
fle.s,F,RV32;RV64,hdl,0,14,14,0,0,generators/boom/src/main/scala/v3/exu/decode.scala;generators/boom/src/main/scala/v4/exu/decode.scala;generators/rocket-chip/src/main/scala/rocket/IDecode.scala;generators/rocket-chip/src/main/scala/rocket/Instructions.scala;generators/rocket-chip/src/main/scala/tile/FPU.scala
flt.d,D,RV32;RV64,hdl,0,14,14,0,0,generators/boom/src/main/scala/v3/exu/decode.scala;generators/boom/src/main/scala/v4/exu/decode.scala;generators/rocket-chip/src/main/scala/rocket/IDecode.scala;generators/rocket-chip/src/main/scala/rocket/Instructions.scala;generators/rocket-chip/src/main/scala/tile/FPU.scala
flt.s,F,RV32;RV64,hdl,0,14,14,0,0,generators/boom/src/main/scala/v3/exu/decode.scala;generators/boom/src/main/scala/v4/exu/decode.scala;generators/rocket-chip/src/main/scala/rocket/IDecode.scala;generators/rocket-chip/src/main/scala/rocket/Instructions.scala;generators/rocket-chip/src/main/scala/tile/FPU.scala
fmax.d,D,RV32;RV64,hdl,0,14,14,0,0,generators/boom/src/main/scala/v3/exu/decode.scala;generators/boom/src/main/scala/v4/exu/decode.scala;generators/rocket-chip/src/main/scala/rocket/IDecode.scala;generators/rocket-chip/src/main/scala/rocket/Instructions.scala;generators/rocket-chip/src/main/scala/tile/FPU.scala
fmax.s,F,RV32;RV64,hdl,0,14,14,0,0,generators/boom/src/main/scala/v3/exu/decode.scala;generators/boom/src/main/scala/v4/exu/decode.scala;generators/rocket-chip/src/main/scala/rocket/IDecode.scala;generators/rocket-chip/src/main/scala/rocket/Instructions.scala;generators/rocket-chip/src/main/scala/tile/FPU.scala
fmin.d,D,RV32;RV64,hdl,0,14,14,0,0,generators/boom/src/main/scala/v3/exu/decode.scala;generators/boom/src/main/scala/v4/exu/decode.scala;generators/rocket-chip/src/main/scala/rocket/IDecode.scala;generators/rocket-chip/src/main/scala/rocket/Instructions.scala;generators/rocket-chip/src/main/scala/tile/FPU.scala
fmin.s,F,RV32;RV64,hdl,0,14,14,0,0,generators/boom/src/main/scala/v3/exu/decode.scala;generators/boom/src/main/scala/v4/exu/decode.scala;generators/rocket-chip/src/main/scala/rocket/IDecode.scala;generators/rocket-chip/src/main/scala/rocket/Instructions.scala;generators/rocket-chip/src/main/scala/tile/FPU.scala
fsgnjn.d,D,RV32;RV64,hdl,0,14,14,0,0,generators/boom/src/main/scala/v3/exu/decode.scala;generators/boom/src/main/scala/v4/exu/decode.scala;generators/rocket-chip/src/main/scala/rocket/IDecode.scala;generators/rocket-chip/src/main/scala/rocket/Instructions.scala;generators/rocket-chip/src/main/scala/tile/FPU.scala
fsgnjn.s,F,RV32;RV64,hdl,0,14,14,0,0,generators/boom/src/main/scala/v3/exu/decode.scala;generators/boom/src/main/scala/v4/exu/decode.scala;generators/rocket-chip/src/main/scala/rocket/IDecode.scala;generators/rocket-chip/src/main/scala/rocket/Instructions.scala;generators/rocket-chip/src/main/scala/tile/FPU.scala
fsgnjx.d,D,RV32;RV64,hdl,0,14,14,0,0,generators/boom/src/main/scala/v3/exu/decode.scala;generators/boom/src/main/scala/v4/exu/decode.scala;generators/rocket-chip/src/main/scala/rocket/IDecode.scala;generators/rocket-chip/src/main/scala/rocket/Instructions.scala;generators/rocket-chip/src/main/scala/tile/FPU.scala
fsgnjx.s,F,RV32;RV64,hdl,0,14,14,0,0,generators/boom/src/main/scala/v3/exu/decode.scala;generators/boom/src/main/scala/v4/exu/decode.scala;generators/rocket-chip/src/main/scala/rocket/IDecode.scala;generators/rocket-chip/src/main/scala/rocket/Instructions.scala;generators/rocket-chip/src/main/scala/tile/FPU.scala
lhu,I,RV32;RV64,hdl,0,14,14,0,0,generators/boom/src/main/scala/v3/exu/decode.scala;generators/boom/src/main/scala/v4/exu/decode.scala;generators/rocket-chip/src/main/scala/rocket/IDecode.scala;generators/rocket-chip/src/main/scala/rocket/Instructions.scala;generators/rocket-chip/src/main/scala/system/RocketTestSuite.scala
lwu,I,RV64,hdl,0,14,14,0,0,generators/boom/src/main/scala/v3/exu/decode.scala;generators/boom/src/main/scala/v4/exu/decode.scala;generators/rocket-chip/src/main/scala/rocket/IDecode.scala;generators/rocket-chip/src/main/scala/rocket/Instructions.scala;generators/rocket-chip/src/main/scala/system/RocketTestSuite.scala
orn,B,RV32;RV64,hdl,0,14,14,0,0,generators/boom/src/main/scala/v4/exu/decode.scala;generators/rocket-chip/src/main/scala/rocket/ALU.scala;generators/rocket-chip/src/main/scala/rocket/IDecode.scala;generators/rocket-chip/src/main/scala/rocket/Instructions.scala;generators/rocket-chip/src/main/scala/system/RocketTestSuite.scala
xnor,B,RV32;RV64,hdl,0,14,14,0,0,generators/boom/src/main/scala/v4/exu/decode.scala;generators/rocket-chip/src/main/scala/rocket/ALU.scala;generators/rocket-chip/src/main/scala/rocket/IDecode.scala;generators/rocket-chip/src/main/scala/rocket/Instructions.scala;generators/rocket-chip/src/main/scala/system/RocketTestSuite.scala
amoor.w,Zaamo,RV32;RV64,asm;hdl,1,12,13,0,0,generators/boom/src/main/scala/v3/exu/decode.scala;generators/boom/src/main/scala/v4/exu/decode.scala;generators/rocket-chip/src/main/scala/rocket/IDecode.scala;generators/rocket-chip/src/main/scala/rocket/Instructions.scala;tools/torture/generator/src/main/scala/SeqMem.scala
csrrwi,Zicsr,RV32;RV64,hdl,0,13,13,0,0,generators/boom/src/main/scala/v3/common/consts.scala;generators/boom/src/main/scala/v3/exu/decode.scala;generators/boom/src/main/scala/v3/exu/register-read/func-unit-decode.scala;generators/boom/src/main/scala/v4/exu/decode.scala;generators/rocket-chip/src/main/scala/rocket/IDecode.scala
amoadd.d,Zaamo,RV64,hdl,0,12,12,0,0,generators/boom/src/main/scala/v3/exu/decode.scala;generators/boom/src/main/scala/v4/exu/decode.scala;generators/rocket-chip/src/main/scala/rocket/IDecode.scala;generators/rocket-chip/src/main/scala/rocket/Instructions.scala;tools/torture/generator/src/main/scala/SeqMem.scala
amoadd.w,Zaamo,RV32;RV64,hdl,0,12,12,0,0,generators/boom/src/main/scala/v3/exu/decode.scala;generators/boom/src/main/scala/v4/exu/decode.scala;generators/rocket-chip/src/main/scala/rocket/IDecode.scala;generators/rocket-chip/src/main/scala/rocket/Instructions.scala;tools/torture/generator/src/main/scala/SeqMem.scala
amoand.d,Zaamo,RV64,hdl,0,12,12,0,0,generators/boom/src/main/scala/v3/exu/decode.scala;generators/boom/src/main/scala/v4/exu/decode.scala;generators/rocket-chip/src/main/scala/rocket/IDecode.scala;generators/rocket-chip/src/main/scala/rocket/Instructions.scala;tools/torture/generator/src/main/scala/SeqMem.scala
amoand.w,Zaamo,RV32;RV64,hdl,0,12,12,0,0,generators/boom/src/main/scala/v3/exu/decode.scala;generators/boom/src/main/scala/v4/exu/decode.scala;generators/rocket-chip/src/main/scala/rocket/IDecode.scala;generators/rocket-chip/src/main/scala/rocket/Instructions.scala;tools/torture/generator/src/main/scala/SeqMem.scala
amomax.d,Zaamo,RV64,hdl,0,12,12,0,0,generators/boom/src/main/scala/v3/exu/decode.scala;generators/boom/src/main/scala/v4/exu/decode.scala;generators/rocket-chip/src/main/scala/rocket/IDecode.scala;generators/rocket-chip/src/main/scala/rocket/Instructions.scala;tools/torture/generator/src/main/scala/SeqMem.scala
amomax.w,Zaamo,RV32;RV64,hdl,0,12,12,0,0,generators/boom/src/main/scala/v3/exu/decode.scala;generators/boom/src/main/scala/v4/exu/decode.scala;generators/rocket-chip/src/main/scala/rocket/IDecode.scala;generators/rocket-chip/src/main/scala/rocket/Instructions.scala;tools/torture/generator/src/main/scala/SeqMem.scala
amomaxu.d,Zaamo,RV64,hdl,0,12,12,0,0,generators/boom/src/main/scala/v3/exu/decode.scala;generators/boom/src/main/scala/v4/exu/decode.scala;generators/rocket-chip/src/main/scala/rocket/IDecode.scala;generators/rocket-chip/src/main/scala/rocket/Instructions.scala;tools/torture/generator/src/main/scala/SeqMem.scala
amomaxu.w,Zaamo,RV32;RV64,hdl,0,12,12,0,0,generators/boom/src/main/scala/v3/exu/decode.scala;generators/boom/src/main/scala/v4/exu/decode.scala;generators/rocket-chip/src/main/scala/rocket/IDecode.scala;generators/rocket-chip/src/main/scala/rocket/Instructions.scala;tools/torture/generator/src/main/scala/SeqMem.scala
amomin.d,Zaamo,RV64,hdl,0,12,12,0,0,generators/boom/src/main/scala/v3/exu/decode.scala;generators/boom/src/main/scala/v4/exu/decode.scala;generators/rocket-chip/src/main/scala/rocket/IDecode.scala;generators/rocket-chip/src/main/scala/rocket/Instructions.scala;tools/torture/generator/src/main/scala/SeqMem.scala
amomin.w,Zaamo,RV32;RV64,hdl,0,12,12,0,0,generators/boom/src/main/scala/v3/exu/decode.scala;generators/boom/src/main/scala/v4/exu/decode.scala;generators/rocket-chip/src/main/scala/rocket/IDecode.scala;generators/rocket-chip/src/main/scala/rocket/Instructions.scala;tools/torture/generator/src/main/scala/SeqMem.scala
amominu.d,Zaamo,RV64,hdl,0,12,12,0,0,generators/boom/src/main/scala/v3/exu/decode.scala;generators/boom/src/main/scala/v4/exu/decode.scala;generators/rocket-chip/src/main/scala/rocket/IDecode.scala;generators/rocket-chip/src/main/scala/rocket/Instructions.scala;tools/torture/generator/src/main/scala/SeqMem.scala
amominu.w,Zaamo,RV32;RV64,hdl,0,12,12,0,0,generators/boom/src/main/scala/v3/exu/decode.scala;generators/boom/src/main/scala/v4/exu/decode.scala;generators/rocket-chip/src/main/scala/rocket/IDecode.scala;generators/rocket-chip/src/main/scala/rocket/Instructions.scala;tools/torture/generator/src/main/scala/SeqMem.scala
amoor.d,Zaamo,RV64,hdl,0,12,12,0,0,generators/boom/src/main/scala/v3/exu/decode.scala;generators/boom/src/main/scala/v4/exu/decode.scala;generators/rocket-chip/src/main/scala/rocket/IDecode.scala;generators/rocket-chip/src/main/scala/rocket/Instructions.scala;tools/torture/generator/src/main/scala/SeqMem.scala
amoswap.d,Zaamo,RV64,hdl,0,12,12,0,0,generators/boom/src/main/scala/v3/exu/decode.scala;generators/boom/src/main/scala/v4/exu/decode.scala;generators/rocket-chip/src/main/scala/rocket/IDecode.scala;generators/rocket-chip/src/main/scala/rocket/Instructions.scala;tools/torture/generator/src/main/scala/SeqMem.scala
amoswap.w,Zaamo,RV32;RV64,hdl,0,12,12,0,0,generators/boom/src/main/scala/v3/exu/decode.scala;generators/boom/src/main/scala/v4/exu/decode.scala;generators/rocket-chip/src/main/scala/rocket/IDecode.scala;generators/rocket-chip/src/main/scala/rocket/Instructions.scala;tools/torture/generator/src/main/scala/SeqMem.scala
csrrc,Zicsr,RV32;RV64,hdl,0,12,12,0,0,generators/boom/src/main/scala/v3/common/consts.scala;generators/boom/src/main/scala/v3/exu/decode.scala;generators/boom/src/main/scala/v3/exu/register-read/func-unit-decode.scala;generators/boom/src/main/scala/v4/exu/decode.scala;generators/rocket-chip/src/main/scala/rocket/IDecode.scala
csrrs,Zicsr,RV32;RV64,hdl,0,12,12,0,0,generators/boom/src/main/scala/v3/common/consts.scala;generators/boom/src/main/scala/v3/exu/decode.scala;generators/boom/src/main/scala/v3/exu/register-read/func-unit-decode.scala;generators/boom/src/main/scala/v4/exu/decode.scala;generators/rocket-chip/src/main/scala/rocket/IDecode.scala
sfence.vma,S,RV32;RV64,hdl,0,12,12,0,0,generators/boom/src/main/scala/v3/exu/decode.scala;generators/boom/src/main/scala/v4/exu/decode.scala;generators/rocket-chip/src/main/scala/rocket/CSR.scala;generators/rocket-chip/src/main/scala/rocket/IDecode.scala;generators/rocket-chip/src/main/scala/rocket/Instructions.scala
amoxor.d,Zaamo,RV64,hdl,0,11,11,0,0,generators/boom/src/main/scala/v3/exu/decode.scala;generators/boom/src/main/scala/v4/exu/decode.scala;generators/rocket-chip/src/main/scala/rocket/IDecode.scala;generators/rocket-chip/src/main/scala/rocket/Instructions.scala;tools/torture/generator/src/main/scala/Inst.scala
amoxor.w,Zaamo,RV32;RV64,hdl,0,11,11,0,0,generators/boom/src/main/scala/v3/exu/decode.scala;generators/boom/src/main/scala/v4/exu/decode.scala;generators/rocket-chip/src/main/scala/rocket/IDecode.scala;generators/rocket-chip/src/main/scala/rocket/Instructions.scala;tools/torture/generator/src/main/scala/Inst.scala
rev8,B,RV32;RV64,hdl,0,11,11,0,0,generators/boom/src/main/scala/v4/exu/decode.scala;generators/rocket-chip/src/main/scala/rocket/IDecode.scala;generators/rocket-chip/src/main/scala/rocket/Instructions.scala;generators/rocket-chip/src/main/scala/rocket/Instructions32.scala;generators/rocket-chip/src/main/scala/system/RocketTestSuite.scala
bclri,Zbs,RV32;RV64,hdl,0,10,10,0,0,generators/boom/src/main/scala/v4/exu/decode.scala;generators/rocket-chip/src/main/scala/rocket/IDecode.scala;generators/rocket-chip/src/main/scala/rocket/Instructions.scala;generators/rocket-chip/src/main/scala/rocket/Instructions32.scala;generators/rocket-chip/src/main/scala/system/RocketTestSuite.scala
binvi,Zbs,RV32;RV64,hdl,0,10,10,0,0,generators/boom/src/main/scala/v4/exu/decode.scala;generators/rocket-chip/src/main/scala/rocket/IDecode.scala;generators/rocket-chip/src/main/scala/rocket/Instructions.scala;generators/rocket-chip/src/main/scala/rocket/Instructions32.scala;generators/rocket-chip/src/main/scala/system/RocketTestSuite.scala
bseti,Zbs,RV32;RV64,hdl,0,10,10,0,0,generators/boom/src/main/scala/v4/exu/decode.scala;generators/rocket-chip/src/main/scala/rocket/IDecode.scala;generators/rocket-chip/src/main/scala/rocket/Instructions.scala;generators/rocket-chip/src/main/scala/rocket/Instructions32.scala;generators/rocket-chip/src/main/scala/system/RocketTestSuite.scala
zext.h,Zbb,RV32;RV64,hdl,0,10,10,0,0,generators/boom/src/main/scala/v4/exu/decode.scala;generators/rocket-chip/src/main/scala/rocket/IDecode.scala;generators/rocket-chip/src/main/scala/rocket/Instructions.scala;generators/rocket-chip/src/main/scala/rocket/Instructions32.scala
bexti,Zbs,RV32;RV64,hdl,0,9,9,0,0,generators/boom/src/main/scala/v4/exu/decode.scala;generators/rocket-chip/src/main/scala/rocket/IDecode.scala;generators/rocket-chip/src/main/scala/rocket/Instructions.scala;generators/rocket-chip/src/main/scala/rocket/Instructions32.scala;generators/rocket-chip/src/main/scala/system/RocketTestSuite.scala
rori,B,RV32;RV64,hdl,0,9,9,0,0,generators/boom/src/main/scala/v4/exu/decode.scala;generators/rocket-chip/src/main/scala/rocket/IDecode.scala;generators/rocket-chip/src/main/scala/rocket/Instructions.scala;generators/rocket-chip/src/main/scala/rocket/Instructions32.scala;generators/rocket-chip/src/main/scala/system/RocketTestSuite.scala
vsetvl,Zvl32b,RV32;RV64,hdl,0,9,9,0,0,generators/rocket-chip/src/main/scala/rocket/IDecode.scala;generators/rocket-chip/src/main/scala/rocket/Instructions.scala;generators/rocket-chip/src/main/scala/rocket/RocketCore.scala;generators/shuttle/src/main/scala/exu/Core.scala;tools/torture/generator/src/main/scala/Inst.scala
bclr,Zbs,RV32;RV64,hdl,0,8,8,0,0,generators/boom/src/main/scala/v4/exu/decode.scala;generators/rocket-chip/src/main/scala/rocket/IDecode.scala;generators/rocket-chip/src/main/scala/rocket/Instructions.scala;generators/rocket-chip/src/main/scala/system/RocketTestSuite.scala
binv,Zbs,RV32;RV64,hdl,0,8,8,0,0,generators/boom/src/main/scala/v4/exu/decode.scala;generators/rocket-chip/src/main/scala/rocket/IDecode.scala;generators/rocket-chip/src/main/scala/rocket/Instructions.scala;generators/rocket-chip/src/main/scala/system/RocketTestSuite.scala
bset,Zbs,RV32;RV64,hdl,0,8,8,0,0,generators/boom/src/main/scala/v4/exu/decode.scala;generators/rocket-chip/src/main/scala/rocket/IDecode.scala;generators/rocket-chip/src/main/scala/rocket/Instructions.scala;generators/rocket-chip/src/main/scala/system/RocketTestSuite.scala
clz,Zbb,RV32;RV64,hdl,0,8,8,0,0,generators/boom/src/main/scala/v4/exu/decode.scala;generators/rocket-chip/src/main/scala/rocket/ALU.scala;generators/rocket-chip/src/main/scala/rocket/IDecode.scala;generators/rocket-chip/src/main/scala/rocket/Instructions.scala;generators/rocket-chip/src/main/scala/system/RocketTestSuite.scala
cpop,Zbb,RV32;RV64,hdl,0,8,8,0,0,generators/boom/src/main/scala/v4/exu/decode.scala;generators/rocket-chip/src/main/scala/rocket/ALU.scala;generators/rocket-chip/src/main/scala/rocket/IDecode.scala;generators/rocket-chip/src/main/scala/rocket/Instructions.scala;generators/rocket-chip/src/main/scala/system/RocketTestSuite.scala
ctz,Zbb,RV32;RV64,hdl,0,8,8,0,0,generators/boom/src/main/scala/v4/exu/decode.scala;generators/rocket-chip/src/main/scala/rocket/ALU.scala;generators/rocket-chip/src/main/scala/rocket/IDecode.scala;generators/rocket-chip/src/main/scala/rocket/Instructions.scala;generators/rocket-chip/src/main/scala/system/RocketTestSuite.scala
lr.d,Zalrsc,RV64,hdl,0,8,8,0,0,generators/boom/src/main/scala/v3/exu/decode.scala;generators/boom/src/main/scala/v4/exu/decode.scala;generators/rocket-chip/src/main/scala/rocket/IDecode.scala;generators/rocket-chip/src/main/scala/rocket/Instructions.scala
lr.w,Zalrsc,RV32;RV64,hdl,0,8,8,0,0,generators/boom/src/main/scala/v3/exu/decode.scala;generators/boom/src/main/scala/v4/exu/decode.scala;generators/rocket-chip/src/main/scala/rocket/IDecode.scala;generators/rocket-chip/src/main/scala/rocket/Instructions.scala
sc.d,Zalrsc,RV64,hdl,0,8,8,0,0,generators/boom/src/main/scala/v3/exu/decode.scala;generators/boom/src/main/scala/v4/exu/decode.scala;generators/rocket-chip/src/main/scala/rocket/IDecode.scala;generators/rocket-chip/src/main/scala/rocket/Instructions.scala
sc.w,Zalrsc,RV32;RV64,hdl,0,8,8,0,0,generators/boom/src/main/scala/v3/exu/decode.scala;generators/boom/src/main/scala/v4/exu/decode.scala;generators/rocket-chip/src/main/scala/rocket/IDecode.scala;generators/rocket-chip/src/main/scala/rocket/Instructions.scala
sh1add,Zba,RV32;RV64,hdl,0,8,8,0,0,generators/boom/src/main/scala/v4/exu/decode.scala;generators/rocket-chip/src/main/scala/rocket/IDecode.scala;generators/rocket-chip/src/main/scala/rocket/Instructions.scala;generators/rocket-chip/src/main/scala/system/RocketTestSuite.scala
sh2add,Zba,RV32;RV64,hdl,0,8,8,0,0,generators/boom/src/main/scala/v4/exu/decode.scala;generators/rocket-chip/src/main/scala/rocket/IDecode.scala;generators/rocket-chip/src/main/scala/rocket/Instructions.scala;generators/rocket-chip/src/main/scala/system/RocketTestSuite.scala
sh3add,Zba,RV32;RV64,hdl,0,8,8,0,0,generators/boom/src/main/scala/v4/exu/decode.scala;generators/rocket-chip/src/main/scala/rocket/IDecode.scala;generators/rocket-chip/src/main/scala/rocket/Instructions.scala;generators/rocket-chip/src/main/scala/system/RocketTestSuite.scala
add.uw,Zba,RV64,hdl,0,7,7,0,0,generators/boom/src/main/scala/v4/exu/decode.scala;generators/rocket-chip/src/main/scala/rocket/IDecode.scala;generators/rocket-chip/src/main/scala/rocket/Instructions.scala
clzw,Zbb,RV64,hdl,0,7,7,0,0,generators/boom/src/main/scala/v4/exu/decode.scala;generators/rocket-chip/src/main/scala/rocket/IDecode.scala;generators/rocket-chip/src/main/scala/rocket/Instructions.scala;generators/rocket-chip/src/main/scala/system/RocketTestSuite.scala
cpopw,Zbb,RV64,hdl,0,7,7,0,0,generators/boom/src/main/scala/v4/exu/decode.scala;generators/rocket-chip/src/main/scala/rocket/IDecode.scala;generators/rocket-chip/src/main/scala/rocket/Instructions.scala;generators/rocket-chip/src/main/scala/system/RocketTestSuite.scala
ctzw,Zbb,RV64,hdl,0,7,7,0,0,generators/boom/src/main/scala/v4/exu/decode.scala;generators/rocket-chip/src/main/scala/rocket/IDecode.scala;generators/rocket-chip/src/main/scala/rocket/Instructions.scala;generators/rocket-chip/src/main/scala/system/RocketTestSuite.scala
rolw,B,RV64,hdl,0,7,7,0,0,generators/boom/src/main/scala/v4/exu/decode.scala;generators/rocket-chip/src/main/scala/rocket/IDecode.scala;generators/rocket-chip/src/main/scala/rocket/Instructions.scala;generators/rocket-chip/src/main/scala/system/RocketTestSuite.scala
roriw,B,RV64,hdl,0,7,7,0,0,generators/boom/src/main/scala/v4/exu/decode.scala;generators/rocket-chip/src/main/scala/rocket/IDecode.scala;generators/rocket-chip/src/main/scala/rocket/Instructions.scala;generators/rocket-chip/src/main/scala/system/RocketTestSuite.scala
sh1add.uw,Zba,RV64,hdl,0,7,7,0,0,generators/boom/src/main/scala/v4/exu/decode.scala;generators/rocket-chip/src/main/scala/rocket/IDecode.scala;generators/rocket-chip/src/main/scala/rocket/Instructions.scala
sh2add.uw,Zba,RV64,hdl,0,7,7,0,0,generators/boom/src/main/scala/v4/exu/decode.scala;generators/rocket-chip/src/main/scala/rocket/IDecode.scala;generators/rocket-chip/src/main/scala/rocket/Instructions.scala
sh3add.uw,Zba,RV64,hdl,0,7,7,0,0,generators/boom/src/main/scala/v4/exu/decode.scala;generators/rocket-chip/src/main/scala/rocket/IDecode.scala;generators/rocket-chip/src/main/scala/rocket/Instructions.scala
slli.uw,Zba,RV64,hdl,0,7,7,0,0,generators/boom/src/main/scala/v4/exu/decode.scala;generators/rocket-chip/src/main/scala/rocket/IDecode.scala;generators/rocket-chip/src/main/scala/rocket/Instructions.scala
fadd.h,Zfh,RV32;RV64,hdl,0,6,6,0,0,generators/rocket-chip/src/main/scala/rocket/IDecode.scala;generators/rocket-chip/src/main/scala/rocket/Instructions.scala;generators/rocket-chip/src/main/scala/tile/FPU.scala
fclass.h,Zfh,RV32;RV64,hdl,0,6,6,0,0,generators/rocket-chip/src/main/scala/rocket/IDecode.scala;generators/rocket-chip/src/main/scala/rocket/Instructions.scala;generators/rocket-chip/src/main/scala/tile/FPU.scala
fcvt.d.h,Zfh,RV32;RV64,hdl,0,6,6,0,0,generators/rocket-chip/src/main/scala/rocket/IDecode.scala;generators/rocket-chip/src/main/scala/rocket/Instructions.scala;generators/rocket-chip/src/main/scala/tile/FPU.scala
fcvt.h.d,Zfh,RV32;RV64,hdl,0,6,6,0,0,generators/rocket-chip/src/main/scala/rocket/IDecode.scala;generators/rocket-chip/src/main/scala/rocket/Instructions.scala;generators/rocket-chip/src/main/scala/tile/FPU.scala
fcvt.h.l,Zfh,RV64,hdl,0,6,6,0,0,generators/rocket-chip/src/main/scala/rocket/IDecode.scala;generators/rocket-chip/src/main/scala/rocket/Instructions.scala;generators/rocket-chip/src/main/scala/tile/FPU.scala
fcvt.h.lu,Zfh,RV64,hdl,0,6,6,0,0,generators/rocket-chip/src/main/scala/rocket/IDecode.scala;generators/rocket-chip/src/main/scala/rocket/Instructions.scala;generators/rocket-chip/src/main/scala/tile/FPU.scala
fcvt.h.s,Zfh,RV32;RV64,hdl,0,6,6,0,0,generators/rocket-chip/src/main/scala/rocket/IDecode.scala;generators/rocket-chip/src/main/scala/rocket/Instructions.scala;generators/rocket-chip/src/main/scala/tile/FPU.scala
fcvt.h.w,Zfh,RV32;RV64,hdl,0,6,6,0,0,generators/rocket-chip/src/main/scala/rocket/IDecode.scala;generators/rocket-chip/src/main/scala/rocket/Instructions.scala;generators/rocket-chip/src/main/scala/tile/FPU.scala
fcvt.h.wu,Zfh,RV32;RV64,hdl,0,6,6,0,0,generators/rocket-chip/src/main/scala/rocket/IDecode.scala;generators/rocket-chip/src/main/scala/rocket/Instructions.scala;generators/rocket-chip/src/main/scala/tile/FPU.scala
fcvt.l.h,Zfh,RV64,hdl,0,6,6,0,0,generators/rocket-chip/src/main/scala/rocket/IDecode.scala;generators/rocket-chip/src/main/scala/rocket/Instructions.scala;generators/rocket-chip/src/main/scala/tile/FPU.scala
fcvt.lu.h,Zfh,RV64,hdl,0,6,6,0,0,generators/rocket-chip/src/main/scala/rocket/IDecode.scala;generators/rocket-chip/src/main/scala/rocket/Instructions.scala;generators/rocket-chip/src/main/scala/tile/FPU.scala
fcvt.s.h,Zfh,RV32;RV64,hdl,0,6,6,0,0,generators/rocket-chip/src/main/scala/rocket/IDecode.scala;generators/rocket-chip/src/main/scala/rocket/Instructions.scala;generators/rocket-chip/src/main/scala/tile/FPU.scala
fcvt.w.h,Zfh,RV32;RV64,hdl,0,6,6,0,0,generators/rocket-chip/src/main/scala/rocket/IDecode.scala;generators/rocket-chip/src/main/scala/rocket/Instructions.scala;generators/rocket-chip/src/main/scala/tile/FPU.scala
fcvt.wu.h,Zfh,RV32;RV64,hdl,0,6,6,0,0,generators/rocket-chip/src/main/scala/rocket/IDecode.scala;generators/rocket-chip/src/main/scala/rocket/Instructions.scala;generators/rocket-chip/src/main/scala/tile/FPU.scala
fdiv.h,Zfh,RV32;RV64,hdl,0,6,6,0,0,generators/rocket-chip/src/main/scala/rocket/IDecode.scala;generators/rocket-chip/src/main/scala/rocket/Instructions.scala;generators/rocket-chip/src/main/scala/tile/FPU.scala
feq.h,Zfh,RV32;RV64,hdl,0,6,6,0,0,generators/rocket-chip/src/main/scala/rocket/IDecode.scala;generators/rocket-chip/src/main/scala/rocket/Instructions.scala;generators/rocket-chip/src/main/scala/tile/FPU.scala
fle.h,Zfh,RV32;RV64,hdl,0,6,6,0,0,generators/rocket-chip/src/main/scala/rocket/IDecode.scala;generators/rocket-chip/src/main/scala/rocket/Instructions.scala;generators/rocket-chip/src/main/scala/tile/FPU.scala
flh,Zfhmin,RV32;RV64,hdl,0,6,6,0,0,generators/rocket-chip/src/main/scala/rocket/IDecode.scala;generators/rocket-chip/src/main/scala/rocket/Instructions.scala;generators/rocket-chip/src/main/scala/tile/FPU.scala
flt.h,Zfh,RV32;RV64,hdl,0,6,6,0,0,generators/rocket-chip/src/main/scala/rocket/IDecode.scala;generators/rocket-chip/src/main/scala/rocket/Instructions.scala;generators/rocket-chip/src/main/scala/tile/FPU.scala
fmadd.h,Zfh,RV32;RV64,hdl,0,6,6,0,0,generators/rocket-chip/src/main/scala/rocket/IDecode.scala;generators/rocket-chip/src/main/scala/rocket/Instructions.scala;generators/rocket-chip/src/main/scala/tile/FPU.scala
fmax.h,Zfh,RV32;RV64,hdl,0,6,6,0,0,generators/rocket-chip/src/main/scala/rocket/IDecode.scala;generators/rocket-chip/src/main/scala/rocket/Instructions.scala;generators/rocket-chip/src/main/scala/tile/FPU.scala
fmin.h,Zfh,RV32;RV64,hdl,0,6,6,0,0,generators/rocket-chip/src/main/scala/rocket/IDecode.scala;generators/rocket-chip/src/main/scala/rocket/Instructions.scala;generators/rocket-chip/src/main/scala/tile/FPU.scala
fmsub.h,Zfh,RV32;RV64,hdl,0,6,6,0,0,generators/rocket-chip/src/main/scala/rocket/IDecode.scala;generators/rocket-chip/src/main/scala/rocket/Instructions.scala;generators/rocket-chip/src/main/scala/tile/FPU.scala
fmul.h,Zfh,RV32;RV64,hdl,0,6,6,0,0,generators/rocket-chip/src/main/scala/rocket/IDecode.scala;generators/rocket-chip/src/main/scala/rocket/Instructions.scala;generators/rocket-chip/src/main/scala/tile/FPU.scala
fmv.h.x,Zfhmin,RV32;RV64,hdl,0,6,6,0,0,generators/rocket-chip/src/main/scala/rocket/IDecode.scala;generators/rocket-chip/src/main/scala/rocket/Instructions.scala;generators/rocket-chip/src/main/scala/tile/FPU.scala
fmv.x.h,Zfhmin,RV32;RV64,hdl,0,6,6,0,0,generators/rocket-chip/src/main/scala/rocket/IDecode.scala;generators/rocket-chip/src/main/scala/rocket/Instructions.scala;generators/rocket-chip/src/main/scala/tile/FPU.scala
fnmadd.h,Zfh,RV32;RV64,hdl,0,6,6,0,0,generators/rocket-chip/src/main/scala/rocket/IDecode.scala;generators/rocket-chip/src/main/scala/rocket/Instructions.scala;generators/rocket-chip/src/main/scala/tile/FPU.scala
fnmsub.h,Zfh,RV32;RV64,hdl,0,6,6,0,0,generators/rocket-chip/src/main/scala/rocket/IDecode.scala;generators/rocket-chip/src/main/scala/rocket/Instructions.scala;generators/rocket-chip/src/main/scala/tile/FPU.scala
fsgnj.h,Zfh,RV32;RV64,hdl,0,6,6,0,0,generators/rocket-chip/src/main/scala/rocket/IDecode.scala;generators/rocket-chip/src/main/scala/rocket/Instructions.scala;generators/rocket-chip/src/main/scala/tile/FPU.scala
fsgnjn.h,Zfh,RV32;RV64,hdl,0,6,6,0,0,generators/rocket-chip/src/main/scala/rocket/IDecode.scala;generators/rocket-chip/src/main/scala/rocket/Instructions.scala;generators/rocket-chip/src/main/scala/tile/FPU.scala
fsgnjx.h,Zfh,RV32;RV64,hdl,0,6,6,0,0,generators/rocket-chip/src/main/scala/rocket/IDecode.scala;generators/rocket-chip/src/main/scala/rocket/Instructions.scala;generators/rocket-chip/src/main/scala/tile/FPU.scala
fsh,Zfhmin,RV32;RV64,hdl,0,6,6,0,0,generators/rocket-chip/src/main/scala/rocket/IDecode.scala;generators/rocket-chip/src/main/scala/rocket/Instructions.scala;generators/rocket-chip/src/main/scala/tile/FPU.scala
fsqrt.h,Zfh,RV32;RV64,hdl,0,6,6,0,0,generators/rocket-chip/src/main/scala/rocket/IDecode.scala;generators/rocket-chip/src/main/scala/rocket/Instructions.scala;generators/rocket-chip/src/main/scala/tile/FPU.scala
fsub.h,Zfh,RV32;RV64,hdl,0,6,6,0,0,generators/rocket-chip/src/main/scala/rocket/IDecode.scala;generators/rocket-chip/src/main/scala/rocket/Instructions.scala;generators/rocket-chip/src/main/scala/tile/FPU.scala
hfence.gvma,H,RV32;RV64,hdl,0,6,6,0,0,generators/rocket-chip/src/main/scala/rocket/CSR.scala;generators/rocket-chip/src/main/scala/rocket/IDecode.scala;generators/rocket-chip/src/main/scala/rocket/Instructions.scala
hfence.vvma,H,RV32;RV64,hdl,0,6,6,0,0,generators/rocket-chip/src/main/scala/rocket/CSR.scala;generators/rocket-chip/src/main/scala/rocket/IDecode.scala;generators/rocket-chip/src/main/scala/rocket/Instructions.scala
mnret,Smrnmi,RV32;RV64,hdl,0,6,6,0,0,generators/rocket-chip/src/main/scala/rocket/CSR.scala;generators/rocket-chip/src/main/scala/rocket/CustomInstructions.scala;generators/rocket-chip/src/main/scala/rocket/IDecode.scala
orc.b,Zbb,RV32;RV64,hdl,0,6,6,0,0,generators/boom/src/main/scala/v4/exu/decode.scala;generators/rocket-chip/src/main/scala/rocket/IDecode.scala;generators/rocket-chip/src/main/scala/rocket/Instructions.scala
rorw,B,RV64,hdl,0,6,6,0,0,generators/boom/src/main/scala/v4/exu/decode.scala;generators/rocket-chip/src/main/scala/rocket/IDecode.scala;generators/rocket-chip/src/main/scala/rocket/Instructions.scala
sext.b,Zbb,RV32;RV64,hdl,0,6,6,0,0,generators/boom/src/main/scala/v4/exu/decode.scala;generators/rocket-chip/src/main/scala/rocket/IDecode.scala;generators/rocket-chip/src/main/scala/rocket/Instructions.scala
sext.h,Zbb,RV32;RV64,hdl,0,6,6,0,0,generators/boom/src/main/scala/v4/exu/decode.scala;generators/rocket-chip/src/main/scala/rocket/IDecode.scala;generators/rocket-chip/src/main/scala/rocket/Instructions.scala
vsetivli,Zvl32b,RV32;RV64,hdl,0,6,6,0,0,generators/rocket-chip/src/main/scala/rocket/IDecode.scala;generators/rocket-chip/src/main/scala/rocket/Instructions.scala;generators/rocket-chip/src/main/scala/rocket/RocketCore.scala;generators/shuttle/src/main/scala/exu/Core.scala
vsetvli,Zvl32b,RV32;RV64,hdl,0,6,6,0,0,generators/rocket-chip/src/main/scala/rocket/IDecode.scala;generators/rocket-chip/src/main/scala/rocket/Instructions.scala;generators/rocket-chip/src/main/scala/rocket/RocketCore.scala;generators/shuttle/src/main/scala/exu/Core.scala
hlv.b,H,RV32;RV64,hdl,0,5,5,0,0,generators/rocket-chip/src/main/scala/rocket/CSR.scala;generators/rocket-chip/src/main/scala/rocket/IDecode.scala;generators/rocket-chip/src/main/scala/rocket/Instructions.scala
hlv.bu,H,RV32;RV64,hdl,0,5,5,0,0,generators/rocket-chip/src/main/scala/rocket/CSR.scala;generators/rocket-chip/src/main/scala/rocket/IDecode.scala;generators/rocket-chip/src/main/scala/rocket/Instructions.scala
hlv.d,H,RV64,hdl,0,5,5,0,0,generators/rocket-chip/src/main/scala/rocket/CSR.scala;generators/rocket-chip/src/main/scala/rocket/IDecode.scala;generators/rocket-chip/src/main/scala/rocket/Instructions.scala
hlv.h,H,RV32;RV64,hdl,0,5,5,0,0,generators/rocket-chip/src/main/scala/rocket/CSR.scala;generators/rocket-chip/src/main/scala/rocket/IDecode.scala;generators/rocket-chip/src/main/scala/rocket/Instructions.scala
hlv.hu,H,RV32;RV64,hdl,0,5,5,0,0,generators/rocket-chip/src/main/scala/rocket/CSR.scala;generators/rocket-chip/src/main/scala/rocket/IDecode.scala;generators/rocket-chip/src/main/scala/rocket/Instructions.scala
hlv.w,H,RV32;RV64,hdl,0,5,5,0,0,generators/rocket-chip/src/main/scala/rocket/CSR.scala;generators/rocket-chip/src/main/scala/rocket/IDecode.scala;generators/rocket-chip/src/main/scala/rocket/Instructions.scala
hlv.wu,H,RV64,hdl,0,5,5,0,0,generators/rocket-chip/src/main/scala/rocket/CSR.scala;generators/rocket-chip/src/main/scala/rocket/IDecode.scala;generators/rocket-chip/src/main/scala/rocket/Instructions.scala
hlvx.hu,H,RV32;RV64,hdl,0,5,5,0,0,generators/rocket-chip/src/main/scala/rocket/CSR.scala;generators/rocket-chip/src/main/scala/rocket/IDecode.scala;generators/rocket-chip/src/main/scala/rocket/Instructions.scala
hlvx.wu,H,RV32;RV64,hdl,0,5,5,0,0,generators/rocket-chip/src/main/scala/rocket/CSR.scala;generators/rocket-chip/src/main/scala/rocket/IDecode.scala;generators/rocket-chip/src/main/scala/rocket/Instructions.scala
hsv.b,H,RV32;RV64,hdl,0,5,5,0,0,generators/rocket-chip/src/main/scala/rocket/CSR.scala;generators/rocket-chip/src/main/scala/rocket/IDecode.scala;generators/rocket-chip/src/main/scala/rocket/Instructions.scala
hsv.d,H,RV64,hdl,0,5,5,0,0,generators/rocket-chip/src/main/scala/rocket/CSR.scala;generators/rocket-chip/src/main/scala/rocket/IDecode.scala;generators/rocket-chip/src/main/scala/rocket/Instructions.scala
hsv.h,H,RV32;RV64,hdl,0,5,5,0,0,generators/rocket-chip/src/main/scala/rocket/CSR.scala;generators/rocket-chip/src/main/scala/rocket/IDecode.scala;generators/rocket-chip/src/main/scala/rocket/Instructions.scala
hsv.w,H,RV32;RV64,hdl,0,5,5,0,0,generators/rocket-chip/src/main/scala/rocket/CSR.scala;generators/rocket-chip/src/main/scala/rocket/IDecode.scala;generators/rocket-chip/src/main/scala/rocket/Instructions.scala
pack,Zbkb,RV32;RV64,hdl,0,5,5,0,0,fpga/fpga-shells/src/main/scala/ip/xilinx/Unisim.scala;fpga/fpga-shells/src/main/scala/shell/xilinx/SPIFlashXilinxOverlay.scala;generators/rocket-chip/src/main/scala/rocket/Instructions.scala;tools/fixedpoint/src/test/scala/BundleLiteralSpec.scala
pause,Zihintpause,RV32;RV64,hdl,0,5,5,0,0,generators/rocket-chip/src/main/scala/jtag/JtagStateMachine.scala;tools/rocket-dsp-utils/src/main/scala/freechips/rocketchip/jtag2mm/JtagStateMachine.scala;tools/rocket-dsp-utils/src/test/scala/sam/SAMSpec.scala
c.li,Zca,RV32;RV64,hdl,0,4,4,0,0,generators/rocket-chip/src/main/scala/rocket/Instructions.scala;tools/firrtl2/src/main/scala/firrtl2/backends/experimental/smt/FirrtlToTransitionSystem.scala;tools/stage-chisel7/src/main/scala/ChipyardStage.scala;tools/stage/src/main/scala/ChipyardStage.scala
czero.eqz,Zicond,RV32;RV64,hdl,0,4,4,0,0,generators/rocket-chip/src/main/scala/rocket/IDecode.scala;generators/rocket-chip/src/main/scala/rocket/Instructions.scala
czero.nez,Zicond,RV32;RV64,hdl,0,4,4,0,0,generators/rocket-chip/src/main/scala/rocket/IDecode.scala;generators/rocket-chip/src/main/scala/rocket/Instructions.scala
vfmv.f.s,Zvl32b,RV32;RV64,hdl,0,4,4,0,0,generators/rocket-chip/src/main/scala/rocket/Instructions.scala;generators/rocket-chip/src/main/scala/tile/FPU.scala
zip,Zbkb,RV32,hdl,0,3,2,1,0,generators/rocket-chip/src/main/scala/rocket/Instructions32.scala;sims/firesim/sim/midas/src/main/scala/midas/widgets/PlusArgsBridge.scala
aes32dsi,Zknd,RV32,hdl,0,2,2,0,0,generators/rocket-chip/src/main/scala/rocket/Instructions32.scala
aes32dsmi,Zknd,RV32,hdl,0,2,2,0,0,generators/rocket-chip/src/main/scala/rocket/Instructions32.scala
aes32esi,Zkne,RV32,hdl,0,2,2,0,0,generators/rocket-chip/src/main/scala/rocket/Instructions32.scala
aes32esmi,Zkne,RV32,hdl,0,2,2,0,0,generators/rocket-chip/src/main/scala/rocket/Instructions32.scala
aes64ds,Zknd,RV64,hdl,0,2,2,0,0,generators/rocket-chip/src/main/scala/rocket/Instructions.scala
aes64dsm,Zknd,RV64,hdl,0,2,2,0,0,generators/rocket-chip/src/main/scala/rocket/Instructions.scala
aes64es,Zkne,RV64,hdl,0,2,2,0,0,generators/rocket-chip/src/main/scala/rocket/Instructions.scala
aes64esm,Zkne,RV64,hdl,0,2,2,0,0,generators/rocket-chip/src/main/scala/rocket/Instructions.scala
aes64im,Zknd,RV64,hdl,0,2,2,0,0,generators/rocket-chip/src/main/scala/rocket/Instructions.scala
aes64ks1i,Zkn,RV64,hdl,0,2,2,0,0,generators/rocket-chip/src/main/scala/rocket/Instructions.scala
aes64ks2,Zkn,RV64,hdl,0,2,2,0,0,generators/rocket-chip/src/main/scala/rocket/Instructions.scala
brev8,Zbkb,RV32;RV64,hdl,0,2,2,0,0,generators/rocket-chip/src/main/scala/rocket/Instructions.scala
c.j,Zca,RV32;RV64,hdl,0,2,2,0,0,fpga/fpga-shells/src/main/scala/ip/microsemi/polarfire_pcie_rootport/PolarFirePCIeRootPort.scala;generators/rocket-chip/src/main/scala/rocket/Instructions.scala
c.slli,Zca,RV32;RV64,hdl,0,2,2,0,0,generators/rocket-chip/src/main/scala/rocket/Instructions.scala;generators/rocket-chip/src/main/scala/rocket/Instructions32.scala
c.srai,Zca,RV32;RV64,hdl,0,2,2,0,0,generators/rocket-chip/src/main/scala/rocket/Instructions.scala;generators/rocket-chip/src/main/scala/rocket/Instructions32.scala
c.srli,Zca,RV32;RV64,hdl,0,2,2,0,0,generators/rocket-chip/src/main/scala/rocket/Instructions.scala;generators/rocket-chip/src/main/scala/rocket/Instructions32.scala
cbo.clean,Zicbom,RV32;RV64,hdl,0,2,2,0,0,generators/rocket-chip/src/main/scala/rocket/Instructions.scala
cbo.flush,Zicbom,RV32;RV64,hdl,0,2,2,0,0,generators/rocket-chip/src/main/scala/rocket/Instructions.scala
cbo.inval,Zicbom,RV32;RV64,hdl,0,2,2,0,0,generators/rocket-chip/src/main/scala/rocket/Instructions.scala
cbo.zero,Zicboz,RV32;RV64,hdl,0,2,2,0,0,generators/rocket-chip/src/main/scala/rocket/Instructions.scala
clmul,B,RV32;RV64,hdl,0,2,2,0,0,generators/rocket-chip/src/main/scala/rocket/Instructions.scala
clmulh,B,RV32;RV64,hdl,0,2,2,0,0,generators/rocket-chip/src/main/scala/rocket/Instructions.scala
clmulr,Zbc,RV32;RV64,hdl,0,2,2,0,0,generators/rocket-chip/src/main/scala/rocket/Instructions.scala
fadd.q,Q,RV32;RV64,hdl,0,2,2,0,0,generators/rocket-chip/src/main/scala/rocket/Instructions.scala
fclass.q,Q,RV32;RV64,hdl,0,2,2,0,0,generators/rocket-chip/src/main/scala/rocket/Instructions.scala
fcvt.d.q,Q,RV32;RV64,hdl,0,2,2,0,0,generators/rocket-chip/src/main/scala/rocket/Instructions.scala
fcvt.h.q,Q,RV32;RV64,hdl,0,2,2,0,0,generators/rocket-chip/src/main/scala/rocket/Instructions.scala
fcvt.l.q,Q,RV64,hdl,0,2,2,0,0,generators/rocket-chip/src/main/scala/rocket/Instructions.scala
fcvt.lu.q,Q,RV64,hdl,0,2,2,0,0,generators/rocket-chip/src/main/scala/rocket/Instructions.scala
fcvt.q.d,Q,RV32;RV64,hdl,0,2,2,0,0,generators/rocket-chip/src/main/scala/rocket/Instructions.scala
fcvt.q.h,Q,RV32;RV64,hdl,0,2,2,0,0,generators/rocket-chip/src/main/scala/rocket/Instructions.scala
fcvt.q.l,Q,RV64,hdl,0,2,2,0,0,generators/rocket-chip/src/main/scala/rocket/Instructions.scala
fcvt.q.lu,Q,RV64,hdl,0,2,2,0,0,generators/rocket-chip/src/main/scala/rocket/Instructions.scala
fcvt.q.s,Q,RV32;RV64,hdl,0,2,2,0,0,generators/rocket-chip/src/main/scala/rocket/Instructions.scala
fcvt.q.w,Q,RV32;RV64,hdl,0,2,2,0,0,generators/rocket-chip/src/main/scala/rocket/Instructions.scala
fcvt.q.wu,Q,RV32;RV64,hdl,0,2,2,0,0,generators/rocket-chip/src/main/scala/rocket/Instructions.scala
fcvt.s.q,Q,RV32;RV64,hdl,0,2,2,0,0,generators/rocket-chip/src/main/scala/rocket/Instructions.scala
fcvt.w.q,Q,RV32;RV64,hdl,0,2,2,0,0,generators/rocket-chip/src/main/scala/rocket/Instructions.scala
fcvt.wu.q,Q,RV32;RV64,hdl,0,2,2,0,0,generators/rocket-chip/src/main/scala/rocket/Instructions.scala
fdiv.q,Q,RV32;RV64,hdl,0,2,2,0,0,generators/rocket-chip/src/main/scala/rocket/Instructions.scala
feq.q,Q,RV32;RV64,hdl,0,2,2,0,0,generators/rocket-chip/src/main/scala/rocket/Instructions.scala
fle.q,Q,RV32;RV64,hdl,0,2,2,0,0,generators/rocket-chip/src/main/scala/rocket/Instructions.scala
flq,Q,RV32;RV64,hdl,0,2,2,0,0,generators/rocket-chip/src/main/scala/rocket/Instructions.scala
flt.q,Q,RV32;RV64,hdl,0,2,2,0,0,generators/rocket-chip/src/main/scala/rocket/Instructions.scala
fmadd.q,Q,RV32;RV64,hdl,0,2,2,0,0,generators/rocket-chip/src/main/scala/rocket/Instructions.scala
fmax.q,Q,RV32;RV64,hdl,0,2,2,0,0,generators/rocket-chip/src/main/scala/rocket/Instructions.scala
fmin.q,Q,RV32;RV64,hdl,0,2,2,0,0,generators/rocket-chip/src/main/scala/rocket/Instructions.scala
fmsub.q,Q,RV32;RV64,hdl,0,2,2,0,0,generators/rocket-chip/src/main/scala/rocket/Instructions.scala
fmul.q,Q,RV32;RV64,hdl,0,2,2,0,0,generators/rocket-chip/src/main/scala/rocket/Instructions.scala
fnmadd.q,Q,RV32;RV64,hdl,0,2,2,0,0,generators/rocket-chip/src/main/scala/rocket/Instructions.scala
fnmsub.q,Q,RV32;RV64,hdl,0,2,2,0,0,generators/rocket-chip/src/main/scala/rocket/Instructions.scala
fsgnj.q,Q,RV32;RV64,hdl,0,2,2,0,0,generators/rocket-chip/src/main/scala/rocket/Instructions.scala
fsgnjn.q,Q,RV32;RV64,hdl,0,2,2,0,0,generators/rocket-chip/src/main/scala/rocket/Instructions.scala
fsgnjx.q,Q,RV32;RV64,hdl,0,2,2,0,0,generators/rocket-chip/src/main/scala/rocket/Instructions.scala
fsq,Q,RV32;RV64,hdl,0,2,2,0,0,generators/rocket-chip/src/main/scala/rocket/Instructions.scala
fsqrt.q,Q,RV32;RV64,hdl,0,2,2,0,0,generators/rocket-chip/src/main/scala/rocket/Instructions.scala
fsub.q,Q,RV32;RV64,hdl,0,2,2,0,0,generators/rocket-chip/src/main/scala/rocket/Instructions.scala
hinval.gvma,Svinval,RV32;RV64,hdl,0,2,2,0,0,generators/rocket-chip/src/main/scala/rocket/Instructions.scala
hinval.vvma,Svinval,RV32;RV64,hdl,0,2,2,0,0,generators/rocket-chip/src/main/scala/rocket/Instructions.scala
packh,Zbkb,RV32;RV64,hdl,0,2,2,0,0,generators/rocket-chip/src/main/scala/rocket/Instructions.scala
packw,Zbkb,RV64,hdl,0,2,2,0,0,generators/rocket-chip/src/main/scala/rocket/Instructions.scala
sfence.inval.ir,Svinval,RV32;RV64,hdl,0,2,2,0,0,generators/rocket-chip/src/main/scala/rocket/Instructions.scala
sfence.w.inval,Svinval,RV32;RV64,hdl,0,2,2,0,0,generators/rocket-chip/src/main/scala/rocket/Instructions.scala
sha256sig0,Zknh,RV32;RV64,hdl,0,2,2,0,0,generators/rocket-chip/src/main/scala/rocket/Instructions.scala
sha256sig1,Zknh,RV32;RV64,hdl,0,2,2,0,0,generators/rocket-chip/src/main/scala/rocket/Instructions.scala
sha256sum0,Zknh,RV32;RV64,hdl,0,2,2,0,0,generators/rocket-chip/src/main/scala/rocket/Instructions.scala
sha256sum1,Zknh,RV32;RV64,hdl,0,2,2,0,0,generators/rocket-chip/src/main/scala/rocket/Instructions.scala
sha512sig0,Zknh,RV64,hdl,0,2,2,0,0,generators/rocket-chip/src/main/scala/rocket/Instructions.scala
sha512sig0h,Zknh,RV32,hdl,0,2,2,0,0,generators/rocket-chip/src/main/scala/rocket/Instructions32.scala
sha512sig0l,Zknh,RV32,hdl,0,2,2,0,0,generators/rocket-chip/src/main/scala/rocket/Instructions32.scala
sha512sig1,Zknh,RV64,hdl,0,2,2,0,0,generators/rocket-chip/src/main/scala/rocket/Instructions.scala
sha512sig1h,Zknh,RV32,hdl,0,2,2,0,0,generators/rocket-chip/src/main/scala/rocket/Instructions32.scala
sha512sig1l,Zknh,RV32,hdl,0,2,2,0,0,generators/rocket-chip/src/main/scala/rocket/Instructions32.scala
sha512sum0,Zknh,RV64,hdl,0,2,2,0,0,generators/rocket-chip/src/main/scala/rocket/Instructions.scala
sha512sum0r,Zknh,RV32,hdl,0,2,2,0,0,generators/rocket-chip/src/main/scala/rocket/Instructions32.scala
sha512sum1,Zknh,RV64,hdl,0,2,2,0,0,generators/rocket-chip/src/main/scala/rocket/Instructions.scala
sha512sum1r,Zknh,RV32,hdl,0,2,2,0,0,generators/rocket-chip/src/main/scala/rocket/Instructions32.scala
sinval.vma,Svinval,RV32;RV64,hdl,0,2,2,0,0,generators/rocket-chip/src/main/scala/rocket/Instructions.scala
sm3p0,Zksh,RV32;RV64,hdl,0,2,2,0,0,generators/rocket-chip/src/main/scala/rocket/Instructions.scala
sm3p1,Zksh,RV32;RV64,hdl,0,2,2,0,0,generators/rocket-chip/src/main/scala/rocket/Instructions.scala
sm4ed,Zksed,RV32;RV64,hdl,0,2,2,0,0,generators/rocket-chip/src/main/scala/rocket/Instructions.scala
sm4ks,Zksed,RV32;RV64,hdl,0,2,2,0,0,generators/rocket-chip/src/main/scala/rocket/Instructions.scala
unzip,Zbkb,RV32,hdl,0,2,2,0,0,generators/rocket-chip/src/main/scala/rocket/Instructions32.scala
vaadd.vv,Zvl32b,RV32;RV64,hdl,0,2,2,0,0,generators/rocket-chip/src/main/scala/rocket/Instructions.scala
vaadd.vx,Zvl32b,RV32;RV64,hdl,0,2,2,0,0,generators/rocket-chip/src/main/scala/rocket/Instructions.scala
vaaddu.vv,Zvl32b,RV32;RV64,hdl,0,2,2,0,0,generators/rocket-chip/src/main/scala/rocket/Instructions.scala
vaaddu.vx,Zvl32b,RV32;RV64,hdl,0,2,2,0,0,generators/rocket-chip/src/main/scala/rocket/Instructions.scala
vadc.vim,Zvl32b,RV32;RV64,hdl,0,2,2,0,0,generators/rocket-chip/src/main/scala/rocket/Instructions.scala
vadc.vvm,Zvl32b,RV32;RV64,hdl,0,2,2,0,0,generators/rocket-chip/src/main/scala/rocket/Instructions.scala
vadc.vxm,Zvl32b,RV32;RV64,hdl,0,2,2,0,0,generators/rocket-chip/src/main/scala/rocket/Instructions.scala
vadd.vi,Zvl32b,RV32;RV64,hdl,0,2,2,0,0,generators/rocket-chip/src/main/scala/rocket/Instructions.scala
vadd.vv,Zvl32b,RV32;RV64,hdl,0,2,2,0,0,generators/rocket-chip/src/main/scala/rocket/Instructions.scala
vadd.vx,Zvl32b,RV32;RV64,hdl,0,2,2,0,0,generators/rocket-chip/src/main/scala/rocket/Instructions.scala
vand.vi,Zvl32b,RV32;RV64,hdl,0,2,2,0,0,generators/rocket-chip/src/main/scala/rocket/Instructions.scala
vand.vv,Zvl32b,RV32;RV64,hdl,0,2,2,0,0,generators/rocket-chip/src/main/scala/rocket/Instructions.scala
vand.vx,Zvl32b,RV32;RV64,hdl,0,2,2,0,0,generators/rocket-chip/src/main/scala/rocket/Instructions.scala
vasub.vv,Zvl32b,RV32;RV64,hdl,0,2,2,0,0,generators/rocket-chip/src/main/scala/rocket/Instructions.scala
vasub.vx,Zvl32b,RV32;RV64,hdl,0,2,2,0,0,generators/rocket-chip/src/main/scala/rocket/Instructions.scala
vasubu.vv,Zvl32b,RV32;RV64,hdl,0,2,2,0,0,generators/rocket-chip/src/main/scala/rocket/Instructions.scala
vasubu.vx,Zvl32b,RV32;RV64,hdl,0,2,2,0,0,generators/rocket-chip/src/main/scala/rocket/Instructions.scala
vcompress.vm,Zvl32b,RV32;RV64,hdl,0,2,2,0,0,generators/rocket-chip/src/main/scala/rocket/Instructions.scala
vcpop.m,Zvl32b,RV32;RV64,hdl,0,2,2,0,0,generators/rocket-chip/src/main/scala/rocket/Instructions.scala
vdiv.vv,Zvl32b,RV32;RV64,hdl,0,2,2,0,0,generators/rocket-chip/src/main/scala/rocket/Instructions.scala
vdiv.vx,Zvl32b,RV32;RV64,hdl,0,2,2,0,0,generators/rocket-chip/src/main/scala/rocket/Instructions.scala
vdivu.vv,Zvl32b,RV32;RV64,hdl,0,2,2,0,0,generators/rocket-chip/src/main/scala/rocket/Instructions.scala
vdivu.vx,Zvl32b,RV32;RV64,hdl,0,2,2,0,0,generators/rocket-chip/src/main/scala/rocket/Instructions.scala
vfadd.vf,Zvl32b,RV32;RV64,hdl,0,2,2,0,0,generators/rocket-chip/src/main/scala/rocket/Instructions.scala
vfadd.vv,Zvl32b,RV32;RV64,hdl,0,2,2,0,0,generators/rocket-chip/src/main/scala/rocket/Instructions.scala
vfclass.v,Zvl32b,RV32;RV64,hdl,0,2,2,0,0,generators/rocket-chip/src/main/scala/rocket/Instructions.scala
vfcvt.f.x.v,Zvl32b,RV32;RV64,hdl,0,2,2,0,0,generators/rocket-chip/src/main/scala/rocket/Instructions.scala
vfcvt.f.xu.v,Zvl32b,RV32;RV64,hdl,0,2,2,0,0,generators/rocket-chip/src/main/scala/rocket/Instructions.scala
vfcvt.rtz.x.f.v,Zvl32b,RV32;RV64,hdl,0,2,2,0,0,generators/rocket-chip/src/main/scala/rocket/Instructions.scala
vfcvt.rtz.xu.f.v,Zvl32b,RV32;RV64,hdl,0,2,2,0,0,generators/rocket-chip/src/main/scala/rocket/Instructions.scala
vfcvt.x.f.v,Zvl32b,RV32;RV64,hdl,0,2,2,0,0,generators/rocket-chip/src/main/scala/rocket/Instructions.scala
vfcvt.xu.f.v,Zvl32b,RV32;RV64,hdl,0,2,2,0,0,generators/rocket-chip/src/main/scala/rocket/Instructions.scala
vfdiv.vf,Zvl32b,RV32;RV64,hdl,0,2,2,0,0,generators/rocket-chip/src/main/scala/rocket/Instructions.scala
vfdiv.vv,Zvl32b,RV32;RV64,hdl,0,2,2,0,0,generators/rocket-chip/src/main/scala/rocket/Instructions.scala
vfirst.m,Zvl32b,RV32;RV64,hdl,0,2,2,0,0,generators/rocket-chip/src/main/scala/rocket/Instructions.scala
vfmacc.vf,Zvl32b,RV32;RV64,hdl,0,2,2,0,0,generators/rocket-chip/src/main/scala/rocket/Instructions.scala
vfmacc.vv,Zvl32b,RV32;RV64,hdl,0,2,2,0,0,generators/rocket-chip/src/main/scala/rocket/Instructions.scala
vfmadd.vf,Zvl32b,RV32;RV64,hdl,0,2,2,0,0,generators/rocket-chip/src/main/scala/rocket/Instructions.scala
vfmadd.vv,Zvl32b,RV32;RV64,hdl,0,2,2,0,0,generators/rocket-chip/src/main/scala/rocket/Instructions.scala
vfmax.vf,Zvl32b,RV32;RV64,hdl,0,2,2,0,0,generators/rocket-chip/src/main/scala/rocket/Instructions.scala
vfmax.vv,Zvl32b,RV32;RV64,hdl,0,2,2,0,0,generators/rocket-chip/src/main/scala/rocket/Instructions.scala
vfmerge.vfm,Zvl32b,RV32;RV64,hdl,0,2,2,0,0,generators/rocket-chip/src/main/scala/rocket/Instructions.scala
vfmin.vf,Zvl32b,RV32;RV64,hdl,0,2,2,0,0,generators/rocket-chip/src/main/scala/rocket/Instructions.scala
vfmin.vv,Zvl32b,RV32;RV64,hdl,0,2,2,0,0,generators/rocket-chip/src/main/scala/rocket/Instructions.scala
vfmsac.vf,Zvl32b,RV32;RV64,hdl,0,2,2,0,0,generators/rocket-chip/src/main/scala/rocket/Instructions.scala
vfmsac.vv,Zvl32b,RV32;RV64,hdl,0,2,2,0,0,generators/rocket-chip/src/main/scala/rocket/Instructions.scala
vfmsub.vf,Zvl32b,RV32;RV64,hdl,0,2,2,0,0,generators/rocket-chip/src/main/scala/rocket/Instructions.scala
vfmsub.vv,Zvl32b,RV32;RV64,hdl,0,2,2,0,0,generators/rocket-chip/src/main/scala/rocket/Instructions.scala
vfmul.vf,Zvl32b,RV32;RV64,hdl,0,2,2,0,0,generators/rocket-chip/src/main/scala/rocket/Instructions.scala
vfmul.vv,Zvl32b,RV32;RV64,hdl,0,2,2,0,0,generators/rocket-chip/src/main/scala/rocket/Instructions.scala
vfmv.s.f,Zvl32b,RV32;RV64,hdl,0,2,2,0,0,generators/rocket-chip/src/main/scala/rocket/Instructions.scala
vfmv.v.f,Zvl32b,RV32;RV64,hdl,0,2,2,0,0,generators/rocket-chip/src/main/scala/rocket/Instructions.scala
vfncvt.f.f.w,Zvl32b,RV32;RV64,hdl,0,2,2,0,0,generators/rocket-chip/src/main/scala/rocket/Instructions.scala
vfncvt.f.x.w,Zvl32b,RV32;RV64,hdl,0,2,2,0,0,generators/rocket-chip/src/main/scala/rocket/Instructions.scala
vfncvt.f.xu.w,Zvl32b,RV32;RV64,hdl,0,2,2,0,0,generators/rocket-chip/src/main/scala/rocket/Instructions.scala
vfncvt.rod.f.f.w,Zvl32b,RV32;RV64,hdl,0,2,2,0,0,generators/rocket-chip/src/main/scala/rocket/Instructions.scala
vfncvt.rtz.x.f.w,Zvl32b,RV32;RV64,hdl,0,2,2,0,0,generators/rocket-chip/src/main/scala/rocket/Instructions.scala
vfncvt.rtz.xu.f.w,Zvl32b,RV32;RV64,hdl,0,2,2,0,0,generators/rocket-chip/src/main/scala/rocket/Instructions.scala
vfncvt.x.f.w,Zvl32b,RV32;RV64,hdl,0,2,2,0,0,generators/rocket-chip/src/main/scala/rocket/Instructions.scala
vfncvt.xu.f.w,Zvl32b,RV32;RV64,hdl,0,2,2,0,0,generators/rocket-chip/src/main/scala/rocket/Instructions.scala
vfnmacc.vf,Zvl32b,RV32;RV64,hdl,0,2,2,0,0,generators/rocket-chip/src/main/scala/rocket/Instructions.scala
vfnmacc.vv,Zvl32b,RV32;RV64,hdl,0,2,2,0,0,generators/rocket-chip/src/main/scala/rocket/Instructions.scala
vfnmadd.vf,Zvl32b,RV32;RV64,hdl,0,2,2,0,0,generators/rocket-chip/src/main/scala/rocket/Instructions.scala
vfnmadd.vv,Zvl32b,RV32;RV64,hdl,0,2,2,0,0,generators/rocket-chip/src/main/scala/rocket/Instructions.scala
vfnmsac.vf,Zvl32b,RV32;RV64,hdl,0,2,2,0,0,generators/rocket-chip/src/main/scala/rocket/Instructions.scala
vfnmsac.vv,Zvl32b,RV32;RV64,hdl,0,2,2,0,0,generators/rocket-chip/src/main/scala/rocket/Instructions.scala
vfnmsub.vf,Zvl32b,RV32;RV64,hdl,0,2,2,0,0,generators/rocket-chip/src/main/scala/rocket/Instructions.scala
vfnmsub.vv,Zvl32b,RV32;RV64,hdl,0,2,2,0,0,generators/rocket-chip/src/main/scala/rocket/Instructions.scala
vfrdiv.vf,Zvl32b,RV32;RV64,hdl,0,2,2,0,0,generators/rocket-chip/src/main/scala/rocket/Instructions.scala
vfrec7.v,Zvl32b,RV32;RV64,hdl,0,2,2,0,0,generators/rocket-chip/src/main/scala/rocket/Instructions.scala
vfredmax.vs,Zvl32b,RV32;RV64,hdl,0,2,2,0,0,generators/rocket-chip/src/main/scala/rocket/Instructions.scala
vfredmin.vs,Zvl32b,RV32;RV64,hdl,0,2,2,0,0,generators/rocket-chip/src/main/scala/rocket/Instructions.scala
vfredosum.vs,Zvl32b,RV32;RV64,hdl,0,2,2,0,0,generators/rocket-chip/src/main/scala/rocket/Instructions.scala
vfredusum.vs,Zvl32b,RV32;RV64,hdl,0,2,2,0,0,generators/rocket-chip/src/main/scala/rocket/Instructions.scala
vfrsqrt7.v,Zvl32b,RV32;RV64,hdl,0,2,2,0,0,generators/rocket-chip/src/main/scala/rocket/Instructions.scala
vfrsub.vf,Zvl32b,RV32;RV64,hdl,0,2,2,0,0,generators/rocket-chip/src/main/scala/rocket/Instructions.scala
vfsgnj.vf,Zvl32b,RV32;RV64,hdl,0,2,2,0,0,generators/rocket-chip/src/main/scala/rocket/Instructions.scala
vfsgnj.vv,Zvl32b,RV32;RV64,hdl,0,2,2,0,0,generators/rocket-chip/src/main/scala/rocket/Instructions.scala
vfsgnjn.vf,Zvl32b,RV32;RV64,hdl,0,2,2,0,0,generators/rocket-chip/src/main/scala/rocket/Instructions.scala
vfsgnjn.vv,Zvl32b,RV32;RV64,hdl,0,2,2,0,0,generators/rocket-chip/src/main/scala/rocket/Instructions.scala
vfsgnjx.vf,Zvl32b,RV32;RV64,hdl,0,2,2,0,0,generators/rocket-chip/src/main/scala/rocket/Instructions.scala
vfsgnjx.vv,Zvl32b,RV32;RV64,hdl,0,2,2,0,0,generators/rocket-chip/src/main/scala/rocket/Instructions.scala
vfslide1down.vf,Zvl32b,RV32;RV64,hdl,0,2,2,0,0,generators/rocket-chip/src/main/scala/rocket/Instructions.scala
vfslide1up.vf,Zvl32b,RV32;RV64,hdl,0,2,2,0,0,generators/rocket-chip/src/main/scala/rocket/Instructions.scala
vfsqrt.v,Zvl32b,RV32;RV64,hdl,0,2,2,0,0,generators/rocket-chip/src/main/scala/rocket/Instructions.scala
vfsub.vf,Zvl32b,RV32;RV64,hdl,0,2,2,0,0,generators/rocket-chip/src/main/scala/rocket/Instructions.scala
vfsub.vv,Zvl32b,RV32;RV64,hdl,0,2,2,0,0,generators/rocket-chip/src/main/scala/rocket/Instructions.scala
vfwadd.vf,Zvl32b,RV32;RV64,hdl,0,2,2,0,0,generators/rocket-chip/src/main/scala/rocket/Instructions.scala
vfwadd.vv,Zvl32b,RV32;RV64,hdl,0,2,2,0,0,generators/rocket-chip/src/main/scala/rocket/Instructions.scala
vfwadd.wf,Zvl32b,RV32;RV64,hdl,0,2,2,0,0,generators/rocket-chip/src/main/scala/rocket/Instructions.scala
vfwadd.wv,Zvl32b,RV32;RV64,hdl,0,2,2,0,0,generators/rocket-chip/src/main/scala/rocket/Instructions.scala
vfwcvt.f.f.v,Zvl32b,RV32;RV64,hdl,0,2,2,0,0,generators/rocket-chip/src/main/scala/rocket/Instructions.scala
vfwcvt.f.x.v,Zvl32b,RV32;RV64,hdl,0,2,2,0,0,generators/rocket-chip/src/main/scala/rocket/Instructions.scala
vfwcvt.f.xu.v,Zvl32b,RV32;RV64,hdl,0,2,2,0,0,generators/rocket-chip/src/main/scala/rocket/Instructions.scala
vfwcvt.rtz.x.f.v,Zvl32b,RV32;RV64,hdl,0,2,2,0,0,generators/rocket-chip/src/main/scala/rocket/Instructions.scala
vfwcvt.rtz.xu.f.v,Zvl32b,RV32;RV64,hdl,0,2,2,0,0,generators/rocket-chip/src/main/scala/rocket/Instructions.scala
vfwcvt.x.f.v,Zvl32b,RV32;RV64,hdl,0,2,2,0,0,generators/rocket-chip/src/main/scala/rocket/Instructions.scala
vfwcvt.xu.f.v,Zvl32b,RV32;RV64,hdl,0,2,2,0,0,generators/rocket-chip/src/main/scala/rocket/Instructions.scala
vfwmacc.vf,Zvl32b,RV32;RV64,hdl,0,2,2,0,0,generators/rocket-chip/src/main/scala/rocket/Instructions.scala
vfwmacc.vv,Zvl32b,RV32;RV64,hdl,0,2,2,0,0,generators/rocket-chip/src/main/scala/rocket/Instructions.scala
vfwmsac.vf,Zvl32b,RV32;RV64,hdl,0,2,2,0,0,generators/rocket-chip/src/main/scala/rocket/Instructions.scala
vfwmsac.vv,Zvl32b,RV32;RV64,hdl,0,2,2,0,0,generators/rocket-chip/src/main/scala/rocket/Instructions.scala
vfwmul.vf,Zvl32b,RV32;RV64,hdl,0,2,2,0,0,generators/rocket-chip/src/main/scala/rocket/Instructions.scala
vfwmul.vv,Zvl32b,RV32;RV64,hdl,0,2,2,0,0,generators/rocket-chip/src/main/scala/rocket/Instructions.scala
vfwnmacc.vf,Zvl32b,RV32;RV64,hdl,0,2,2,0,0,generators/rocket-chip/src/main/scala/rocket/Instructions.scala
vfwnmacc.vv,Zvl32b,RV32;RV64,hdl,0,2,2,0,0,generators/rocket-chip/src/main/scala/rocket/Instructions.scala
vfwnmsac.vf,Zvl32b,RV32;RV64,hdl,0,2,2,0,0,generators/rocket-chip/src/main/scala/rocket/Instructions.scala
vfwnmsac.vv,Zvl32b,RV32;RV64,hdl,0,2,2,0,0,generators/rocket-chip/src/main/scala/rocket/Instructions.scala
vfwredosum.vs,Zvl32b,RV32;RV64,hdl,0,2,2,0,0,generators/rocket-chip/src/main/scala/rocket/Instructions.scala
vfwredusum.vs,Zvl32b,RV32;RV64,hdl,0,2,2,0,0,generators/rocket-chip/src/main/scala/rocket/Instructions.scala
vfwsub.vf,Zvl32b,RV32;RV64,hdl,0,2,2,0,0,generators/rocket-chip/src/main/scala/rocket/Instructions.scala
vfwsub.vv,Zvl32b,RV32;RV64,hdl,0,2,2,0,0,generators/rocket-chip/src/main/scala/rocket/Instructions.scala
vfwsub.wf,Zvl32b,RV32;RV64,hdl,0,2,2,0,0,generators/rocket-chip/src/main/scala/rocket/Instructions.scala
vfwsub.wv,Zvl32b,RV32;RV64,hdl,0,2,2,0,0,generators/rocket-chip/src/main/scala/rocket/Instructions.scala
vid.v,Zvl32b,RV32;RV64,hdl,0,2,2,0,0,generators/rocket-chip/src/main/scala/rocket/Instructions.scala
viota.m,Zvl32b,RV32;RV64,hdl,0,2,2,0,0,generators/rocket-chip/src/main/scala/rocket/Instructions.scala
vl1re16.v,Zvl32b,RV32;RV64,hdl,0,2,2,0,0,generators/rocket-chip/src/main/scala/rocket/Instructions.scala
vl1re32.v,Zvl32b,RV32;RV64,hdl,0,2,2,0,0,generators/rocket-chip/src/main/scala/rocket/Instructions.scala
vl1re64.v,Zvl32b,RV32;RV64,hdl,0,2,2,0,0,generators/rocket-chip/src/main/scala/rocket/Instructions.scala
vl1re8.v,Zvl32b,RV32;RV64,hdl,0,2,2,0,0,generators/rocket-chip/src/main/scala/rocket/Instructions.scala
vl2re16.v,Zvl32b,RV32;RV64,hdl,0,2,2,0,0,generators/rocket-chip/src/main/scala/rocket/Instructions.scala
vl2re32.v,Zvl32b,RV32;RV64,hdl,0,2,2,0,0,generators/rocket-chip/src/main/scala/rocket/Instructions.scala
vl2re64.v,Zvl32b,RV32;RV64,hdl,0,2,2,0,0,generators/rocket-chip/src/main/scala/rocket/Instructions.scala
vl2re8.v,Zvl32b,RV32;RV64,hdl,0,2,2,0,0,generators/rocket-chip/src/main/scala/rocket/Instructions.scala
vl4re16.v,Zvl32b,RV32;RV64,hdl,0,2,2,0,0,generators/rocket-chip/src/main/scala/rocket/Instructions.scala
vl4re32.v,Zvl32b,RV32;RV64,hdl,0,2,2,0,0,generators/rocket-chip/src/main/scala/rocket/Instructions.scala
vl4re64.v,Zvl32b,RV32;RV64,hdl,0,2,2,0,0,generators/rocket-chip/src/main/scala/rocket/Instructions.scala
vl4re8.v,Zvl32b,RV32;RV64,hdl,0,2,2,0,0,generators/rocket-chip/src/main/scala/rocket/Instructions.scala
vl8re16.v,Zvl32b,RV32;RV64,hdl,0,2,2,0,0,generators/rocket-chip/src/main/scala/rocket/Instructions.scala
vl8re32.v,Zvl32b,RV32;RV64,hdl,0,2,2,0,0,generators/rocket-chip/src/main/scala/rocket/Instructions.scala
vl8re64.v,Zvl32b,RV32;RV64,hdl,0,2,2,0,0,generators/rocket-chip/src/main/scala/rocket/Instructions.scala
vl8re8.v,Zvl32b,RV32;RV64,hdl,0,2,2,0,0,generators/rocket-chip/src/main/scala/rocket/Instructions.scala
vle16.v,Zvl32b,RV32;RV64,hdl,0,2,2,0,0,generators/rocket-chip/src/main/scala/rocket/Instructions.scala
vle16ff.v,Zvl32b,RV32;RV64,hdl,0,2,2,0,0,generators/rocket-chip/src/main/scala/rocket/Instructions.scala
vle32.v,Zvl32b,RV32;RV64,hdl,0,2,2,0,0,generators/rocket-chip/src/main/scala/rocket/Instructions.scala
vle32ff.v,Zvl32b,RV32;RV64,hdl,0,2,2,0,0,generators/rocket-chip/src/main/scala/rocket/Instructions.scala
vle64.v,Zvl32b,RV32;RV64,hdl,0,2,2,0,0,generators/rocket-chip/src/main/scala/rocket/Instructions.scala
vle64ff.v,Zvl32b,RV32;RV64,hdl,0,2,2,0,0,generators/rocket-chip/src/main/scala/rocket/Instructions.scala
vle8.v,Zvl32b,RV32;RV64,hdl,0,2,2,0,0,generators/rocket-chip/src/main/scala/rocket/Instructions.scala
vle8ff.v,Zvl32b,RV32;RV64,hdl,0,2,2,0,0,generators/rocket-chip/src/main/scala/rocket/Instructions.scala
vlm.v,Zvl32b,RV32;RV64,hdl,0,2,2,0,0,generators/rocket-chip/src/main/scala/rocket/Instructions.scala
vloxei16.v,Zvl32b,RV32;RV64,hdl,0,2,2,0,0,generators/rocket-chip/src/main/scala/rocket/Instructions.scala
vloxei32.v,Zvl32b,RV32;RV64,hdl,0,2,2,0,0,generators/rocket-chip/src/main/scala/rocket/Instructions.scala
vloxei64.v,Zvl32b,RV32;RV64,hdl,0,2,2,0,0,generators/rocket-chip/src/main/scala/rocket/Instructions.scala
vloxei8.v,Zvl32b,RV32;RV64,hdl,0,2,2,0,0,generators/rocket-chip/src/main/scala/rocket/Instructions.scala
vlse16.v,Zvl32b,RV32;RV64,hdl,0,2,2,0,0,generators/rocket-chip/src/main/scala/rocket/Instructions.scala
vlse32.v,Zvl32b,RV32;RV64,hdl,0,2,2,0,0,generators/rocket-chip/src/main/scala/rocket/Instructions.scala
vlse64.v,Zvl32b,RV32;RV64,hdl,0,2,2,0,0,generators/rocket-chip/src/main/scala/rocket/Instructions.scala
vlse8.v,Zvl32b,RV32;RV64,hdl,0,2,2,0,0,generators/rocket-chip/src/main/scala/rocket/Instructions.scala
vluxei16.v,Zvl32b,RV32;RV64,hdl,0,2,2,0,0,generators/rocket-chip/src/main/scala/rocket/Instructions.scala
vluxei32.v,Zvl32b,RV32;RV64,hdl,0,2,2,0,0,generators/rocket-chip/src/main/scala/rocket/Instructions.scala
vluxei64.v,Zvl32b,RV32;RV64,hdl,0,2,2,0,0,generators/rocket-chip/src/main/scala/rocket/Instructions.scala
vluxei8.v,Zvl32b,RV32;RV64,hdl,0,2,2,0,0,generators/rocket-chip/src/main/scala/rocket/Instructions.scala
vmacc.vv,Zvl32b,RV32;RV64,hdl,0,2,2,0,0,generators/rocket-chip/src/main/scala/rocket/Instructions.scala
vmacc.vx,Zvl32b,RV32;RV64,hdl,0,2,2,0,0,generators/rocket-chip/src/main/scala/rocket/Instructions.scala
vmadc.vi,Zvl32b,RV32;RV64,hdl,0,2,2,0,0,generators/rocket-chip/src/main/scala/rocket/Instructions.scala
vmadc.vim,Zvl32b,RV32;RV64,hdl,0,2,2,0,0,generators/rocket-chip/src/main/scala/rocket/Instructions.scala
vmadc.vv,Zvl32b,RV32;RV64,hdl,0,2,2,0,0,generators/rocket-chip/src/main/scala/rocket/Instructions.scala
vmadc.vvm,Zvl32b,RV32;RV64,hdl,0,2,2,0,0,generators/rocket-chip/src/main/scala/rocket/Instructions.scala
vmadc.vx,Zvl32b,RV32;RV64,hdl,0,2,2,0,0,generators/rocket-chip/src/main/scala/rocket/Instructions.scala
vmadc.vxm,Zvl32b,RV32;RV64,hdl,0,2,2,0,0,generators/rocket-chip/src/main/scala/rocket/Instructions.scala
vmadd.vv,Zvl32b,RV32;RV64,hdl,0,2,2,0,0,generators/rocket-chip/src/main/scala/rocket/Instructions.scala
vmadd.vx,Zvl32b,RV32;RV64,hdl,0,2,2,0,0,generators/rocket-chip/src/main/scala/rocket/Instructions.scala
vmand.mm,Zvl32b,RV32;RV64,hdl,0,2,2,0,0,generators/rocket-chip/src/main/scala/rocket/Instructions.scala
vmandn.mm,Zvl32b,RV32;RV64,hdl,0,2,2,0,0,generators/rocket-chip/src/main/scala/rocket/Instructions.scala
vmax.vv,Zvl32b,RV32;RV64,hdl,0,2,2,0,0,generators/rocket-chip/src/main/scala/rocket/Instructions.scala
vmax.vx,Zvl32b,RV32;RV64,hdl,0,2,2,0,0,generators/rocket-chip/src/main/scala/rocket/Instructions.scala
vmaxu.vv,Zvl32b,RV32;RV64,hdl,0,2,2,0,0,generators/rocket-chip/src/main/scala/rocket/Instructions.scala
vmaxu.vx,Zvl32b,RV32;RV64,hdl,0,2,2,0,0,generators/rocket-chip/src/main/scala/rocket/Instructions.scala
vmerge.vim,Zvl32b,RV32;RV64,hdl,0,2,2,0,0,generators/rocket-chip/src/main/scala/rocket/Instructions.scala
vmerge.vvm,Zvl32b,RV32;RV64,hdl,0,2,2,0,0,generators/rocket-chip/src/main/scala/rocket/Instructions.scala
vmerge.vxm,Zvl32b,RV32;RV64,hdl,0,2,2,0,0,generators/rocket-chip/src/main/scala/rocket/Instructions.scala
vmfeq.vf,Zvl32b,RV32;RV64,hdl,0,2,2,0,0,generators/rocket-chip/src/main/scala/rocket/Instructions.scala
vmfeq.vv,Zvl32b,RV32;RV64,hdl,0,2,2,0,0,generators/rocket-chip/src/main/scala/rocket/Instructions.scala
vmfge.vf,Zvl32b,RV32;RV64,hdl,0,2,2,0,0,generators/rocket-chip/src/main/scala/rocket/Instructions.scala
vmfgt.vf,Zvl32b,RV32;RV64,hdl,0,2,2,0,0,generators/rocket-chip/src/main/scala/rocket/Instructions.scala
vmfle.vf,Zvl32b,RV32;RV64,hdl,0,2,2,0,0,generators/rocket-chip/src/main/scala/rocket/Instructions.scala
vmfle.vv,Zvl32b,RV32;RV64,hdl,0,2,2,0,0,generators/rocket-chip/src/main/scala/rocket/Instructions.scala
vmflt.vf,Zvl32b,RV32;RV64,hdl,0,2,2,0,0,generators/rocket-chip/src/main/scala/rocket/Instructions.scala
vmflt.vv,Zvl32b,RV32;RV64,hdl,0,2,2,0,0,generators/rocket-chip/src/main/scala/rocket/Instructions.scala
vmfne.vf,Zvl32b,RV32;RV64,hdl,0,2,2,0,0,generators/rocket-chip/src/main/scala/rocket/Instructions.scala
vmfne.vv,Zvl32b,RV32;RV64,hdl,0,2,2,0,0,generators/rocket-chip/src/main/scala/rocket/Instructions.scala
vmin.vv,Zvl32b,RV32;RV64,hdl,0,2,2,0,0,generators/rocket-chip/src/main/scala/rocket/Instructions.scala
vmin.vx,Zvl32b,RV32;RV64,hdl,0,2,2,0,0,generators/rocket-chip/src/main/scala/rocket/Instructions.scala
vminu.vv,Zvl32b,RV32;RV64,hdl,0,2,2,0,0,generators/rocket-chip/src/main/scala/rocket/Instructions.scala
vminu.vx,Zvl32b,RV32;RV64,hdl,0,2,2,0,0,generators/rocket-chip/src/main/scala/rocket/Instructions.scala
vmnand.mm,Zvl32b,RV32;RV64,hdl,0,2,2,0,0,generators/rocket-chip/src/main/scala/rocket/Instructions.scala
vmnor.mm,Zvl32b,RV32;RV64,hdl,0,2,2,0,0,generators/rocket-chip/src/main/scala/rocket/Instructions.scala
vmor.mm,Zvl32b,RV32;RV64,hdl,0,2,2,0,0,generators/rocket-chip/src/main/scala/rocket/Instructions.scala
vmorn.mm,Zvl32b,RV32;RV64,hdl,0,2,2,0,0,generators/rocket-chip/src/main/scala/rocket/Instructions.scala
vmsbc.vv,Zvl32b,RV32;RV64,hdl,0,2,2,0,0,generators/rocket-chip/src/main/scala/rocket/Instructions.scala
vmsbc.vvm,Zvl32b,RV32;RV64,hdl,0,2,2,0,0,generators/rocket-chip/src/main/scala/rocket/Instructions.scala
vmsbc.vx,Zvl32b,RV32;RV64,hdl,0,2,2,0,0,generators/rocket-chip/src/main/scala/rocket/Instructions.scala
vmsbc.vxm,Zvl32b,RV32;RV64,hdl,0,2,2,0,0,generators/rocket-chip/src/main/scala/rocket/Instructions.scala
vmsbf.m,Zvl32b,RV32;RV64,hdl,0,2,2,0,0,generators/rocket-chip/src/main/scala/rocket/Instructions.scala
vmseq.vi,Zvl32b,RV32;RV64,hdl,0,2,2,0,0,generators/rocket-chip/src/main/scala/rocket/Instructions.scala
vmseq.vv,Zvl32b,RV32;RV64,hdl,0,2,2,0,0,generators/rocket-chip/src/main/scala/rocket/Instructions.scala
vmseq.vx,Zvl32b,RV32;RV64,hdl,0,2,2,0,0,generators/rocket-chip/src/main/scala/rocket/Instructions.scala
vmsgt.vi,Zvl32b,RV32;RV64,hdl,0,2,2,0,0,generators/rocket-chip/src/main/scala/rocket/Instructions.scala
vmsgt.vx,Zvl32b,RV32;RV64,hdl,0,2,2,0,0,generators/rocket-chip/src/main/scala/rocket/Instructions.scala
vmsgtu.vi,Zvl32b,RV32;RV64,hdl,0,2,2,0,0,generators/rocket-chip/src/main/scala/rocket/Instructions.scala
vmsgtu.vx,Zvl32b,RV32;RV64,hdl,0,2,2,0,0,generators/rocket-chip/src/main/scala/rocket/Instructions.scala
vmsif.m,Zvl32b,RV32;RV64,hdl,0,2,2,0,0,generators/rocket-chip/src/main/scala/rocket/Instructions.scala
vmsle.vi,Zvl32b,RV32;RV64,hdl,0,2,2,0,0,generators/rocket-chip/src/main/scala/rocket/Instructions.scala
vmsle.vv,Zvl32b,RV32;RV64,hdl,0,2,2,0,0,generators/rocket-chip/src/main/scala/rocket/Instructions.scala
vmsle.vx,Zvl32b,RV32;RV64,hdl,0,2,2,0,0,generators/rocket-chip/src/main/scala/rocket/Instructions.scala
vmsleu.vi,Zvl32b,RV32;RV64,hdl,0,2,2,0,0,generators/rocket-chip/src/main/scala/rocket/Instructions.scala
vmsleu.vv,Zvl32b,RV32;RV64,hdl,0,2,2,0,0,generators/rocket-chip/src/main/scala/rocket/Instructions.scala
vmsleu.vx,Zvl32b,RV32;RV64,hdl,0,2,2,0,0,generators/rocket-chip/src/main/scala/rocket/Instructions.scala
vmslt.vv,Zvl32b,RV32;RV64,hdl,0,2,2,0,0,generators/rocket-chip/src/main/scala/rocket/Instructions.scala
vmslt.vx,Zvl32b,RV32;RV64,hdl,0,2,2,0,0,generators/rocket-chip/src/main/scala/rocket/Instructions.scala
vmsltu.vv,Zvl32b,RV32;RV64,hdl,0,2,2,0,0,generators/rocket-chip/src/main/scala/rocket/Instructions.scala
vmsltu.vx,Zvl32b,RV32;RV64,hdl,0,2,2,0,0,generators/rocket-chip/src/main/scala/rocket/Instructions.scala
vmsne.vi,Zvl32b,RV32;RV64,hdl,0,2,2,0,0,generators/rocket-chip/src/main/scala/rocket/Instructions.scala
vmsne.vv,Zvl32b,RV32;RV64,hdl,0,2,2,0,0,generators/rocket-chip/src/main/scala/rocket/Instructions.scala
vmsne.vx,Zvl32b,RV32;RV64,hdl,0,2,2,0,0,generators/rocket-chip/src/main/scala/rocket/Instructions.scala
vmsof.m,Zvl32b,RV32;RV64,hdl,0,2,2,0,0,generators/rocket-chip/src/main/scala/rocket/Instructions.scala
vmul.vv,Zvl32b,RV32;RV64,hdl,0,2,2,0,0,generators/rocket-chip/src/main/scala/rocket/Instructions.scala
vmul.vx,Zvl32b,RV32;RV64,hdl,0,2,2,0,0,generators/rocket-chip/src/main/scala/rocket/Instructions.scala
vmulh.vv,Zvl32b,RV32;RV64,hdl,0,2,2,0,0,generators/rocket-chip/src/main/scala/rocket/Instructions.scala
vmulh.vx,Zvl32b,RV32;RV64,hdl,0,2,2,0,0,generators/rocket-chip/src/main/scala/rocket/Instructions.scala
vmulhsu.vv,Zvl32b,RV32;RV64,hdl,0,2,2,0,0,generators/rocket-chip/src/main/scala/rocket/Instructions.scala
vmulhsu.vx,Zvl32b,RV32;RV64,hdl,0,2,2,0,0,generators/rocket-chip/src/main/scala/rocket/Instructions.scala
vmulhu.vv,Zvl32b,RV32;RV64,hdl,0,2,2,0,0,generators/rocket-chip/src/main/scala/rocket/Instructions.scala
vmulhu.vx,Zvl32b,RV32;RV64,hdl,0,2,2,0,0,generators/rocket-chip/src/main/scala/rocket/Instructions.scala
vmv.s.x,Zvl32b,RV32;RV64,hdl,0,2,2,0,0,generators/rocket-chip/src/main/scala/rocket/Instructions.scala
vmv.v.i,Zvl32b,RV32;RV64,hdl,0,2,2,0,0,generators/rocket-chip/src/main/scala/rocket/Instructions.scala
vmv.v.v,Zvl32b,RV32;RV64,hdl,0,2,2,0,0,generators/rocket-chip/src/main/scala/rocket/Instructions.scala
vmv.v.x,Zvl32b,RV32;RV64,hdl,0,2,2,0,0,generators/rocket-chip/src/main/scala/rocket/Instructions.scala
vmv.x.s,Zvl32b,RV32;RV64,hdl,0,2,2,0,0,generators/rocket-chip/src/main/scala/rocket/Instructions.scala
vmv1r.v,Zvl32b,RV32;RV64,hdl,0,2,2,0,0,generators/rocket-chip/src/main/scala/rocket/Instructions.scala
vmv2r.v,Zvl32b,RV32;RV64,hdl,0,2,2,0,0,generators/rocket-chip/src/main/scala/rocket/Instructions.scala
vmv4r.v,Zvl32b,RV32;RV64,hdl,0,2,2,0,0,generators/rocket-chip/src/main/scala/rocket/Instructions.scala
vmv8r.v,Zvl32b,RV32;RV64,hdl,0,2,2,0,0,generators/rocket-chip/src/main/scala/rocket/Instructions.scala
vmxnor.mm,Zvl32b,RV32;RV64,hdl,0,2,2,0,0,generators/rocket-chip/src/main/scala/rocket/Instructions.scala
vmxor.mm,Zvl32b,RV32;RV64,hdl,0,2,2,0,0,generators/rocket-chip/src/main/scala/rocket/Instructions.scala
vnclip.wi,Zvl32b,RV32;RV64,hdl,0,2,2,0,0,generators/rocket-chip/src/main/scala/rocket/Instructions.scala
vnclip.wv,Zvl32b,RV32;RV64,hdl,0,2,2,0,0,generators/rocket-chip/src/main/scala/rocket/Instructions.scala
vnclip.wx,Zvl32b,RV32;RV64,hdl,0,2,2,0,0,generators/rocket-chip/src/main/scala/rocket/Instructions.scala
vnclipu.wi,Zvl32b,RV32;RV64,hdl,0,2,2,0,0,generators/rocket-chip/src/main/scala/rocket/Instructions.scala
vnclipu.wv,Zvl32b,RV32;RV64,hdl,0,2,2,0,0,generators/rocket-chip/src/main/scala/rocket/Instructions.scala
vnclipu.wx,Zvl32b,RV32;RV64,hdl,0,2,2,0,0,generators/rocket-chip/src/main/scala/rocket/Instructions.scala
vnmsac.vv,Zvl32b,RV32;RV64,hdl,0,2,2,0,0,generators/rocket-chip/src/main/scala/rocket/Instructions.scala
vnmsac.vx,Zvl32b,RV32;RV64,hdl,0,2,2,0,0,generators/rocket-chip/src/main/scala/rocket/Instructions.scala
vnmsub.vv,Zvl32b,RV32;RV64,hdl,0,2,2,0,0,generators/rocket-chip/src/main/scala/rocket/Instructions.scala
vnmsub.vx,Zvl32b,RV32;RV64,hdl,0,2,2,0,0,generators/rocket-chip/src/main/scala/rocket/Instructions.scala
vnsra.wi,Zvl32b,RV32;RV64,hdl,0,2,2,0,0,generators/rocket-chip/src/main/scala/rocket/Instructions.scala
vnsra.wv,Zvl32b,RV32;RV64,hdl,0,2,2,0,0,generators/rocket-chip/src/main/scala/rocket/Instructions.scala
vnsra.wx,Zvl32b,RV32;RV64,hdl,0,2,2,0,0,generators/rocket-chip/src/main/scala/rocket/Instructions.scala
vnsrl.wi,Zvl32b,RV32;RV64,hdl,0,2,2,0,0,generators/rocket-chip/src/main/scala/rocket/Instructions.scala
vnsrl.wv,Zvl32b,RV32;RV64,hdl,0,2,2,0,0,generators/rocket-chip/src/main/scala/rocket/Instructions.scala
vnsrl.wx,Zvl32b,RV32;RV64,hdl,0,2,2,0,0,generators/rocket-chip/src/main/scala/rocket/Instructions.scala
vor.vi,Zvl32b,RV32;RV64,hdl,0,2,2,0,0,generators/rocket-chip/src/main/scala/rocket/Instructions.scala
vor.vv,Zvl32b,RV32;RV64,hdl,0,2,2,0,0,generators/rocket-chip/src/main/scala/rocket/Instructions.scala
vor.vx,Zvl32b,RV32;RV64,hdl,0,2,2,0,0,generators/rocket-chip/src/main/scala/rocket/Instructions.scala
vredand.vs,Zvl32b,RV32;RV64,hdl,0,2,2,0,0,generators/rocket-chip/src/main/scala/rocket/Instructions.scala
vredmax.vs,Zvl32b,RV32;RV64,hdl,0,2,2,0,0,generators/rocket-chip/src/main/scala/rocket/Instructions.scala
vredmaxu.vs,Zvl32b,RV32;RV64,hdl,0,2,2,0,0,generators/rocket-chip/src/main/scala/rocket/Instructions.scala
vredmin.vs,Zvl32b,RV32;RV64,hdl,0,2,2,0,0,generators/rocket-chip/src/main/scala/rocket/Instructions.scala
vredminu.vs,Zvl32b,RV32;RV64,hdl,0,2,2,0,0,generators/rocket-chip/src/main/scala/rocket/Instructions.scala
vredor.vs,Zvl32b,RV32;RV64,hdl,0,2,2,0,0,generators/rocket-chip/src/main/scala/rocket/Instructions.scala
vredsum.vs,Zvl32b,RV32;RV64,hdl,0,2,2,0,0,generators/rocket-chip/src/main/scala/rocket/Instructions.scala
vredxor.vs,Zvl32b,RV32;RV64,hdl,0,2,2,0,0,generators/rocket-chip/src/main/scala/rocket/Instructions.scala
vrem.vv,Zvl32b,RV32;RV64,hdl,0,2,2,0,0,generators/rocket-chip/src/main/scala/rocket/Instructions.scala
vrem.vx,Zvl32b,RV32;RV64,hdl,0,2,2,0,0,generators/rocket-chip/src/main/scala/rocket/Instructions.scala
vremu.vv,Zvl32b,RV32;RV64,hdl,0,2,2,0,0,generators/rocket-chip/src/main/scala/rocket/Instructions.scala
vremu.vx,Zvl32b,RV32;RV64,hdl,0,2,2,0,0,generators/rocket-chip/src/main/scala/rocket/Instructions.scala
vrgather.vi,Zvl32b,RV32;RV64,hdl,0,2,2,0,0,generators/rocket-chip/src/main/scala/rocket/Instructions.scala
vrgather.vv,Zvl32b,RV32;RV64,hdl,0,2,2,0,0,generators/rocket-chip/src/main/scala/rocket/Instructions.scala
vrgather.vx,Zvl32b,RV32;RV64,hdl,0,2,2,0,0,generators/rocket-chip/src/main/scala/rocket/Instructions.scala
vrgatherei16.vv,Zvl32b,RV32;RV64,hdl,0,2,2,0,0,generators/rocket-chip/src/main/scala/rocket/Instructions.scala
vrsub.vi,Zvl32b,RV32;RV64,hdl,0,2,2,0,0,generators/rocket-chip/src/main/scala/rocket/Instructions.scala
vrsub.vx,Zvl32b,RV32;RV64,hdl,0,2,2,0,0,generators/rocket-chip/src/main/scala/rocket/Instructions.scala
vs1r.v,Zvl32b,RV32;RV64,hdl,0,2,2,0,0,generators/rocket-chip/src/main/scala/rocket/Instructions.scala
vs2r.v,Zvl32b,RV32;RV64,hdl,0,2,2,0,0,generators/rocket-chip/src/main/scala/rocket/Instructions.scala
vs4r.v,Zvl32b,RV32;RV64,hdl,0,2,2,0,0,generators/rocket-chip/src/main/scala/rocket/Instructions.scala
vs8r.v,Zvl32b,RV32;RV64,hdl,0,2,2,0,0,generators/rocket-chip/src/main/scala/rocket/Instructions.scala
vsadd.vi,Zvl32b,RV32;RV64,hdl,0,2,2,0,0,generators/rocket-chip/src/main/scala/rocket/Instructions.scala
vsadd.vv,Zvl32b,RV32;RV64,hdl,0,2,2,0,0,generators/rocket-chip/src/main/scala/rocket/Instructions.scala
vsadd.vx,Zvl32b,RV32;RV64,hdl,0,2,2,0,0,generators/rocket-chip/src/main/scala/rocket/Instructions.scala
vsaddu.vi,Zvl32b,RV32;RV64,hdl,0,2,2,0,0,generators/rocket-chip/src/main/scala/rocket/Instructions.scala
vsaddu.vv,Zvl32b,RV32;RV64,hdl,0,2,2,0,0,generators/rocket-chip/src/main/scala/rocket/Instructions.scala
vsaddu.vx,Zvl32b,RV32;RV64,hdl,0,2,2,0,0,generators/rocket-chip/src/main/scala/rocket/Instructions.scala
vsbc.vvm,Zvl32b,RV32;RV64,hdl,0,2,2,0,0,generators/rocket-chip/src/main/scala/rocket/Instructions.scala
vsbc.vxm,Zvl32b,RV32;RV64,hdl,0,2,2,0,0,generators/rocket-chip/src/main/scala/rocket/Instructions.scala
vse16.v,Zvl32b,RV32;RV64,hdl,0,2,2,0,0,generators/rocket-chip/src/main/scala/rocket/Instructions.scala
vse32.v,Zvl32b,RV32;RV64,hdl,0,2,2,0,0,generators/rocket-chip/src/main/scala/rocket/Instructions.scala
vse64.v,Zvl32b,RV32;RV64,hdl,0,2,2,0,0,generators/rocket-chip/src/main/scala/rocket/Instructions.scala
vse8.v,Zvl32b,RV32;RV64,hdl,0,2,2,0,0,generators/rocket-chip/src/main/scala/rocket/Instructions.scala
vsext.vf2,Zvl32b,RV32;RV64,hdl,0,2,2,0,0,generators/rocket-chip/src/main/scala/rocket/Instructions.scala
vsext.vf4,Zvl32b,RV32;RV64,hdl,0,2,2,0,0,generators/rocket-chip/src/main/scala/rocket/Instructions.scala
vsext.vf8,Zvl32b,RV32;RV64,hdl,0,2,2,0,0,generators/rocket-chip/src/main/scala/rocket/Instructions.scala
vslide1down.vx,Zvl32b,RV32;RV64,hdl,0,2,2,0,0,generators/rocket-chip/src/main/scala/rocket/Instructions.scala
vslide1up.vx,Zvl32b,RV32;RV64,hdl,0,2,2,0,0,generators/rocket-chip/src/main/scala/rocket/Instructions.scala
vslidedown.vi,Zvl32b,RV32;RV64,hdl,0,2,2,0,0,generators/rocket-chip/src/main/scala/rocket/Instructions.scala
vslidedown.vx,Zvl32b,RV32;RV64,hdl,0,2,2,0,0,generators/rocket-chip/src/main/scala/rocket/Instructions.scala
vslideup.vi,Zvl32b,RV32;RV64,hdl,0,2,2,0,0,generators/rocket-chip/src/main/scala/rocket/Instructions.scala
vslideup.vx,Zvl32b,RV32;RV64,hdl,0,2,2,0,0,generators/rocket-chip/src/main/scala/rocket/Instructions.scala
vsll.vi,Zvl32b,RV32;RV64,hdl,0,2,2,0,0,generators/rocket-chip/src/main/scala/rocket/Instructions.scala
vsll.vv,Zvl32b,RV32;RV64,hdl,0,2,2,0,0,generators/rocket-chip/src/main/scala/rocket/Instructions.scala
vsll.vx,Zvl32b,RV32;RV64,hdl,0,2,2,0,0,generators/rocket-chip/src/main/scala/rocket/Instructions.scala
vsm.v,Zvl32b,RV32;RV64,hdl,0,2,2,0,0,generators/rocket-chip/src/main/scala/rocket/Instructions.scala
vsmul.vv,Zvl32b,RV32;RV64,hdl,0,2,2,0,0,generators/rocket-chip/src/main/scala/rocket/Instructions.scala
vsmul.vx,Zvl32b,RV32;RV64,hdl,0,2,2,0,0,generators/rocket-chip/src/main/scala/rocket/Instructions.scala
vsoxei16.v,Zvl32b,RV32;RV64,hdl,0,2,2,0,0,generators/rocket-chip/src/main/scala/rocket/Instructions.scala
vsoxei32.v,Zvl32b,RV32;RV64,hdl,0,2,2,0,0,generators/rocket-chip/src/main/scala/rocket/Instructions.scala
vsoxei64.v,Zvl32b,RV32;RV64,hdl,0,2,2,0,0,generators/rocket-chip/src/main/scala/rocket/Instructions.scala
vsoxei8.v,Zvl32b,RV32;RV64,hdl,0,2,2,0,0,generators/rocket-chip/src/main/scala/rocket/Instructions.scala
vsra.vi,Zvl32b,RV32;RV64,hdl,0,2,2,0,0,generators/rocket-chip/src/main/scala/rocket/Instructions.scala
vsra.vv,Zvl32b,RV32;RV64,hdl,0,2,2,0,0,generators/rocket-chip/src/main/scala/rocket/Instructions.scala
vsra.vx,Zvl32b,RV32;RV64,hdl,0,2,2,0,0,generators/rocket-chip/src/main/scala/rocket/Instructions.scala
vsrl.vi,Zvl32b,RV32;RV64,hdl,0,2,2,0,0,generators/rocket-chip/src/main/scala/rocket/Instructions.scala
vsrl.vv,Zvl32b,RV32;RV64,hdl,0,2,2,0,0,generators/rocket-chip/src/main/scala/rocket/Instructions.scala
vsrl.vx,Zvl32b,RV32;RV64,hdl,0,2,2,0,0,generators/rocket-chip/src/main/scala/rocket/Instructions.scala
vsse16.v,Zvl32b,RV32;RV64,hdl,0,2,2,0,0,generators/rocket-chip/src/main/scala/rocket/Instructions.scala
vsse32.v,Zvl32b,RV32;RV64,hdl,0,2,2,0,0,generators/rocket-chip/src/main/scala/rocket/Instructions.scala
vsse64.v,Zvl32b,RV32;RV64,hdl,0,2,2,0,0,generators/rocket-chip/src/main/scala/rocket/Instructions.scala
vsse8.v,Zvl32b,RV32;RV64,hdl,0,2,2,0,0,generators/rocket-chip/src/main/scala/rocket/Instructions.scala
vssra.vi,Zvl32b,RV32;RV64,hdl,0,2,2,0,0,generators/rocket-chip/src/main/scala/rocket/Instructions.scala
vssra.vv,Zvl32b,RV32;RV64,hdl,0,2,2,0,0,generators/rocket-chip/src/main/scala/rocket/Instructions.scala
vssra.vx,Zvl32b,RV32;RV64,hdl,0,2,2,0,0,generators/rocket-chip/src/main/scala/rocket/Instructions.scala
vssrl.vi,Zvl32b,RV32;RV64,hdl,0,2,2,0,0,generators/rocket-chip/src/main/scala/rocket/Instructions.scala
vssrl.vv,Zvl32b,RV32;RV64,hdl,0,2,2,0,0,generators/rocket-chip/src/main/scala/rocket/Instructions.scala
vssrl.vx,Zvl32b,RV32;RV64,hdl,0,2,2,0,0,generators/rocket-chip/src/main/scala/rocket/Instructions.scala
vssub.vv,Zvl32b,RV32;RV64,hdl,0,2,2,0,0,generators/rocket-chip/src/main/scala/rocket/Instructions.scala
vssub.vx,Zvl32b,RV32;RV64,hdl,0,2,2,0,0,generators/rocket-chip/src/main/scala/rocket/Instructions.scala
vssubu.vv,Zvl32b,RV32;RV64,hdl,0,2,2,0,0,generators/rocket-chip/src/main/scala/rocket/Instructions.scala
vssubu.vx,Zvl32b,RV32;RV64,hdl,0,2,2,0,0,generators/rocket-chip/src/main/scala/rocket/Instructions.scala
vsub.vv,Zvl32b,RV32;RV64,hdl,0,2,2,0,0,generators/rocket-chip/src/main/scala/rocket/Instructions.scala
vsub.vx,Zvl32b,RV32;RV64,hdl,0,2,2,0,0,generators/rocket-chip/src/main/scala/rocket/Instructions.scala
vsuxei16.v,Zvl32b,RV32;RV64,hdl,0,2,2,0,0,generators/rocket-chip/src/main/scala/rocket/Instructions.scala
vsuxei32.v,Zvl32b,RV32;RV64,hdl,0,2,2,0,0,generators/rocket-chip/src/main/scala/rocket/Instructions.scala
vsuxei64.v,Zvl32b,RV32;RV64,hdl,0,2,2,0,0,generators/rocket-chip/src/main/scala/rocket/Instructions.scala
vsuxei8.v,Zvl32b,RV32;RV64,hdl,0,2,2,0,0,generators/rocket-chip/src/main/scala/rocket/Instructions.scala
vwadd.vv,Zvl32b,RV32;RV64,hdl,0,2,2,0,0,generators/rocket-chip/src/main/scala/rocket/Instructions.scala
vwadd.vx,Zvl32b,RV32;RV64,hdl,0,2,2,0,0,generators/rocket-chip/src/main/scala/rocket/Instructions.scala
vwadd.wv,Zvl32b,RV32;RV64,hdl,0,2,2,0,0,generators/rocket-chip/src/main/scala/rocket/Instructions.scala
vwadd.wx,Zvl32b,RV32;RV64,hdl,0,2,2,0,0,generators/rocket-chip/src/main/scala/rocket/Instructions.scala
vwaddu.vv,Zvl32b,RV32;RV64,hdl,0,2,2,0,0,generators/rocket-chip/src/main/scala/rocket/Instructions.scala
vwaddu.vx,Zvl32b,RV32;RV64,hdl,0,2,2,0,0,generators/rocket-chip/src/main/scala/rocket/Instructions.scala
vwaddu.wv,Zvl32b,RV32;RV64,hdl,0,2,2,0,0,generators/rocket-chip/src/main/scala/rocket/Instructions.scala
vwaddu.wx,Zvl32b,RV32;RV64,hdl,0,2,2,0,0,generators/rocket-chip/src/main/scala/rocket/Instructions.scala
vwmacc.vv,Zvl32b,RV32;RV64,hdl,0,2,2,0,0,generators/rocket-chip/src/main/scala/rocket/Instructions.scala
vwmacc.vx,Zvl32b,RV32;RV64,hdl,0,2,2,0,0,generators/rocket-chip/src/main/scala/rocket/Instructions.scala
vwmaccsu.vv,Zvl32b,RV32;RV64,hdl,0,2,2,0,0,generators/rocket-chip/src/main/scala/rocket/Instructions.scala
vwmaccsu.vx,Zvl32b,RV32;RV64,hdl,0,2,2,0,0,generators/rocket-chip/src/main/scala/rocket/Instructions.scala
vwmaccu.vv,Zvl32b,RV32;RV64,hdl,0,2,2,0,0,generators/rocket-chip/src/main/scala/rocket/Instructions.scala
vwmaccu.vx,Zvl32b,RV32;RV64,hdl,0,2,2,0,0,generators/rocket-chip/src/main/scala/rocket/Instructions.scala
vwmaccus.vx,Zvl32b,RV32;RV64,hdl,0,2,2,0,0,generators/rocket-chip/src/main/scala/rocket/Instructions.scala
vwmul.vv,Zvl32b,RV32;RV64,hdl,0,2,2,0,0,generators/rocket-chip/src/main/scala/rocket/Instructions.scala
vwmul.vx,Zvl32b,RV32;RV64,hdl,0,2,2,0,0,generators/rocket-chip/src/main/scala/rocket/Instructions.scala
vwmulsu.vv,Zvl32b,RV32;RV64,hdl,0,2,2,0,0,generators/rocket-chip/src/main/scala/rocket/Instructions.scala
vwmulsu.vx,Zvl32b,RV32;RV64,hdl,0,2,2,0,0,generators/rocket-chip/src/main/scala/rocket/Instructions.scala
vwmulu.vv,Zvl32b,RV32;RV64,hdl,0,2,2,0,0,generators/rocket-chip/src/main/scala/rocket/Instructions.scala
vwmulu.vx,Zvl32b,RV32;RV64,hdl,0,2,2,0,0,generators/rocket-chip/src/main/scala/rocket/Instructions.scala
vwredsum.vs,Zvl32b,RV32;RV64,hdl,0,2,2,0,0,generators/rocket-chip/src/main/scala/rocket/Instructions.scala
vwredsumu.vs,Zvl32b,RV32;RV64,hdl,0,2,2,0,0,generators/rocket-chip/src/main/scala/rocket/Instructions.scala
vwsub.vv,Zvl32b,RV32;RV64,hdl,0,2,2,0,0,generators/rocket-chip/src/main/scala/rocket/Instructions.scala
vwsub.vx,Zvl32b,RV32;RV64,hdl,0,2,2,0,0,generators/rocket-chip/src/main/scala/rocket/Instructions.scala
vwsub.wv,Zvl32b,RV32;RV64,hdl,0,2,2,0,0,generators/rocket-chip/src/main/scala/rocket/Instructions.scala
vwsub.wx,Zvl32b,RV32;RV64,hdl,0,2,2,0,0,generators/rocket-chip/src/main/scala/rocket/Instructions.scala
vwsubu.vv,Zvl32b,RV32;RV64,hdl,0,2,2,0,0,generators/rocket-chip/src/main/scala/rocket/Instructions.scala
vwsubu.vx,Zvl32b,RV32;RV64,hdl,0,2,2,0,0,generators/rocket-chip/src/main/scala/rocket/Instructions.scala
vwsubu.wv,Zvl32b,RV32;RV64,hdl,0,2,2,0,0,generators/rocket-chip/src/main/scala/rocket/Instructions.scala
vwsubu.wx,Zvl32b,RV32;RV64,hdl,0,2,2,0,0,generators/rocket-chip/src/main/scala/rocket/Instructions.scala
vxor.vi,Zvl32b,RV32;RV64,hdl,0,2,2,0,0,generators/rocket-chip/src/main/scala/rocket/Instructions.scala
vxor.vv,Zvl32b,RV32;RV64,hdl,0,2,2,0,0,generators/rocket-chip/src/main/scala/rocket/Instructions.scala
vxor.vx,Zvl32b,RV32;RV64,hdl,0,2,2,0,0,generators/rocket-chip/src/main/scala/rocket/Instructions.scala
vzext.vf2,Zvl32b,RV32;RV64,hdl,0,2,2,0,0,generators/rocket-chip/src/main/scala/rocket/Instructions.scala
vzext.vf4,Zvl32b,RV32;RV64,hdl,0,2,2,0,0,generators/rocket-chip/src/main/scala/rocket/Instructions.scala
vzext.vf8,Zvl32b,RV32;RV64,hdl,0,2,2,0,0,generators/rocket-chip/src/main/scala/rocket/Instructions.scala
xperm4,Zbkx,RV32;RV64,hdl,0,2,2,0,0,generators/rocket-chip/src/main/scala/rocket/Instructions.scala
xperm8,Zbkx,RV32;RV64,hdl,0,2,2,0,0,generators/rocket-chip/src/main/scala/rocket/Instructions.scala
amoswap.w.aq,Zaamo,RV32;RV64,asm,1,0,0,0,0,software/baremetal-ide/driver/htif/atomic.h
amoswap.w.rl,Zaamo,RV32;RV64,asm,1,0,0,0,0,software/baremetal-ide/driver/htif/atomic.h
c.add,Zca,RV32;RV64,hdl,0,1,1,0,0,generators/rocket-chip/src/main/scala/rocket/Instructions.scala
c.addi,Zca,RV32;RV64,hdl,0,1,1,0,0,generators/rocket-chip/src/main/scala/rocket/Instructions.scala
c.addi16sp,Zca,RV32;RV64,hdl,0,1,1,0,0,generators/rocket-chip/src/main/scala/rocket/Instructions.scala
c.addi4spn,Zca,RV32;RV64,hdl,0,1,1,0,0,generators/rocket-chip/src/main/scala/rocket/Instructions.scala
c.addiw,C,RV64,hdl,0,1,1,0,0,generators/rocket-chip/src/main/scala/rocket/Instructions.scala
c.addw,C,RV64,hdl,0,1,1,0,0,generators/rocket-chip/src/main/scala/rocket/Instructions.scala
c.and,Zca,RV32;RV64,hdl,0,1,1,0,0,generators/rocket-chip/src/main/scala/rocket/Instructions.scala
c.andi,Zca,RV32;RV64,hdl,0,1,1,0,0,generators/rocket-chip/src/main/scala/rocket/Instructions.scala
c.beqz,Zca,RV32;RV64,hdl,0,1,1,0,0,generators/rocket-chip/src/main/scala/rocket/Instructions.scala
c.bnez,Zca,RV32;RV64,hdl,0,1,1,0,0,generators/rocket-chip/src/main/scala/rocket/Instructions.scala
c.ebreak,Zca,RV32;RV64,hdl,0,1,1,0,0,generators/rocket-chip/src/main/scala/rocket/Instructions.scala
c.fld,Zcd,RV32;RV64,hdl,0,1,1,0,0,generators/rocket-chip/src/main/scala/rocket/Instructions.scala
c.fldsp,Zcd,RV32;RV64,hdl,0,1,1,0,0,generators/rocket-chip/src/main/scala/rocket/Instructions.scala
c.flw,Zcf,RV32,hdl,0,1,1,0,0,generators/rocket-chip/src/main/scala/rocket/Instructions32.scala
c.flwsp,Zcf,RV32,hdl,0,1,1,0,0,generators/rocket-chip/src/main/scala/rocket/Instructions32.scala
c.fsd,Zcd,RV32;RV64,hdl,0,1,1,0,0,generators/rocket-chip/src/main/scala/rocket/Instructions.scala
c.fsdsp,Zcd,RV32;RV64,hdl,0,1,1,0,0,generators/rocket-chip/src/main/scala/rocket/Instructions.scala
c.fsw,Zcf,RV32,hdl,0,1,1,0,0,generators/rocket-chip/src/main/scala/rocket/Instructions32.scala
c.fswsp,Zcf,RV32,hdl,0,1,1,0,0,generators/rocket-chip/src/main/scala/rocket/Instructions32.scala
c.jal,C,RV32,hdl,0,1,1,0,0,generators/rocket-chip/src/main/scala/rocket/Instructions32.scala
c.jalr,Zca,RV32;RV64,hdl,0,1,1,0,0,generators/rocket-chip/src/main/scala/rocket/Instructions.scala
c.jr,Zca,RV32;RV64,hdl,0,1,1,0,0,generators/rocket-chip/src/main/scala/rocket/Instructions.scala
c.ld,C,RV64,hdl,0,1,1,0,0,generators/rocket-chip/src/main/scala/rocket/Instructions.scala
c.ldsp,C,RV32;RV64,hdl,0,1,1,0,0,generators/rocket-chip/src/main/scala/rocket/Instructions.scala
c.lui,Zca,RV32;RV64,hdl,0,1,1,0,0,generators/rocket-chip/src/main/scala/rocket/Instructions.scala
c.lw,Zca,RV32;RV64,hdl,0,1,1,0,0,generators/rocket-chip/src/main/scala/rocket/Instructions.scala
c.lwsp,Zca,RV32;RV64,hdl,0,1,1,0,0,generators/rocket-chip/src/main/scala/rocket/Instructions.scala
c.mv,Zca,RV32;RV64,hdl,0,1,1,0,0,generators/rocket-chip/src/main/scala/rocket/Instructions.scala
c.nop,Zca,RV32;RV64,hdl,0,1,1,0,0,generators/rocket-chip/src/main/scala/rocket/Instructions.scala
c.or,Zca,RV32;RV64,hdl,0,1,1,0,0,generators/rocket-chip/src/main/scala/rocket/Instructions.scala
c.sd,C,RV64,hdl,0,1,1,0,0,generators/rocket-chip/src/main/scala/rocket/Instructions.scala
c.sdsp,C,RV64,hdl,0,1,1,0,0,generators/rocket-chip/src/main/scala/rocket/Instructions.scala
c.sub,Zca,RV32;RV64,hdl,0,1,1,0,0,generators/rocket-chip/src/main/scala/rocket/Instructions.scala
c.subw,C,RV64,hdl,0,1,1,0,0,generators/rocket-chip/src/main/scala/rocket/Instructions.scala
c.sw,Zca,RV32;RV64,hdl,0,1,1,0,0,generators/rocket-chip/src/main/scala/rocket/Instructions.scala
c.swsp,Zca,RV32;RV64,hdl,0,1,1,0,0,generators/rocket-chip/src/main/scala/rocket/Instructions.scala
c.xor,Zca,RV32;RV64,hdl,0,1,1,0,0,generators/rocket-chip/src/main/scala/rocket/Instructions.scala
